Started GET "/" for 127.0.0.1 at 2026-04-05 16:44:13 -0300
  [1m[35m (0.3ms)[0m  [1m[35mCREATE TABLE "schema_migrations" ("version" varchar NOT NULL PRIMARY KEY)[0m
  [1m[35m (0.1ms)[0m  [1m[35mCREATE TABLE "ar_internal_metadata" ("key" varchar NOT NULL PRIMARY KEY, "value" varchar, "created_at" datetime(6) NOT NULL, "updated_at" datetime(6) NOT NULL)[0m
  [1m[36mActiveRecord::SchemaMigration Load (0.0ms)[0m  [1m[34mSELECT "schema_migrations"."version" FROM "schema_migrations" ORDER BY "schema_migrations"."version" ASC[0m
Processing by HomeController#index as */*
  Rendering layout layouts/application.html.erb
  Rendering home/index.html.erb within layouts/application
  Rendered home/index.html.erb within layouts/application (Duration: 0.2ms | Allocations: 201)
  Rendered layout layouts/application.html.erb (Duration: 757.8ms | Allocations: 111990)
Completed 200 OK in 787ms (Views: 764.9ms | ActiveRecord: 0.0ms | Allocations: 119370)


Started GET "/login" for 127.0.0.1 at 2026-04-05 16:45:52 -0300
  
ActionController::RoutingError (No route matches [GET] "/login"):
  
  [1m[36mActiveRecord::SchemaMigration Load (0.1ms)[0m  [1m[34mSELECT "schema_migrations"."version" FROM "schema_migrations" ORDER BY "schema_migrations"."version" ASC[0m
  [1m[36mActiveRecord::SchemaMigration Load (0.0ms)[0m  [1m[34mSELECT "schema_migrations"."version" FROM "schema_migrations" ORDER BY "schema_migrations"."version" ASC[0m
Started GET "/login" for 127.0.0.1 at 2026-04-05 16:51:33 -0300
  
ActionController::RoutingError (No route matches [GET] "/login"):
  
Started GET "/login" for ::1 at 2026-04-05 16:53:37 -0300
  [1m[36mActiveRecord::SchemaMigration Load (0.2ms)[0m  [1m[34mSELECT "schema_migrations"."version" FROM "schema_migrations" ORDER BY "schema_migrations"."version" ASC[0m
  
ActionController::RoutingError (No route matches [GET] "/login"):
  
Started GET "/login" for ::1 at 2026-04-05 16:53:39 -0300
  
ActionController::RoutingError (No route matches [GET] "/login"):
  
Started GET "/login" for ::1 at 2026-04-05 16:53:40 -0300
  
ActionController::RoutingError (No route matches [GET] "/login"):
  
Started GET "/" for 127.0.0.1 at 2026-04-05 16:53:52 -0300
Processing by HomeController#index as HTML
  Rendering layout layouts/application.html.erb
  Rendering home/index.html.erb within layouts/application
  Rendered home/index.html.erb within layouts/application (Duration: 0.2ms | Allocations: 119)
  Rendered layout layouts/application.html.erb (Duration: 794.6ms | Allocations: 113094)
Completed 200 OK in 802ms (Views: 796.4ms | ActiveRecord: 0.0ms | Allocations: 115580)


Started GET "/" for 127.0.0.1 at 2026-04-05 16:57:41 -0300
Processing by HomeController#index as HTML
  Rendering layout layouts/application.html.erb
  Rendering home/index.html.erb within layouts/application
  Rendered shared/_landing_header.html.erb (Duration: 0.4ms | Allocations: 454)
  Rendered home/index.html.erb within layouts/application (Duration: 1.2ms | Allocations: 876)
  Rendered layout layouts/application.html.erb (Duration: 23.2ms | Allocations: 28664)
Completed 200 OK in 26ms (Views: 24.7ms | ActiveRecord: 0.0ms | Allocations: 29753)


Started GET "/" for 127.0.0.1 at 2026-04-05 16:58:25 -0300
Processing by HomeController#index as HTML
  Rendering layout layouts/application.html.erb
  Rendering home/index.html.erb within layouts/application
  Rendered shared/_landing_header.html.erb (Duration: 0.4ms | Allocations: 416)
  Rendered home/index.html.erb within layouts/application (Duration: 1.4ms | Allocations: 824)
  Rendered layout layouts/application.html.erb (Duration: 13.6ms | Allocations: 25299)
Completed 200 OK in 17ms (Views: 15.4ms | ActiveRecord: 0.0ms | Allocations: 26371)


Started GET "/" for 127.0.0.1 at 2026-04-05 17:06:21 -0300
Processing by HomeController#index as HTML
  Rendering layout layouts/application.html.erb
  Rendering home/index.html.erb within layouts/application
  Rendered shared/_landing_header.html.erb (Duration: 0.4ms | Allocations: 414)
  Rendered shared/_flashcard_flip.html.erb (Duration: 0.6ms | Allocations: 1909)
  Rendered home/index.html.erb within layouts/application (Duration: 2.7ms | Allocations: 2894)
  Rendered layout layouts/application.html.erb (Duration: 2.7ms | Allocations: 2981)
Completed 500 Internal Server Error in 6ms (ActiveRecord: 0.0ms | Allocations: 4044)


  
ActionView::Template::Error (unknown local: :card_id):
  
app/views/home/index.html.erb:67
Started GET "/" for 127.0.0.1 at 2026-04-05 17:07:57 -0300
Processing by HomeController#index as HTML
  Rendering layout layouts/application.html.erb
  Rendering home/index.html.erb within layouts/application
  Rendered shared/_landing_header.html.erb (Duration: 0.4ms | Allocations: 414)
  Rendered shared/_flashcard_flip.html.erb (Duration: 8.0ms | Allocations: 5079)
  Rendered home/index.html.erb within layouts/application (Duration: 9.7ms | Allocations: 6050)
  Rendered layout layouts/application.html.erb (Duration: 9.7ms | Allocations: 6137)
Completed 500 Internal Server Error in 13ms (ActiveRecord: 0.0ms | Allocations: 7191)


  
ActionView::Template::Error (undefined local variable or method `local_assigns' for #<ActionView::Base:0x000000000186c8>

 show_stack = local_assigns.fetch(:show_stack, true) 
              ^^^^^^^^^^^^^
Did you mean?  localize):
    1: <%# locals: (front_text:, back_text:, show_stack: true, wrapper_class: nil, card_id: nil) %>
    2: <% show_stack = local_assigns.fetch(:show_stack, true) %>
    3: <% wrapper_class = local_assigns.fetch(:wrapper_class, nil) %>
    4: <% cid = card_id.presence || "flashcard-#{SecureRandom.hex(4)}" %>
    5: <div class="<%= ["relative", wrapper_class].compact.join(" ") %>">
  
app/views/shared/_flashcard_flip.html.erb:2
app/views/home/index.html.erb:67
Started GET "/" for 127.0.0.1 at 2026-04-05 17:07:58 -0300
Processing by HomeController#index as HTML
  Rendering layout layouts/application.html.erb
  Rendering home/index.html.erb within layouts/application
  Rendered shared/_landing_header.html.erb (Duration: 0.2ms | Allocations: 92)
  Rendered shared/_flashcard_flip.html.erb (Duration: 14.3ms | Allocations: 4758)
  Rendered home/index.html.erb within layouts/application (Duration: 15.0ms | Allocations: 4999)
  Rendered layout layouts/application.html.erb (Duration: 15.1ms | Allocations: 5082)
Completed 500 Internal Server Error in 17ms (ActiveRecord: 0.0ms | Allocations: 5333)


  
ActionView::Template::Error (undefined local variable or method `local_assigns' for #<ActionView::Base:0x000000000189c0>

 show_stack = local_assigns.fetch(:show_stack, true) 
              ^^^^^^^^^^^^^
Did you mean?  localize):
    1: <%# locals: (front_text:, back_text:, show_stack: true, wrapper_class: nil, card_id: nil) %>
    2: <% show_stack = local_assigns.fetch(:show_stack, true) %>
    3: <% wrapper_class = local_assigns.fetch(:wrapper_class, nil) %>
    4: <% cid = card_id.presence || "flashcard-#{SecureRandom.hex(4)}" %>
    5: <div class="<%= ["relative", wrapper_class].compact.join(" ") %>">
  
app/views/shared/_flashcard_flip.html.erb:2
app/views/home/index.html.erb:67
  Rendering layout layouts/application.html.erb
  Rendering home/index.html.erb within layouts/application
  Rendered shared/_landing_header.html.erb (Duration: 0.4ms | Allocations: 535)
  Rendered shared/_flashcard_flip.html.erb (Duration: 0.2ms | Allocations: 295)
  Rendered home/index.html.erb within layouts/application (Duration: 1.5ms | Allocations: 1518)
  Rendered layout layouts/application.html.erb (Duration: 81.5ms | Allocations: 60688)
Started GET "/" for 127.0.0.1 at 2026-04-05 17:10:33 -0300
Processing by HomeController#index as HTML
  Rendering layout layouts/application.html.erb
  Rendering home/index.html.erb within layouts/application
  Rendered shared/_landing_header.html.erb (Duration: 0.4ms | Allocations: 414)
  Rendered shared/_flashcard_flip.html.erb (Duration: 0.3ms | Allocations: 282)
  Rendered home/index.html.erb within layouts/application (Duration: 1.7ms | Allocations: 1253)
  Rendered layout layouts/application.html.erb (Duration: 36.6ms | Allocations: 53413)
Completed 200 OK in 39ms (Views: 38.1ms | ActiveRecord: 0.0ms | Allocations: 54485)


Started GET "/" for 127.0.0.1 at 2026-04-05 17:11:31 -0300
Processing by HomeController#index as HTML
  Rendering layout layouts/application.html.erb
  Rendering home/index.html.erb within layouts/application
  Rendered shared/_landing_header.html.erb (Duration: 0.2ms | Allocations: 92)
  Rendered shared/_flashcard_flip.html.erb (Duration: 0.0ms | Allocations: 18)
  Rendered home/index.html.erb within layouts/application (Duration: 0.4ms | Allocations: 259)
  Rendered layout layouts/application.html.erb (Duration: 3.9ms | Allocations: 2191)
Completed 200 OK in 6ms (Views: 4.5ms | ActiveRecord: 0.0ms | Allocations: 2453)


  Rendering layout layouts/application.html.erb
  Rendering home/index.html.erb within layouts/application
  Rendered shared/_landing_header.html.erb (Duration: 0.3ms | Allocations: 535)
  Rendered shared/_flashcard_flip.html.erb (Duration: 0.3ms | Allocations: 365)
  Rendered home/index.html.erb within layouts/application (Duration: 1.5ms | Allocations: 1621)
  Rendered layout layouts/application.html.erb (Duration: 69.0ms | Allocations: 58877)
Started GET "/" for 127.0.0.1 at 2026-04-05 17:13:08 -0300
Processing by HomeController#index as HTML
  Rendering layout layouts/application.html.erb
  Rendering home/index.html.erb within layouts/application
  Rendered shared/_landing_header.html.erb (Duration: 0.3ms | Allocations: 414)
  Rendered shared/_flashcard_flip.html.erb (Duration: 0.3ms | Allocations: 340)
  Rendered home/index.html.erb within layouts/application (Duration: 1.7ms | Allocations: 1344)
  Rendered layout layouts/application.html.erb (Duration: 19.9ms | Allocations: 30918)
Completed 200 OK in 22ms (Views: 21.1ms | ActiveRecord: 0.0ms | Allocations: 31990)


  Rendering layout layouts/application.html.erb
  Rendering home/index.html.erb within layouts/application
  Rendered shared/_landing_header.html.erb (Duration: 0.3ms | Allocations: 535)
  Rendered shared/_flashcard_flip.html.erb (Duration: 0.3ms | Allocations: 464)
  Rendered home/index.html.erb within layouts/application (Duration: 1.5ms | Allocations: 1720)
  Rendered layout layouts/application.html.erb (Duration: 73.2ms | Allocations: 60151)
Started GET "/" for 127.0.0.1 at 2026-04-05 17:15:31 -0300
Processing by HomeController#index as HTML
  Rendering layout layouts/application.html.erb
  Rendering home/index.html.erb within layouts/application
  Rendered shared/_landing_header.html.erb (Duration: 0.5ms | Allocations: 414)
  Rendered shared/_flashcard_flip.html.erb (Duration: 0.5ms | Allocations: 436)
  Rendered home/index.html.erb within layouts/application (Duration: 2.6ms | Allocations: 1437)
  Rendered layout layouts/application.html.erb (Duration: 28.8ms | Allocations: 32315)
Completed 200 OK in 32ms (Views: 30.9ms | ActiveRecord: 0.0ms | Allocations: 33387)


Started GET "/" for 127.0.0.1 at 2026-04-05 17:17:37 -0300
Processing by HomeController#index as HTML
  Rendering layout layouts/application.html.erb
  Rendering home/index.html.erb within layouts/application
  Rendered shared/_landing_header.html.erb (Duration: 0.4ms | Allocations: 414)
  Rendered shared/_flashcard_flip.html.erb (Duration: 0.4ms | Allocations: 433)
  Rendered home/index.html.erb within layouts/application (Duration: 1.8ms | Allocations: 1438)
  Rendered layout layouts/application.html.erb (Duration: 11.6ms | Allocations: 29644)
Completed 200 OK in 17ms (Views: 16.1ms | ActiveRecord: 0.0ms | Allocations: 30717)


  Rendering layout layouts/application.html.erb
  Rendering home/index.html.erb within layouts/application
  Rendered shared/_landing_header.html.erb (Duration: 0.3ms | Allocations: 535)
  Rendered shared/_flashcard_flip.html.erb (Duration: 0.4ms | Allocations: 468)
  Rendered home/index.html.erb within layouts/application (Duration: 1.6ms | Allocations: 1724)
  Rendered layout layouts/application.html.erb (Duration: 71.9ms | Allocations: 59049)
Started GET "/" for 127.0.0.1 at 2026-04-05 17:17:48 -0300
Processing by HomeController#index as HTML
  Rendering layout layouts/application.html.erb
  Rendering home/index.html.erb within layouts/application
  Rendered shared/_landing_header.html.erb (Duration: 0.3ms | Allocations: 92)
  Rendered shared/_flashcard_flip.html.erb (Duration: 0.1ms | Allocations: 32)
  Rendered home/index.html.erb within layouts/application (Duration: 0.8ms | Allocations: 283)
  Rendered layout layouts/application.html.erb (Duration: 19.5ms | Allocations: 3542)
Completed 200 OK in 23ms (Views: 20.6ms | ActiveRecord: 0.0ms | Allocations: 3804)


  Rendering layout layouts/application.html.erb
  Rendering home/index.html.erb within layouts/application
  Rendered shared/_landing_header.html.erb (Duration: 0.3ms | Allocations: 535)
  Rendered shared/_flashcard_flip.html.erb (Duration: 0.3ms | Allocations: 468)
  Rendered home/index.html.erb within layouts/application (Duration: 1.3ms | Allocations: 1724)
  Rendered layout layouts/application.html.erb (Duration: 72.5ms | Allocations: 60356)
Started GET "/" for 127.0.0.1 at 2026-04-05 17:19:44 -0300
Processing by HomeController#index as HTML
  Rendering layout layouts/application.html.erb
  Rendering home/index.html.erb within layouts/application
  Rendered shared/_landing_header.html.erb (Duration: 0.4ms | Allocations: 414)
  Rendered shared/_flashcard_flip.html.erb (Duration: 0.3ms | Allocations: 432)
  Rendered home/index.html.erb within layouts/application (Duration: 1.8ms | Allocations: 1429)
  Rendered layout layouts/application.html.erb (Duration: 18.8ms | Allocations: 32346)
Completed 200 OK in 21ms (Views: 20.0ms | ActiveRecord: 0.0ms | Allocations: 33418)


Started GET "/" for 127.0.0.1 at 2026-04-05 17:19:50 -0300
Processing by HomeController#index as HTML
  Rendering layout layouts/application.html.erb
  Rendering home/index.html.erb within layouts/application
  Rendered shared/_landing_header.html.erb (Duration: 0.3ms | Allocations: 92)
  Rendered shared/_flashcard_flip.html.erb (Duration: 0.1ms | Allocations: 32)
  Rendered home/index.html.erb within layouts/application (Duration: 1.1ms | Allocations: 283)
  Rendered layout layouts/application.html.erb (Duration: 8.3ms | Allocations: 2224)
Completed 200 OK in 11ms (Views: 9.1ms | ActiveRecord: 0.0ms | Allocations: 2486)


  Rendering layout layouts/application.html.erb
  Rendering home/index.html.erb within layouts/application
  Rendered shared/_landing_header.html.erb (Duration: 0.4ms | Allocations: 535)
  Rendered shared/_flashcard_flip.html.erb (Duration: 0.4ms | Allocations: 468)
  Rendered home/index.html.erb within layouts/application (Duration: 1.8ms | Allocations: 1724)
  Rendered layout layouts/application.html.erb (Duration: 84.0ms | Allocations: 59519)
Started GET "/" for 127.0.0.1 at 2026-04-05 17:21:07 -0300
Processing by HomeController#index as HTML
  Rendering layout layouts/application.html.erb
  Rendering home/index.html.erb within layouts/application
  Rendered shared/_landing_header.html.erb (Duration: 0.3ms | Allocations: 414)
  Rendered shared/_flashcard_flip.html.erb (Duration: 0.3ms | Allocations: 432)
  Rendered home/index.html.erb within layouts/application (Duration: 1.7ms | Allocations: 1433)
  Rendered layout layouts/application.html.erb (Duration: 17.9ms | Allocations: 31113)
Completed 200 OK in 21ms (Views: 19.5ms | ActiveRecord: 0.0ms | Allocations: 32185)


Started GET "/" for 127.0.0.1 at 2026-04-05 17:23:21 -0300
Processing by HomeController#index as HTML
  Rendering layout layouts/application.html.erb
  Rendering home/index.html.erb within layouts/application
  Rendered shared/_landing_header.html.erb (Duration: 0.5ms | Allocations: 414)
  Rendered shared/_flashcard_flip.html.erb (Duration: 0.4ms | Allocations: 431)
  Rendered home/index.html.erb within layouts/application (Duration: 2.1ms | Allocations: 1430)
  Rendered layout layouts/application.html.erb (Duration: 21.3ms | Allocations: 31137)
Completed 200 OK in 25ms (Views: 23.1ms | ActiveRecord: 0.0ms | Allocations: 32210)


  Rendering layout layouts/application.html.erb
  Rendering home/index.html.erb within layouts/application
  Rendered shared/_landing_header.html.erb (Duration: 0.4ms | Allocations: 535)
  Rendered shared/_flashcard_flip.html.erb (Duration: 0.3ms | Allocations: 468)
  Rendered home/index.html.erb within layouts/application (Duration: 1.6ms | Allocations: 1725)
  Rendered layout layouts/application.html.erb (Duration: 82.7ms | Allocations: 59690)
Started GET "/" for 127.0.0.1 at 2026-04-05 17:23:31 -0300
Processing by HomeController#index as HTML
  Rendering layout layouts/application.html.erb
  Rendering home/index.html.erb within layouts/application
  Rendered shared/_landing_header.html.erb (Duration: 0.2ms | Allocations: 92)
  Rendered shared/_flashcard_flip.html.erb (Duration: 0.1ms | Allocations: 32)
  Rendered home/index.html.erb within layouts/application (Duration: 0.5ms | Allocations: 283)
  Rendered layout layouts/application.html.erb (Duration: 4.8ms | Allocations: 2216)
Completed 200 OK in 7ms (Views: 5.4ms | ActiveRecord: 0.0ms | Allocations: 2478)


  Rendering layout layouts/application.html.erb
  Rendering home/index.html.erb within layouts/application
  Rendered shared/_landing_header.html.erb (Duration: 0.4ms | Allocations: 535)
  Rendered shared/_flashcard_flip.html.erb (Duration: 0.4ms | Allocations: 468)
  Rendered home/index.html.erb within layouts/application (Duration: 1.7ms | Allocations: 1724)
  Rendered layout layouts/application.html.erb (Duration: 105.5ms | Allocations: 53812)
Started GET "/" for 127.0.0.1 at 2026-04-05 17:24:26 -0300
Processing by HomeController#index as HTML
  Rendering layout layouts/application.html.erb
  Rendering home/index.html.erb within layouts/application
  Rendered shared/_landing_header.html.erb (Duration: 0.4ms | Allocations: 414)
  Rendered shared/_flashcard_flip.html.erb (Duration: 0.4ms | Allocations: 431)
  Rendered home/index.html.erb within layouts/application (Duration: 2.1ms | Allocations: 1432)
  Rendered layout layouts/application.html.erb (Duration: 16.5ms | Allocations: 29620)
Completed 200 OK in 20ms (Views: 18.4ms | ActiveRecord: 0.0ms | Allocations: 30693)


  Rendering layout layouts/application.html.erb
  Rendering home/index.html.erb within layouts/application
  Rendered shared/_landing_header.html.erb (Duration: 0.4ms | Allocations: 535)
  Rendered shared/_flashcard_flip.html.erb (Duration: 0.4ms | Allocations: 468)
  Rendered home/index.html.erb within layouts/application (Duration: 1.8ms | Allocations: 1724)
  Rendered layout layouts/application.html.erb (Duration: 74.9ms | Allocations: 53811)
Started GET "/" for 127.0.0.1 at 2026-04-05 17:25:10 -0300
Processing by HomeController#index as HTML
  Rendering layout layouts/application.html.erb
  Rendering home/index.html.erb within layouts/application
  Rendered shared/_landing_header.html.erb (Duration: 0.2ms | Allocations: 92)
  Rendered shared/_flashcard_flip.html.erb (Duration: 0.1ms | Allocations: 32)
  Rendered home/index.html.erb within layouts/application (Duration: 0.6ms | Allocations: 283)
  Rendered layout layouts/application.html.erb (Duration: 26.6ms | Allocations: 28046)
Completed 200 OK in 29ms (Views: 27.1ms | ActiveRecord: 0.0ms | Allocations: 28309)


  Rendering layout layouts/application.html.erb
  Rendering home/index.html.erb within layouts/application
  Rendered shared/_landing_header.html.erb (Duration: 0.5ms | Allocations: 535)
  Rendered shared/_flashcard_flip.html.erb (Duration: 0.4ms | Allocations: 468)
  Rendered home/index.html.erb within layouts/application (Duration: 2.5ms | Allocations: 1724)
  Rendered layout layouts/application.html.erb (Duration: 87.6ms | Allocations: 59625)
Started GET "/" for 127.0.0.1 at 2026-04-05 17:26:09 -0300
Processing by HomeController#index as HTML
  Rendering layout layouts/application.html.erb
  Rendering home/index.html.erb within layouts/application
  Rendered shared/_landing_header.html.erb (Duration: 0.2ms | Allocations: 92)
  Rendered shared/_flashcard_flip.html.erb (Duration: 0.1ms | Allocations: 32)
  Rendered home/index.html.erb within layouts/application (Duration: 0.4ms | Allocations: 283)
  Rendered layout layouts/application.html.erb (Duration: 19.6ms | Allocations: 29350)
Completed 200 OK in 22ms (Views: 20.2ms | ActiveRecord: 0.0ms | Allocations: 29594)


Started GET "/" for 127.0.0.1 at 2026-04-05 17:26:14 -0300
Processing by HomeController#index as HTML
  Rendering layout layouts/application.html.erb
  Rendering home/index.html.erb within layouts/application
  Rendered shared/_landing_header.html.erb (Duration: 0.2ms | Allocations: 92)
  Rendered shared/_flashcard_flip.html.erb (Duration: 0.1ms | Allocations: 32)
  Rendered home/index.html.erb within layouts/application (Duration: 0.6ms | Allocations: 283)
  Rendered layout layouts/application.html.erb (Duration: 6.1ms | Allocations: 2209)
Completed 200 OK in 9ms (Views: 6.7ms | ActiveRecord: 0.0ms | Allocations: 2453)


  Rendering layout layouts/application.html.erb
  Rendering home/index.html.erb within layouts/application
  Rendered shared/_landing_header.html.erb (Duration: 0.4ms | Allocations: 535)
  Rendered shared/_flashcard_flip.html.erb (Duration: 0.4ms | Allocations: 468)
  Rendered home/index.html.erb within layouts/application (Duration: 1.8ms | Allocations: 1724)
  Rendered layout layouts/application.html.erb (Duration: 84.9ms | Allocations: 59729)
Started GET "/" for 127.0.0.1 at 2026-04-05 17:27:17 -0300
Processing by HomeController#index as HTML
  Rendering layout layouts/application.html.erb
  Rendering home/index.html.erb within layouts/application
  Rendered shared/_landing_header.html.erb (Duration: 0.1ms | Allocations: 92)
  Rendered shared/_flashcard_flip.html.erb (Duration: 0.0ms | Allocations: 32)
  Rendered home/index.html.erb within layouts/application (Duration: 0.2ms | Allocations: 283)
  Rendered layout layouts/application.html.erb (Duration: 16.4ms | Allocations: 29366)
Completed 200 OK in 17ms (Views: 16.6ms | ActiveRecord: 0.0ms | Allocations: 29611)


  Rendering layout layouts/application.html.erb
  Rendering home/index.html.erb within layouts/application
  Rendered shared/_landing_header.html.erb (Duration: 0.3ms | Allocations: 535)
  Rendered shared/_flashcard_flip.html.erb (Duration: 0.3ms | Allocations: 468)
  Rendered home/index.html.erb within layouts/application (Duration: 1.4ms | Allocations: 1724)
  Rendered layout layouts/application.html.erb (Duration: 73.8ms | Allocations: 53840)
Started GET "/" for 127.0.0.1 at 2026-04-05 17:29:42 -0300
Processing by HomeController#index as HTML
  Rendering layout layouts/application.html.erb
  Rendering home/index.html.erb within layouts/application
  Rendered shared/_landing_header.html.erb (Duration: 0.1ms | Allocations: 92)
  Rendered shared/_flashcard_flip.html.erb (Duration: 0.1ms | Allocations: 32)
  Rendered home/index.html.erb within layouts/application (Duration: 0.3ms | Allocations: 283)
  Rendered layout layouts/application.html.erb (Duration: 20.4ms | Allocations: 28044)
Completed 200 OK in 22ms (Views: 20.8ms | ActiveRecord: 0.0ms | Allocations: 28289)


  Rendering layout layouts/application.html.erb
  Rendering home/index.html.erb within layouts/application
  Rendered shared/_landing_header.html.erb (Duration: 65.9ms | Allocations: 30776)
  Rendered shared/_flashcard_flip.html.erb (Duration: 0.6ms | Allocations: 468)
  Rendered home/index.html.erb within layouts/application (Duration: 67.9ms | Allocations: 31964)
  Rendered layout layouts/application.html.erb (Duration: 77.3ms | Allocations: 59862)
Started GET "/" for 127.0.0.1 at 2026-04-05 17:30:39 -0300
Processing by HomeController#index as HTML
  Rendering layout layouts/application.html.erb
  Rendering home/index.html.erb within layouts/application
  Rendered shared/_landing_header.html.erb (Duration: 22.9ms | Allocations: 23453)
  Rendered shared/_flashcard_flip.html.erb (Duration: 0.6ms | Allocations: 430)
  Rendered home/index.html.erb within layouts/application (Duration: 25.2ms | Allocations: 24470)
  Rendered layout layouts/application.html.erb (Duration: 39.9ms | Allocations: 52565)
Completed 200 OK in 44ms (Views: 42.3ms | ActiveRecord: 0.0ms | Allocations: 53638)


Started GET "/" for 127.0.0.1 at 2026-04-05 17:32:07 -0300
Processing by HomeController#index as HTML
  Rendering layout layouts/application.html.erb
  Rendering home/index.html.erb within layouts/application
  Rendered shared/_landing_header.html.erb (Duration: 19.6ms | Allocations: 976)
  Rendered shared/_flashcard_flip.html.erb (Duration: 0.1ms | Allocations: 32)
  Rendered home/index.html.erb within layouts/application (Duration: 20.2ms | Allocations: 1167)
  Rendered layout layouts/application.html.erb (Duration: 24.3ms | Allocations: 2973)
Completed 200 OK in 27ms (Views: 25.3ms | ActiveRecord: 0.0ms | Allocations: 3235)


  Rendering layout layouts/application.html.erb
  Rendering home/index.html.erb within layouts/application
  Rendered shared/_landing_header.html.erb (Duration: 79.5ms | Allocations: 31928)
  Rendered shared/_flashcard_flip.html.erb (Duration: 0.4ms | Allocations: 468)
  Rendered home/index.html.erb within layouts/application (Duration: 81.0ms | Allocations: 33117)
  Rendered layout layouts/application.html.erb (Duration: 89.9ms | Allocations: 61013)
Started GET "/" for 127.0.0.1 at 2026-04-05 17:33:56 -0300
Processing by HomeController#index as HTML
  Rendering layout layouts/application.html.erb
  Rendering home/index.html.erb within layouts/application
  Rendered shared/_landing_header.html.erb (Duration: 1.7ms | Allocations: 1187)
  Rendered shared/_flashcard_flip.html.erb (Duration: 0.5ms | Allocations: 430)
  Rendered home/index.html.erb within layouts/application (Duration: 3.7ms | Allocations: 2207)
  Rendered layout layouts/application.html.erb (Duration: 22.8ms | Allocations: 31501)
Completed 200 OK in 26ms (Views: 24.8ms | ActiveRecord: 0.0ms | Allocations: 32574)


  Rendering layout layouts/application.html.erb
  Rendering home/index.html.erb within layouts/application
  Rendered shared/_landing_header.html.erb (Duration: 22.8ms | Allocations: 22888)
  Rendered shared/_flashcard_flip.html.erb (Duration: 0.4ms | Allocations: 468)
  Rendered home/index.html.erb within layouts/application (Duration: 24.4ms | Allocations: 24078)
  Rendered layout layouts/application.html.erb (Duration: 37.0ms | Allocations: 52098)
Started GET "/" for 127.0.0.1 at 2026-04-05 17:34:43 -0300
Processing by HomeController#index as HTML
  Rendering layout layouts/application.html.erb
  Rendering home/index.html.erb within layouts/application
  Rendered shared/_landing_header.html.erb (Duration: 1.2ms | Allocations: 1188)
  Rendered shared/_flashcard_flip.html.erb (Duration: 0.3ms | Allocations: 430)
  Rendered home/index.html.erb within layouts/application (Duration: 2.4ms | Allocations: 2204)
  Rendered layout layouts/application.html.erb (Duration: 13.1ms | Allocations: 30215)
Completed 200 OK in 15ms (Views: 14.4ms | ActiveRecord: 0.0ms | Allocations: 31288)


Started GET "/" for 127.0.0.1 at 2026-04-05 17:34:44 -0300
Processing by HomeController#index as HTML
  Rendering layout layouts/application.html.erb
  Rendering home/index.html.erb within layouts/application
  Rendered shared/_landing_header.html.erb (Duration: 3.1ms | Allocations: 708)
  Rendered shared/_flashcard_flip.html.erb (Duration: 0.1ms | Allocations: 32)
  Rendered home/index.html.erb within layouts/application (Duration: 4.1ms | Allocations: 899)
  Rendered layout layouts/application.html.erb (Duration: 7.8ms | Allocations: 2698)
Completed 200 OK in 10ms (Views: 8.4ms | ActiveRecord: 0.0ms | Allocations: 2960)


Started GET "/" for 127.0.0.1 at 2026-04-05 17:35:28 -0300
Processing by HomeController#index as HTML
  Rendering layout layouts/application.html.erb
  Rendering home/index.html.erb within layouts/application
  Rendered shared/_landing_header.html.erb (Duration: 2.3ms | Allocations: 1181)
  Rendered shared/_flashcard_flip.html.erb (Duration: 0.6ms | Allocations: 430)
  Rendered home/index.html.erb within layouts/application (Duration: 4.4ms | Allocations: 2199)
  Rendered layout layouts/application.html.erb (Duration: 18.1ms | Allocations: 30158)
Completed 200 OK in 22ms (Views: 20.5ms | ActiveRecord: 0.0ms | Allocations: 31233)


  Rendering layout layouts/application.html.erb
  Rendering home/index.html.erb within layouts/application
  Rendered shared/_landing_header.html.erb (Duration: 21.7ms | Allocations: 22848)
  Rendered shared/_flashcard_flip.html.erb (Duration: 0.5ms | Allocations: 468)
  Rendered home/index.html.erb within layouts/application (Duration: 23.4ms | Allocations: 24038)
  Rendered layout layouts/application.html.erb (Duration: 35.7ms | Allocations: 52058)
Started GET "/" for 127.0.0.1 at 2026-04-05 17:36:00 -0300
Processing by HomeController#index as HTML
  Rendering layout layouts/application.html.erb
  Rendering home/index.html.erb within layouts/application
  Rendered shared/_landing_header.html.erb (Duration: 1.3ms | Allocations: 1182)
  Rendered shared/_flashcard_flip.html.erb (Duration: 0.9ms | Allocations: 430)
  Rendered home/index.html.erb within layouts/application (Duration: 3.3ms | Allocations: 2196)
  Rendered layout layouts/application.html.erb (Duration: 16.0ms | Allocations: 30200)
Completed 200 OK in 18ms (Views: 17.4ms | ActiveRecord: 0.0ms | Allocations: 31274)


Started GET "/" for 127.0.0.1 at 2026-04-05 17:36:01 -0300
Processing by HomeController#index as HTML
  Rendering layout layouts/application.html.erb
  Rendering home/index.html.erb within layouts/application
  Rendered shared/_landing_header.html.erb (Duration: 2.3ms | Allocations: 706)
  Rendered shared/_flashcard_flip.html.erb (Duration: 0.1ms | Allocations: 32)
  Rendered home/index.html.erb within layouts/application (Duration: 2.8ms | Allocations: 897)
  Rendered layout layouts/application.html.erb (Duration: 6.1ms | Allocations: 2699)
Completed 200 OK in 8ms (Views: 6.6ms | ActiveRecord: 0.0ms | Allocations: 2961)


Started GET "/" for 127.0.0.1 at 2026-04-05 17:36:07 -0300
Processing by HomeController#index as HTML
  Rendering layout layouts/application.html.erb
  Rendering home/index.html.erb within layouts/application
  Rendered shared/_landing_header.html.erb (Duration: 2.5ms | Allocations: 707)
  Rendered shared/_flashcard_flip.html.erb (Duration: 0.1ms | Allocations: 32)
  Rendered home/index.html.erb within layouts/application (Duration: 3.0ms | Allocations: 898)
  Rendered layout layouts/application.html.erb (Duration: 6.4ms | Allocations: 2690)
Completed 200 OK in 9ms (Views: 6.9ms | ActiveRecord: 0.0ms | Allocations: 2934)


Started GET "/" for 127.0.0.1 at 2026-04-05 17:36:25 -0300
Processing by HomeController#index as HTML
  Rendering layout layouts/application.html.erb
  Rendering home/index.html.erb within layouts/application
  Rendered shared/_landing_header.html.erb (Duration: 2.1ms | Allocations: 705)
  Rendered shared/_flashcard_flip.html.erb (Duration: 0.1ms | Allocations: 32)
  Rendered home/index.html.erb within layouts/application (Duration: 2.5ms | Allocations: 896)
  Rendered layout layouts/application.html.erb (Duration: 5.6ms | Allocations: 2715)
Completed 200 OK in 7ms (Views: 5.9ms | ActiveRecord: 0.0ms | Allocations: 2959)


Started GET "/" for 127.0.0.1 at 2026-04-05 17:36:28 -0300
Processing by HomeController#index as HTML
  Rendering layout layouts/application.html.erb
  Rendering home/index.html.erb within layouts/application
  Rendered shared/_landing_header.html.erb (Duration: 2.7ms | Allocations: 705)
  Rendered shared/_flashcard_flip.html.erb (Duration: 0.1ms | Allocations: 32)
  Rendered home/index.html.erb within layouts/application (Duration: 3.4ms | Allocations: 896)
  Rendered layout layouts/application.html.erb (Duration: 8.2ms | Allocations: 2718)
Completed 200 OK in 11ms (Views: 8.9ms | ActiveRecord: 0.0ms | Allocations: 2962)


  Rendering layout layouts/application.html.erb
  Rendering home/index.html.erb within layouts/application
  Rendered shared/_landing_header.html.erb (Duration: 78.1ms | Allocations: 31905)
  Rendered shared/_flashcard_flip.html.erb (Duration: 0.4ms | Allocations: 468)
  Rendered home/index.html.erb within layouts/application (Duration: 79.9ms | Allocations: 33094)
  Rendered layout layouts/application.html.erb (Duration: 88.8ms | Allocations: 60990)
Started GET "/" for 127.0.0.1 at 2026-04-05 17:36:42 -0300
Processing by HomeController#index as HTML
  Rendering layout layouts/application.html.erb
  Rendering home/index.html.erb within layouts/application
  Rendered shared/_landing_header.html.erb (Duration: 1.9ms | Allocations: 1182)
  Rendered shared/_flashcard_flip.html.erb (Duration: 0.5ms | Allocations: 430)
  Rendered home/index.html.erb within layouts/application (Duration: 4.1ms | Allocations: 2202)
  Rendered layout layouts/application.html.erb (Duration: 22.1ms | Allocations: 31494)
Completed 200 OK in 26ms (Views: 23.8ms | ActiveRecord: 0.0ms | Allocations: 32568)


Started GET "/" for 127.0.0.1 at 2026-04-05 17:37:06 -0300
Processing by HomeController#index as HTML
  Rendering layout layouts/application.html.erb
  Rendering home/index.html.erb within layouts/application
  Rendered shared/_landing_header.html.erb (Duration: 1.5ms | Allocations: 1182)
  Rendered shared/_flashcard_flip.html.erb (Duration: 0.4ms | Allocations: 430)
  Rendered home/index.html.erb within layouts/application (Duration: 3.2ms | Allocations: 2196)
  Rendered layout layouts/application.html.erb (Duration: 14.7ms | Allocations: 30188)
Completed 200 OK in 17ms (Views: 16.1ms | ActiveRecord: 0.0ms | Allocations: 31262)


Started GET "/" for 127.0.0.1 at 2026-04-05 17:37:14 -0300
Processing by HomeController#index as HTML
  Rendering layout layouts/application.html.erb
  Rendering home/index.html.erb within layouts/application
  Rendered shared/_landing_header.html.erb (Duration: 1.7ms | Allocations: 1182)
  Rendered shared/_flashcard_flip.html.erb (Duration: 0.7ms | Allocations: 430)
  Rendered home/index.html.erb within layouts/application (Duration: 3.7ms | Allocations: 2199)
  Rendered layout layouts/application.html.erb (Duration: 17.0ms | Allocations: 30277)
Completed 200 OK in 20ms (Views: 19.0ms | ActiveRecord: 0.0ms | Allocations: 31351)


Started GET "/" for 127.0.0.1 at 2026-04-05 17:37:19 -0300
Processing by HomeController#index as HTML
  Rendering layout layouts/application.html.erb
  Rendering home/index.html.erb within layouts/application
  Rendered shared/_landing_header.html.erb (Duration: 1.6ms | Allocations: 1181)
  Rendered shared/_flashcard_flip.html.erb (Duration: 0.4ms | Allocations: 430)
  Rendered home/index.html.erb within layouts/application (Duration: 3.4ms | Allocations: 2195)
  Rendered layout layouts/application.html.erb (Duration: 15.0ms | Allocations: 30166)
Completed 200 OK in 18ms (Views: 16.7ms | ActiveRecord: 0.0ms | Allocations: 31240)


Started GET "/" for 127.0.0.1 at 2026-04-05 17:37:28 -0300
Processing by HomeController#index as HTML
  Rendering layout layouts/application.html.erb
  Rendering home/index.html.erb within layouts/application
  Rendered shared/_landing_header.html.erb (Duration: 1.4ms | Allocations: 1182)
  Rendered shared/_flashcard_flip.html.erb (Duration: 0.3ms | Allocations: 430)
  Rendered home/index.html.erb within layouts/application (Duration: 2.8ms | Allocations: 2199)
  Rendered layout layouts/application.html.erb (Duration: 12.3ms | Allocations: 30285)
Completed 200 OK in 15ms (Views: 13.7ms | ActiveRecord: 0.0ms | Allocations: 31359)


Started GET "/" for 127.0.0.1 at 2026-04-05 17:37:36 -0300
Processing by HomeController#index as HTML
  Rendering layout layouts/application.html.erb
  Rendering home/index.html.erb within layouts/application
  Rendered shared/_landing_header.html.erb (Duration: 1.3ms | Allocations: 1180)
  Rendered shared/_flashcard_flip.html.erb (Duration: 0.4ms | Allocations: 430)
  Rendered home/index.html.erb within layouts/application (Duration: 2.7ms | Allocations: 2194)
  Rendered layout layouts/application.html.erb (Duration: 13.1ms | Allocations: 30178)
Completed 200 OK in 16ms (Views: 15.0ms | ActiveRecord: 0.0ms | Allocations: 31252)


Started GET "/" for 127.0.0.1 at 2026-04-05 17:37:43 -0300
Processing by HomeController#index as HTML
  Rendering layout layouts/application.html.erb
  Rendering home/index.html.erb within layouts/application
  Rendered shared/_landing_header.html.erb (Duration: 1.6ms | Allocations: 1182)
  Rendered shared/_flashcard_flip.html.erb (Duration: 0.5ms | Allocations: 430)
  Rendered home/index.html.erb within layouts/application (Duration: 3.3ms | Allocations: 2202)
  Rendered layout layouts/application.html.erb (Duration: 13.8ms | Allocations: 30255)
Completed 200 OK in 16ms (Views: 15.4ms | ActiveRecord: 0.0ms | Allocations: 31329)


  Rendering layout layouts/application.html.erb
  Rendering home/index.html.erb within layouts/application
  Rendered shared/_landing_header.html.erb (Duration: 18.4ms | Allocations: 23001)
  Rendered shared/_flashcard_flip.html.erb (Duration: 0.6ms | Allocations: 466)
  Rendered home/index.html.erb within layouts/application (Duration: 20.4ms | Allocations: 24189)
  Rendered layout layouts/application.html.erb (Duration: 33.0ms | Allocations: 52208)
Started GET "/" for 127.0.0.1 at 2026-04-05 17:38:57 -0300
Processing by HomeController#index as HTML
  Rendering layout layouts/application.html.erb
  Rendering home/index.html.erb within layouts/application
  Rendered shared/_landing_header.html.erb (Duration: 1.5ms | Allocations: 1187)
  Rendered shared/_flashcard_flip.html.erb (Duration: 0.4ms | Allocations: 430)
  Rendered home/index.html.erb within layouts/application (Duration: 3.4ms | Allocations: 2201)
  Rendered layout layouts/application.html.erb (Duration: 19.5ms | Allocations: 30177)
Completed 200 OK in 22ms (Views: 21.2ms | ActiveRecord: 0.0ms | Allocations: 31251)


  Rendering layout layouts/application.html.erb
  Rendering home/index.html.erb within layouts/application
  Rendered shared/_landing_header.html.erb (Duration: 26.6ms | Allocations: 22747)
  Rendered shared/_flashcard_flip.html.erb (Duration: 0.5ms | Allocations: 468)
  Rendered home/index.html.erb within layouts/application (Duration: 28.6ms | Allocations: 23937)
  Rendered layout layouts/application.html.erb (Duration: 42.1ms | Allocations: 51960)
Started GET "/" for 127.0.0.1 at 2026-04-05 17:47:01 -0300
Processing by HomeController#index as HTML
  Rendering layout layouts/application.html.erb
  Rendering home/index.html.erb within layouts/application
  Rendered shared/_landing_header.html.erb (Duration: 1.5ms | Allocations: 1188)
  Rendered shared/_flashcard_flip.html.erb (Duration: 0.4ms | Allocations: 430)
  Rendered home/index.html.erb within layouts/application (Duration: 3.1ms | Allocations: 2206)
  Rendered layout layouts/application.html.erb (Duration: 14.1ms | Allocations: 30192)
Completed 200 OK in 17ms (Views: 15.5ms | ActiveRecord: 0.0ms | Allocations: 31266)


Started GET "/" for 127.0.0.1 at 2026-04-05 17:47:02 -0300
Processing by HomeController#index as HTML
  Rendering layout layouts/application.html.erb
  Rendering home/index.html.erb within layouts/application
  Rendered shared/_landing_header.html.erb (Duration: 2.0ms | Allocations: 705)
  Rendered shared/_flashcard_flip.html.erb (Duration: 0.1ms | Allocations: 32)
  Rendered home/index.html.erb within layouts/application (Duration: 2.4ms | Allocations: 896)
  Rendered layout layouts/application.html.erb (Duration: 5.5ms | Allocations: 2712)
Completed 200 OK in 7ms (Views: 6.0ms | ActiveRecord: 0.0ms | Allocations: 2974)


  Rendering layout layouts/application.html.erb
  Rendering home/index.html.erb within layouts/application
  Rendered shared/_landing_header.html.erb (Duration: 22.2ms | Allocations: 22970)
  Rendered shared/_flashcard_flip.html.erb (Duration: 0.6ms | Allocations: 468)
  Rendered home/index.html.erb within layouts/application (Duration: 24.0ms | Allocations: 24160)
  Rendered layout layouts/application.html.erb (Duration: 37.8ms | Allocations: 52183)
Started GET "/" for 127.0.0.1 at 2026-04-05 17:47:56 -0300
Processing by HomeController#index as HTML
  Rendering layout layouts/application.html.erb
  Rendering home/index.html.erb within layouts/application
  Rendered shared/_landing_header.html.erb (Duration: 4.4ms | Allocations: 1187)
  Rendered shared/_flashcard_flip.html.erb (Duration: 0.4ms | Allocations: 432)
  Rendered home/index.html.erb within layouts/application (Duration: 6.1ms | Allocations: 2203)
  Rendered layout layouts/application.html.erb (Duration: 17.4ms | Allocations: 30158)
Completed 200 OK in 20ms (Views: 19.3ms | ActiveRecord: 0.0ms | Allocations: 31231)


  Rendering layout layouts/application.html.erb
  Rendering home/index.html.erb within layouts/application
  Rendered shared/_landing_header.html.erb (Duration: 22.9ms | Allocations: 22924)
  Rendered shared/_flashcard_flip.html.erb (Duration: 0.5ms | Allocations: 468)
  Rendered home/index.html.erb within layouts/application (Duration: 24.5ms | Allocations: 24114)
  Rendered layout layouts/application.html.erb (Duration: 36.8ms | Allocations: 52134)
Started GET "/" for 127.0.0.1 at 2026-04-05 17:49:27 -0300
Processing by HomeController#index as HTML
  Rendering layout layouts/application.html.erb
  Rendering home/index.html.erb within layouts/application
  Rendered shared/_landing_header.html.erb (Duration: 1.1ms | Allocations: 1186)
  Rendered shared/_flashcard_flip.html.erb (Duration: 0.3ms | Allocations: 430)
  Rendered home/index.html.erb within layouts/application (Duration: 2.3ms | Allocations: 2200)
  Rendered layout layouts/application.html.erb (Duration: 11.7ms | Allocations: 30182)
Completed 200 OK in 14ms (Views: 12.7ms | ActiveRecord: 0.0ms | Allocations: 31255)


Started GET "/" for 127.0.0.1 at 2026-04-05 17:49:28 -0300
Processing by HomeController#index as HTML
  Rendering layout layouts/application.html.erb
  Rendering home/index.html.erb within layouts/application
  Rendered shared/_landing_header.html.erb (Duration: 2.2ms | Allocations: 705)
  Rendered shared/_flashcard_flip.html.erb (Duration: 0.1ms | Allocations: 32)
  Rendered home/index.html.erb within layouts/application (Duration: 2.6ms | Allocations: 896)
  Rendered layout layouts/application.html.erb (Duration: 5.7ms | Allocations: 2718)
Completed 200 OK in 7ms (Views: 6.2ms | ActiveRecord: 0.0ms | Allocations: 2980)


  Rendering layout layouts/application.html.erb
  Rendering home/index.html.erb within layouts/application
  Rendered shared/_landing_header.html.erb (Duration: 25.5ms | Allocations: 22855)
  Rendered shared/_flashcard_flip.html.erb (Duration: 0.4ms | Allocations: 468)
  Rendered home/index.html.erb within layouts/application (Duration: 27.2ms | Allocations: 24045)
  Rendered layout layouts/application.html.erb (Duration: 39.9ms | Allocations: 52065)
Started GET "/" for 127.0.0.1 at 2026-04-05 17:49:53 -0300
Processing by HomeController#index as HTML
  Rendering layout layouts/application.html.erb
  Rendering home/index.html.erb within layouts/application
  Rendered shared/_landing_header.html.erb (Duration: 1.6ms | Allocations: 1181)
  Rendered shared/_flashcard_flip.html.erb (Duration: 0.6ms | Allocations: 430)
  Rendered home/index.html.erb within layouts/application (Duration: 3.9ms | Allocations: 2199)
  Rendered layout layouts/application.html.erb (Duration: 18.1ms | Allocations: 30165)
Completed 200 OK in 21ms (Views: 19.7ms | ActiveRecord: 0.0ms | Allocations: 31238)


  Rendering layout layouts/application.html.erb
  Rendering home/index.html.erb within layouts/application
  Rendered shared/_landing_header.html.erb (Duration: 23.4ms | Allocations: 22884)
  Rendered shared/_flashcard_flip.html.erb (Duration: 0.4ms | Allocations: 468)
  Rendered home/index.html.erb within layouts/application (Duration: 24.9ms | Allocations: 24080)
  Rendered layout layouts/application.html.erb (Duration: 37.0ms | Allocations: 52102)
  Rendering layout layouts/application.html.erb
  Rendering decks/new.html.erb within layouts/application
  Rendered shared/_landing_header.html.erb (Duration: 0.9ms | Allocations: 721)
  Rendered decks/new.html.erb within layouts/application (Duration: 1.2ms | Allocations: 985)
  Rendered layout layouts/application.html.erb (Duration: 2.3ms | Allocations: 2564)
Started GET "/" for 127.0.0.1 at 2026-04-05 17:53:52 -0300
Processing by HomeController#index as HTML
  Rendering layout layouts/application.html.erb
  Rendering home/index.html.erb within layouts/application
  Rendered shared/_landing_header.html.erb (Duration: 1.3ms | Allocations: 1197)
  Rendered shared/_flashcard_flip.html.erb (Duration: 0.5ms | Allocations: 430)
  Rendered home/index.html.erb within layouts/application (Duration: 3.4ms | Allocations: 2219)
  Rendered layout layouts/application.html.erb (Duration: 15.6ms | Allocations: 30187)
Completed 200 OK in 19ms (Views: 17.2ms | ActiveRecord: 0.0ms | Allocations: 31260)


Started GET "/decks/new" for 127.0.0.1 at 2026-04-05 17:53:54 -0300
Processing by DecksController#new as HTML
  Rendering layout layouts/application.html.erb
  Rendering decks/new.html.erb within layouts/application
  Rendered shared/_landing_header.html.erb (Duration: 2.1ms | Allocations: 858)
  Rendered decks/new.html.erb within layouts/application (Duration: 3.1ms | Allocations: 1166)
  Rendered layout layouts/application.html.erb (Duration: 6.2ms | Allocations: 3085)
Completed 200 OK in 10ms (Views: 8.0ms | ActiveRecord: 0.0ms | Allocations: 3623)


  Rendering layout layouts/application.html.erb
  Rendering decks/new.html.erb within layouts/application
  Rendered shared/_landing_header.html.erb (Duration: 22.1ms | Allocations: 22915)
  Rendered decks/new.html.erb within layouts/application (Duration: 22.7ms | Allocations: 23425)
  Rendered layout layouts/application.html.erb (Duration: 36.4ms | Allocations: 51450)
Started GET "/decks/new" for 127.0.0.1 at 2026-04-05 17:56:50 -0300
Processing by DecksController#new as HTML
  Rendering layout layouts/application.html.erb
  Rendering decks/new.html.erb within layouts/application
  Rendered shared/_landing_header.html.erb (Duration: 1.3ms | Allocations: 1190)
  Rendered decks/new.html.erb within layouts/application (Duration: 1.9ms | Allocations: 1569)
  Rendered layout layouts/application.html.erb (Duration: 15.8ms | Allocations: 29717)
Completed 200 OK in 18ms (Views: 17.2ms | ActiveRecord: 0.0ms | Allocations: 30790)


Started GET "/decks/new" for 127.0.0.1 at 2026-04-05 17:56:52 -0300
Processing by DecksController#new as HTML
  Rendering layout layouts/application.html.erb
  Rendering decks/new.html.erb within layouts/application
  Rendered shared/_landing_header.html.erb (Duration: 2.9ms | Allocations: 724)
  Rendered decks/new.html.erb within layouts/application (Duration: 3.2ms | Allocations: 801)
  Rendered layout layouts/application.html.erb (Duration: 6.4ms | Allocations: 2600)
Completed 200 OK in 8ms (Views: 7.1ms | ActiveRecord: 0.0ms | Allocations: 2862)


  Rendering layout layouts/application.html.erb
  Rendering decks/new.html.erb within layouts/application
  Rendered shared/_landing_header.html.erb (Duration: 25.6ms | Allocations: 22926)
  Rendered decks/new.html.erb within layouts/application (Duration: 26.3ms | Allocations: 23429)
  Rendered layout layouts/application.html.erb (Duration: 39.2ms | Allocations: 51454)
Started GET "/decks/new" for 127.0.0.1 at 2026-04-05 17:57:38 -0300
Processing by DecksController#new as HTML
  Rendering layout layouts/application.html.erb
  Rendering decks/new.html.erb within layouts/application
  Rendered shared/_landing_header.html.erb (Duration: 1.3ms | Allocations: 1196)
  Rendered decks/new.html.erb within layouts/application (Duration: 2.0ms | Allocations: 1573)
  Rendered layout layouts/application.html.erb (Duration: 42.7ms | Allocations: 29557)
Completed 200 OK in 45ms (Views: 44.2ms | ActiveRecord: 0.0ms | Allocations: 30630)


Started GET "/decks/new" for 127.0.0.1 at 2026-04-05 17:57:40 -0300
Processing by DecksController#new as HTML
  Rendering layout layouts/application.html.erb
  Rendering decks/new.html.erb within layouts/application
  Rendered shared/_landing_header.html.erb (Duration: 1.7ms | Allocations: 724)
  Rendered decks/new.html.erb within layouts/application (Duration: 1.9ms | Allocations: 801)
  Rendered layout layouts/application.html.erb (Duration: 4.5ms | Allocations: 2604)
Completed 200 OK in 6ms (Views: 4.9ms | ActiveRecord: 0.0ms | Allocations: 2866)


  Rendering layout layouts/application.html.erb
  Rendering decks/new.html.erb within layouts/application
  Rendered shared/_landing_header.html.erb (Duration: 22.8ms | Allocations: 22787)
  Rendered decks/new.html.erb within layouts/application (Duration: 23.4ms | Allocations: 23296)
  Rendered layout layouts/application.html.erb (Duration: 35.0ms | Allocations: 51322)
Started GET "/decks/new" for 127.0.0.1 at 2026-04-05 18:00:00 -0300
Processing by DecksController#new as HTML
  Rendering layout layouts/application.html.erb
  Rendering decks/new.html.erb within layouts/application
  Rendered shared/_landing_header.html.erb (Duration: 2.3ms | Allocations: 1192)
  Rendered decks/new.html.erb within layouts/application (Duration: 3.5ms | Allocations: 1574)
  Rendered layout layouts/application.html.erb (Duration: 20.2ms | Allocations: 29502)
Completed 200 OK in 23ms (Views: 21.9ms | ActiveRecord: 0.0ms | Allocations: 30575)


  Rendering layout layouts/application.html.erb
  Rendering decks/new.html.erb within layouts/application
  Rendered shared/_landing_header.html.erb (Duration: 32.4ms | Allocations: 22938)
  Rendered decks/new.html.erb within layouts/application (Duration: 33.0ms | Allocations: 23448)
  Rendered layout layouts/application.html.erb (Duration: 44.6ms | Allocations: 51476)
Started GET "/decks/new" for 127.0.0.1 at 2026-04-05 18:02:05 -0300
Processing by DecksController#new as HTML
  Rendering layout layouts/application.html.erb
  Rendering decks/new.html.erb within layouts/application
  Rendered shared/_landing_header.html.erb (Duration: 1.6ms | Allocations: 1193)
  Rendered decks/new.html.erb within layouts/application (Duration: 2.2ms | Allocations: 1574)
  Rendered layout layouts/application.html.erb (Duration: 18.3ms | Allocations: 29622)
Completed 200 OK in 22ms (Views: 20.1ms | ActiveRecord: 0.0ms | Allocations: 30695)


Started GET "/" for 127.0.0.1 at 2026-04-05 18:02:22 -0300
Processing by HomeController#index as HTML
  Rendering layout layouts/application.html.erb
  Rendering home/index.html.erb within layouts/application
  Rendered shared/_landing_header.html.erb (Duration: 2.1ms | Allocations: 856)
  Rendered shared/_flashcard_flip.html.erb (Duration: 0.6ms | Allocations: 430)
  Rendered home/index.html.erb within layouts/application (Duration: 5.0ms | Allocations: 1809)
  Rendered layout layouts/application.html.erb (Duration: 7.2ms | Allocations: 3730)
Completed 200 OK in 11ms (Views: 8.7ms | ActiveRecord: 0.0ms | Allocations: 4267)


Started GET "/decks/new" for 127.0.0.1 at 2026-04-05 18:02:53 -0300
Processing by DecksController#new as HTML
  Rendering layout layouts/application.html.erb
  Rendering decks/new.html.erb within layouts/application
  Rendered shared/_landing_header.html.erb (Duration: 2.9ms | Allocations: 721)
  Rendered decks/new.html.erb within layouts/application (Duration: 3.3ms | Allocations: 798)
  Rendered layout layouts/application.html.erb (Duration: 7.7ms | Allocations: 2599)
Completed 200 OK in 10ms (Views: 8.4ms | ActiveRecord: 0.0ms | Allocations: 2843)


  Rendering layout layouts/application.html.erb
  Rendering decks/new.html.erb within layouts/application
  Rendered shared/_landing_header.html.erb (Duration: 22.1ms | Allocations: 22814)
  Rendered decks/new.html.erb within layouts/application (Duration: 22.7ms | Allocations: 23324)
  Rendered layout layouts/application.html.erb (Duration: 35.1ms | Allocations: 51349)
Started GET "/decks/new" for 127.0.0.1 at 2026-04-05 18:04:02 -0300
Processing by DecksController#new as HTML
  Rendering layout layouts/application.html.erb
  Rendering decks/new.html.erb within layouts/application
  Rendered shared/_landing_header.html.erb (Duration: 1.6ms | Allocations: 1192)
  Rendered decks/new.html.erb within layouts/application (Duration: 2.4ms | Allocations: 1573)
  Rendered layout layouts/application.html.erb (Duration: 13.9ms | Allocations: 29513)
Completed 200 OK in 17ms (Views: 15.6ms | ActiveRecord: 0.0ms | Allocations: 30586)


Started GET "/" for 127.0.0.1 at 2026-04-05 18:04:13 -0300
Processing by HomeController#index as HTML
  Rendering layout layouts/application.html.erb
  Rendering home/index.html.erb within layouts/application
  Rendered shared/_landing_header.html.erb (Duration: 1.1ms | Allocations: 853)
  Rendered shared/_flashcard_flip.html.erb (Duration: 0.5ms | Allocations: 430)
  Rendered home/index.html.erb within layouts/application (Duration: 2.5ms | Allocations: 1804)
  Rendered layout layouts/application.html.erb (Duration: 4.0ms | Allocations: 3719)
Completed 200 OK in 6ms (Views: 4.9ms | ActiveRecord: 0.0ms | Allocations: 4255)


Started GET "/decks/new" for 127.0.0.1 at 2026-04-05 18:04:17 -0300
Processing by DecksController#new as HTML
  Rendering layout layouts/application.html.erb
  Rendering decks/new.html.erb within layouts/application
  Rendered shared/_landing_header.html.erb (Duration: 4.2ms | Allocations: 724)
  Rendered decks/new.html.erb within layouts/application (Duration: 4.6ms | Allocations: 801)
  Rendered layout layouts/application.html.erb (Duration: 8.7ms | Allocations: 2594)
Completed 200 OK in 12ms (Views: 9.8ms | ActiveRecord: 0.0ms | Allocations: 2838)


Started GET "/decks/new" for 127.0.0.1 at 2026-04-05 18:06:56 -0300
Processing by DecksController#new as HTML
  Rendering layout layouts/application.html.erb
  Rendering decks/new.html.erb within layouts/application
  Rendered shared/_landing_header.html.erb (Duration: 1.4ms | Allocations: 1196)
  Rendered decks/new.html.erb within layouts/application (Duration: 2.2ms | Allocations: 1581)
  Rendered layout layouts/application.html.erb (Duration: 12.3ms | Allocations: 29552)
Completed 200 OK in 14ms (Views: 13.4ms | ActiveRecord: 0.0ms | Allocations: 30625)


Started GET "/decks/new" for 127.0.0.1 at 2026-04-05 18:08:16 -0300
Processing by DecksController#new as HTML
  Rendering layout layouts/application.html.erb
  Rendering decks/new.html.erb within layouts/application
  Rendered shared/_landing_header.html.erb (Duration: 1.1ms | Allocations: 1196)
  Rendered decks/new.html.erb within layouts/application (Duration: 1.6ms | Allocations: 1576)
  Rendered layout layouts/application.html.erb (Duration: 13.6ms | Allocations: 29568)
Completed 200 OK in 17ms (Views: 15.2ms | ActiveRecord: 0.0ms | Allocations: 30641)


Started GET "/decks/new" for 127.0.0.1 at 2026-04-05 18:09:12 -0300
Processing by DecksController#new as HTML
  Rendering layout layouts/application.html.erb
  Rendering decks/new.html.erb within layouts/application
  Rendered shared/_landing_header.html.erb (Duration: 1.2ms | Allocations: 1196)
  Rendered decks/new.html.erb within layouts/application (Duration: 1.9ms | Allocations: 1621)
  Rendered layout layouts/application.html.erb (Duration: 12.6ms | Allocations: 29585)
Completed 200 OK in 15ms (Views: 13.9ms | ActiveRecord: 0.0ms | Allocations: 30658)


Started GET "/decks/new" for 127.0.0.1 at 2026-04-05 18:09:13 -0300
Processing by DecksController#new as HTML
  Rendering layout layouts/application.html.erb
  Rendering decks/new.html.erb within layouts/application
  Rendered shared/_landing_header.html.erb (Duration: 2.4ms | Allocations: 721)
  Rendered decks/new.html.erb within layouts/application (Duration: 2.6ms | Allocations: 798)
  Rendered layout layouts/application.html.erb (Duration: 5.9ms | Allocations: 2609)
Completed 200 OK in 7ms (Views: 6.4ms | ActiveRecord: 0.0ms | Allocations: 2871)


Started GET "/decks/new" for 127.0.0.1 at 2026-04-05 18:09:18 -0300
Processing by DecksController#new as HTML
  Rendering layout layouts/application.html.erb
  Rendering decks/new.html.erb within layouts/application
  Rendered shared/_landing_header.html.erb (Duration: 2.5ms | Allocations: 724)
  Rendered decks/new.html.erb within layouts/application (Duration: 2.8ms | Allocations: 801)
  Rendered layout layouts/application.html.erb (Duration: 6.1ms | Allocations: 2616)
Completed 200 OK in 8ms (Views: 6.6ms | ActiveRecord: 0.0ms | Allocations: 2860)


Started GET "/decks/new" for 127.0.0.1 at 2026-04-05 18:09:19 -0300
Processing by DecksController#new as HTML
  Rendering layout layouts/application.html.erb
  Rendering decks/new.html.erb within layouts/application
  Rendered shared/_landing_header.html.erb (Duration: 1.3ms | Allocations: 728)
  Rendered decks/new.html.erb within layouts/application (Duration: 1.4ms | Allocations: 805)
  Rendered layout layouts/application.html.erb (Duration: 3.3ms | Allocations: 2605)
Completed 200 OK in 4ms (Views: 3.5ms | ActiveRecord: 0.0ms | Allocations: 2850)


Started GET "/decks/new" for 127.0.0.1 at 2026-04-05 18:09:19 -0300
Processing by DecksController#new as HTML
  Rendering layout layouts/application.html.erb
  Rendering decks/new.html.erb within layouts/application
  Rendered shared/_landing_header.html.erb (Duration: 1.8ms | Allocations: 721)
  Rendered decks/new.html.erb within layouts/application (Duration: 2.0ms | Allocations: 798)
  Rendered layout layouts/application.html.erb (Duration: 5.0ms | Allocations: 2606)
Completed 200 OK in 6ms (Views: 5.5ms | ActiveRecord: 0.0ms | Allocations: 2850)


Started GET "/" for 127.0.0.1 at 2026-04-05 18:09:20 -0300
Processing by HomeController#index as HTML
  Rendering layout layouts/application.html.erb
  Rendering home/index.html.erb within layouts/application
  Rendered shared/_landing_header.html.erb (Duration: 1.6ms | Allocations: 853)
  Rendered shared/_flashcard_flip.html.erb (Duration: 0.6ms | Allocations: 430)
  Rendered home/index.html.erb within layouts/application (Duration: 3.6ms | Allocations: 1806)
  Rendered layout layouts/application.html.erb (Duration: 5.9ms | Allocations: 3732)
Completed 200 OK in 9ms (Views: 7.6ms | ActiveRecord: 0.0ms | Allocations: 4268)


Started GET "/decks/new" for 127.0.0.1 at 2026-04-05 18:09:21 -0300
Processing by DecksController#new as HTML
  Rendering layout layouts/application.html.erb
  Rendering decks/new.html.erb within layouts/application
  Rendered shared/_landing_header.html.erb (Duration: 2.3ms | Allocations: 721)
  Rendered decks/new.html.erb within layouts/application (Duration: 2.6ms | Allocations: 798)
  Rendered layout layouts/application.html.erb (Duration: 5.8ms | Allocations: 2584)
Completed 200 OK in 8ms (Views: 6.4ms | ActiveRecord: 0.0ms | Allocations: 2828)


Started GET "/" for 127.0.0.1 at 2026-04-05 18:09:24 -0300
Processing by HomeController#index as HTML
  Rendering layout layouts/application.html.erb
  Rendering home/index.html.erb within layouts/application
  Rendered shared/_landing_header.html.erb (Duration: 2.8ms | Allocations: 721)
  Rendered shared/_flashcard_flip.html.erb (Duration: 0.1ms | Allocations: 32)
  Rendered home/index.html.erb within layouts/application (Duration: 3.3ms | Allocations: 920)
  Rendered layout layouts/application.html.erb (Duration: 7.0ms | Allocations: 2721)
Completed 200 OK in 9ms (Views: 7.5ms | ActiveRecord: 0.0ms | Allocations: 2966)


Started GET "/decks/new" for 127.0.0.1 at 2026-04-05 18:09:46 -0300
Processing by DecksController#new as HTML
  Rendering layout layouts/application.html.erb
  Rendering decks/new.html.erb within layouts/application
  Rendered decks/new.html.erb within layouts/application (Duration: 0.2ms | Allocations: 105)
  Rendered layout layouts/application.html.erb (Duration: 10.6ms | Allocations: 28339)
Completed 200 OK in 13ms (Views: 11.8ms | ActiveRecord: 0.0ms | Allocations: 29413)


Started GET "/" for 127.0.0.1 at 2026-04-05 18:10:11 -0300
Processing by HomeController#index as HTML
  Rendering layout layouts/application.html.erb
  Rendering home/index.html.erb within layouts/application
  Rendered shared/_landing_header.html.erb (Duration: 1.4ms | Allocations: 1162)
  Rendered shared/_flashcard_flip.html.erb (Duration: 2.3ms | Allocations: 430)
  Rendered home/index.html.erb within layouts/application (Duration: 5.0ms | Allocations: 2173)
  Rendered layout layouts/application.html.erb (Duration: 6.3ms | Allocations: 4093)
Completed 200 OK in 8ms (Views: 7.2ms | ActiveRecord: 0.0ms | Allocations: 4630)


Started GET "/decks/new" for 127.0.0.1 at 2026-04-05 18:10:29 -0300
Processing by DecksController#new as HTML
  Rendering layout layouts/application.html.erb
  Rendering decks/new.html.erb within layouts/application
  Rendered shared/_landing_header.html.erb (Duration: 1.4ms | Allocations: 1195)
  Rendered decks/new.html.erb within layouts/application (Duration: 2.1ms | Allocations: 1489)
  Rendered layout layouts/application.html.erb (Duration: 12.5ms | Allocations: 29556)
Completed 200 OK in 15ms (Views: 14.0ms | ActiveRecord: 0.0ms | Allocations: 30629)


Started GET "/decks/new" for 127.0.0.1 at 2026-04-05 18:10:30 -0300
Processing by DecksController#new as HTML
  Rendering layout layouts/application.html.erb
  Rendering decks/new.html.erb within layouts/application
  Rendered shared/_landing_header.html.erb (Duration: 2.4ms | Allocations: 721)
  Rendered decks/new.html.erb within layouts/application (Duration: 2.6ms | Allocations: 786)
  Rendered layout layouts/application.html.erb (Duration: 6.2ms | Allocations: 2594)
Completed 200 OK in 8ms (Views: 6.7ms | ActiveRecord: 0.0ms | Allocations: 2856)


Started GET "/decks/new" for 127.0.0.1 at 2026-04-05 18:15:38 -0300
Processing by DecksController#new as HTML
  Rendering layout layouts/application.html.erb
  Rendering decks/new.html.erb within layouts/application
  Rendered shared/_landing_header.html.erb (Duration: 1.6ms | Allocations: 1199)
  Rendered decks/new.html.erb within layouts/application (Duration: 2.4ms | Allocations: 1453)
  Rendered layout layouts/application.html.erb (Duration: 12.7ms | Allocations: 29517)
Completed 200 OK in 15ms (Views: 14.3ms | ActiveRecord: 0.0ms | Allocations: 30590)


Started GET "/decks/new" for 127.0.0.1 at 2026-04-05 18:15:39 -0300
Processing by DecksController#new as HTML
  Rendering layout layouts/application.html.erb
  Rendering decks/new.html.erb within layouts/application
  Rendered shared/_landing_header.html.erb (Duration: 2.4ms | Allocations: 725)
  Rendered decks/new.html.erb within layouts/application (Duration: 2.6ms | Allocations: 790)
  Rendered layout layouts/application.html.erb (Duration: 5.9ms | Allocations: 2595)
Completed 200 OK in 7ms (Views: 6.4ms | ActiveRecord: 0.0ms | Allocations: 2857)


Started GET "/" for 127.0.0.1 at 2026-04-05 18:16:12 -0300
Processing by HomeController#index as HTML
  Rendering layout layouts/application.html.erb
  Rendering home/index.html.erb within layouts/application
  Rendered shared/_landing_header.html.erb (Duration: 1.6ms | Allocations: 855)
  Rendered shared/_flashcard_flip.html.erb (Duration: 0.9ms | Allocations: 430)
  Rendered home/index.html.erb within layouts/application (Duration: 3.7ms | Allocations: 1806)
  Rendered layout layouts/application.html.erb (Duration: 5.9ms | Allocations: 3730)
Completed 200 OK in 8ms (Views: 6.8ms | ActiveRecord: 0.0ms | Allocations: 4267)


Started GET "/" for 127.0.0.1 at 2026-04-05 18:17:32 -0300
Processing by HomeController#index as HTML
  Rendering layout layouts/application.html.erb
  Rendering home/index.html.erb within layouts/application
  Rendered shared/_landing_header.html.erb (Duration: 1.9ms | Allocations: 1196)
  Rendered shared/_flashcard_flip.html.erb (Duration: 0.6ms | Allocations: 430)
  Rendered home/index.html.erb within layouts/application (Duration: 3.8ms | Allocations: 2220)
  Rendered layout layouts/application.html.erb (Duration: 17.2ms | Allocations: 30287)
Completed 200 OK in 21ms (Views: 19.3ms | ActiveRecord: 0.0ms | Allocations: 31360)


Started GET "/decks/new" for 127.0.0.1 at 2026-04-05 18:17:34 -0300
Processing by DecksController#new as HTML
  Rendering layout layouts/application.html.erb
  Rendering decks/new.html.erb within layouts/application
  Rendered shared/_landing_header.html.erb (Duration: 2.0ms | Allocations: 857)
  Rendered decks/new.html.erb within layouts/application (Duration: 2.4ms | Allocations: 1047)
  Rendered layout layouts/application.html.erb (Duration: 5.8ms | Allocations: 2955)
Completed 200 OK in 9ms (Views: 6.9ms | ActiveRecord: 0.0ms | Allocations: 3491)


Started GET "/" for 127.0.0.1 at 2026-04-05 18:18:00 -0300
Processing by HomeController#index as HTML
  Rendering layout layouts/application.html.erb
  Rendering home/index.html.erb within layouts/application
  Rendered shared/_landing_header.html.erb (Duration: 1.7ms | Allocations: 1196)
  Rendered shared/_flashcard_flip.html.erb (Duration: 0.4ms | Allocations: 430)
  Rendered home/index.html.erb within layouts/application (Duration: 3.6ms | Allocations: 2219)
  Rendered layout layouts/application.html.erb (Duration: 15.2ms | Allocations: 30261)
Completed 200 OK in 19ms (Views: 17.1ms | ActiveRecord: 0.0ms | Allocations: 31336)


Started GET "/decks/new" for 127.0.0.1 at 2026-04-05 18:18:53 -0300
Processing by DecksController#new as HTML
  Rendering layout layouts/application.html.erb
  Rendering decks/new.html.erb within layouts/application
  Rendered shared/_landing_header.html.erb (Duration: 2.2ms | Allocations: 856)
  Rendered decks/new.html.erb within layouts/application (Duration: 2.8ms | Allocations: 1047)
  Rendered layout layouts/application.html.erb (Duration: 6.2ms | Allocations: 2980)
Completed 200 OK in 10ms (Views: 7.8ms | ActiveRecord: 0.0ms | Allocations: 3517)


Started GET "/decks/new" for 127.0.0.1 at 2026-04-05 18:18:54 -0300
Processing by DecksController#new as HTML
  Rendering layout layouts/application.html.erb
  Rendering decks/new.html.erb within layouts/application
  Rendered shared/_landing_header.html.erb (Duration: 1.9ms | Allocations: 721)
  Rendered decks/new.html.erb within layouts/application (Duration: 2.1ms | Allocations: 786)
  Rendered layout layouts/application.html.erb (Duration: 4.7ms | Allocations: 2578)
Completed 200 OK in 6ms (Views: 5.0ms | ActiveRecord: 0.0ms | Allocations: 2822)


Started GET "/" for 127.0.0.1 at 2026-04-05 18:19:29 -0300
Processing by HomeController#index as HTML
  Rendering layout layouts/application.html.erb
  Rendering home/index.html.erb within layouts/application
  Rendered shared/_landing_header.html.erb (Duration: 1.8ms | Allocations: 721)
  Rendered shared/_flashcard_flip.html.erb (Duration: 0.2ms | Allocations: 36)
  Rendered home/index.html.erb within layouts/application (Duration: 2.4ms | Allocations: 924)
  Rendered layout layouts/application.html.erb (Duration: 4.7ms | Allocations: 2736)
Completed 200 OK in 6ms (Views: 5.1ms | ActiveRecord: 0.0ms | Allocations: 2980)


Started GET "/decks/new" for 127.0.0.1 at 2026-04-05 18:20:34 -0300
Processing by DecksController#new as HTML
  Rendering layout layouts/application.html.erb
  Rendering decks/new.html.erb within layouts/application
  Rendered shared/_landing_header.html.erb (Duration: 1.8ms | Allocations: 1199)
  Rendered decks/new.html.erb within layouts/application (Duration: 2.5ms | Allocations: 1461)
  Rendered layout layouts/application.html.erb (Duration: 16.8ms | Allocations: 29514)
Completed 200 OK in 20ms (Views: 18.4ms | ActiveRecord: 0.0ms | Allocations: 30587)


Started GET "/decks/new" for 127.0.0.1 at 2026-04-05 18:20:35 -0300
Processing by DecksController#new as HTML
  Rendering layout layouts/application.html.erb
  Rendering decks/new.html.erb within layouts/application
  Rendered shared/_landing_header.html.erb (Duration: 2.1ms | Allocations: 726)
  Rendered decks/new.html.erb within layouts/application (Duration: 2.3ms | Allocations: 791)
  Rendered layout layouts/application.html.erb (Duration: 5.6ms | Allocations: 2607)
Completed 200 OK in 7ms (Views: 6.0ms | ActiveRecord: 0.0ms | Allocations: 2869)


Started GET "/decks/new" for 127.0.0.1 at 2026-04-05 18:22:13 -0300
Processing by DecksController#new as HTML
  Rendering layout layouts/application.html.erb
  Rendering decks/new.html.erb within layouts/application
  Rendered shared/_landing_header.html.erb (Duration: 1.7ms | Allocations: 1199)
  Rendered decks/new.html.erb within layouts/application (Duration: 2.4ms | Allocations: 1465)
  Rendered layout layouts/application.html.erb (Duration: 12.1ms | Allocations: 29434)
Completed 200 OK in 15ms (Views: 13.9ms | ActiveRecord: 0.0ms | Allocations: 30507)


Started GET "/decks/new" for 127.0.0.1 at 2026-04-05 18:24:47 -0300
Processing by DecksController#new as HTML
  Rendering layout layouts/application.html.erb
  Rendering decks/new.html.erb within layouts/application
  Rendered shared/_landing_header.html.erb (Duration: 1.8ms | Allocations: 1199)
  Rendered decks/new.html.erb within layouts/application (Duration: 2.6ms | Allocations: 1491)
  Rendered layout layouts/application.html.erb (Duration: 16.6ms | Allocations: 29451)
Completed 200 OK in 20ms (Views: 18.5ms | ActiveRecord: 0.0ms | Allocations: 30524)


Started GET "/decks/new" for 127.0.0.1 at 2026-04-05 18:25:59 -0300
Processing by DecksController#new as HTML
  Rendering layout layouts/application.html.erb
  Rendering decks/new.html.erb within layouts/application
  Rendered shared/_landing_header.html.erb (Duration: 2.1ms | Allocations: 1199)
  Rendered decks/new.html.erb within layouts/application (Duration: 2.9ms | Allocations: 1489)
  Rendered layout layouts/application.html.erb (Duration: 18.8ms | Allocations: 29542)
Completed 200 OK in 22ms (Views: 20.6ms | ActiveRecord: 0.0ms | Allocations: 30615)


Started GET "/decks/new" for 127.0.0.1 at 2026-04-05 18:26:02 -0300
Processing by DecksController#new as HTML
  Rendering layout layouts/application.html.erb
  Rendering decks/new.html.erb within layouts/application
  Rendered shared/_landing_header.html.erb (Duration: 1.6ms | Allocations: 724)
  Rendered decks/new.html.erb within layouts/application (Duration: 1.7ms | Allocations: 789)
  Rendered layout layouts/application.html.erb (Duration: 3.9ms | Allocations: 2591)
Completed 200 OK in 6ms (Views: 4.2ms | ActiveRecord: 0.0ms | Allocations: 2853)


Started GET "/decks/new" for 127.0.0.1 at 2026-04-05 18:26:03 -0300
Processing by DecksController#new as HTML
  Rendering layout layouts/application.html.erb
  Rendering decks/new.html.erb within layouts/application
  Rendered shared/_landing_header.html.erb (Duration: 1.4ms | Allocations: 727)
  Rendered decks/new.html.erb within layouts/application (Duration: 1.5ms | Allocations: 792)
  Rendered layout layouts/application.html.erb (Duration: 3.2ms | Allocations: 2595)
Completed 200 OK in 4ms (Views: 3.4ms | ActiveRecord: 0.0ms | Allocations: 2839)


Started GET "/decks/new" for 127.0.0.1 at 2026-04-05 18:26:03 -0300
Processing by DecksController#new as HTML
  Rendering layout layouts/application.html.erb
  Rendering decks/new.html.erb within layouts/application
  Rendered shared/_landing_header.html.erb (Duration: 2.4ms | Allocations: 721)
  Rendered decks/new.html.erb within layouts/application (Duration: 2.6ms | Allocations: 786)
  Rendered layout layouts/application.html.erb (Duration: 6.2ms | Allocations: 2587)
Completed 200 OK in 8ms (Views: 6.7ms | ActiveRecord: 0.0ms | Allocations: 2831)


Started GET "/decks/new" for 127.0.0.1 at 2026-04-05 18:26:03 -0300
Processing by DecksController#new as HTML
  Rendering layout layouts/application.html.erb
  Rendering decks/new.html.erb within layouts/application
  Rendered shared/_landing_header.html.erb (Duration: 1.9ms | Allocations: 721)
  Rendered decks/new.html.erb within layouts/application (Duration: 2.0ms | Allocations: 786)
  Rendered layout layouts/application.html.erb (Duration: 5.2ms | Allocations: 2593)
Completed 200 OK in 6ms (Views: 5.5ms | ActiveRecord: 0.0ms | Allocations: 2837)


Started GET "/decks/new" for 127.0.0.1 at 2026-04-05 18:27:51 -0300
Processing by DecksController#new as HTML
  Rendering layout layouts/application.html.erb
  Rendering decks/new.html.erb within layouts/application
  Rendered shared/_landing_header.html.erb (Duration: 1.4ms | Allocations: 1192)
  Rendered decks/new.html.erb within layouts/application (Duration: 2.1ms | Allocations: 1486)
  Rendered layout layouts/application.html.erb (Duration: 15.0ms | Allocations: 29531)
Completed 200 OK in 18ms (Views: 16.6ms | ActiveRecord: 0.0ms | Allocations: 30604)


Started GET "/decks/new" for 127.0.0.1 at 2026-04-05 18:27:51 -0300
Processing by DecksController#new as HTML
  Rendering layout layouts/application.html.erb
  Rendering decks/new.html.erb within layouts/application
  Rendered shared/_landing_header.html.erb (Duration: 2.4ms | Allocations: 728)
  Rendered decks/new.html.erb within layouts/application (Duration: 2.6ms | Allocations: 793)
  Rendered layout layouts/application.html.erb (Duration: 5.9ms | Allocations: 2599)
Completed 200 OK in 7ms (Views: 6.3ms | ActiveRecord: 0.0ms | Allocations: 2862)


Started GET "/decks/new" for 127.0.0.1 at 2026-04-05 18:28:28 -0300
Processing by DecksController#new as HTML
  Rendering layout layouts/application.html.erb
  Rendering decks/new.html.erb within layouts/application
  Rendered shared/_landing_header.html.erb (Duration: 1.7ms | Allocations: 1199)
  Rendered decks/new.html.erb within layouts/application (Duration: 2.4ms | Allocations: 1491)
  Rendered layout layouts/application.html.erb (Duration: 15.1ms | Allocations: 29501)
Completed 200 OK in 18ms (Views: 16.6ms | ActiveRecord: 0.0ms | Allocations: 30574)


Started GET "/decks/new" for 127.0.0.1 at 2026-04-05 18:28:29 -0300
Processing by DecksController#new as HTML
  Rendering layout layouts/application.html.erb
  Rendering decks/new.html.erb within layouts/application
  Rendered shared/_landing_header.html.erb (Duration: 1.5ms | Allocations: 725)
  Rendered decks/new.html.erb within layouts/application (Duration: 1.7ms | Allocations: 790)
  Rendered layout layouts/application.html.erb (Duration: 3.7ms | Allocations: 2586)
Completed 200 OK in 5ms (Views: 4.1ms | ActiveRecord: 0.0ms | Allocations: 2848)


Started GET "/decks/new" for 127.0.0.1 at 2026-04-05 18:28:30 -0300
Processing by DecksController#new as HTML
  Rendering layout layouts/application.html.erb
  Rendering decks/new.html.erb within layouts/application
  Rendered shared/_landing_header.html.erb (Duration: 1.8ms | Allocations: 721)
  Rendered decks/new.html.erb within layouts/application (Duration: 1.9ms | Allocations: 786)
  Rendered layout layouts/application.html.erb (Duration: 4.5ms | Allocations: 2581)
Completed 200 OK in 6ms (Views: 4.9ms | ActiveRecord: 0.0ms | Allocations: 2825)


Started GET "/decks/new" for 127.0.0.1 at 2026-04-05 18:28:30 -0300
Processing by DecksController#new as HTML
  Rendering layout layouts/application.html.erb
  Rendering decks/new.html.erb within layouts/application
  Rendered shared/_landing_header.html.erb (Duration: 2.2ms | Allocations: 723)
  Rendered decks/new.html.erb within layouts/application (Duration: 2.6ms | Allocations: 788)
  Rendered layout layouts/application.html.erb (Duration: 6.0ms | Allocations: 2592)
Completed 200 OK in 8ms (Views: 6.6ms | ActiveRecord: 0.0ms | Allocations: 2836)


Started GET "/decks/new" for 127.0.0.1 at 2026-04-05 18:28:30 -0300
Processing by DecksController#new as HTML
  Rendering layout layouts/application.html.erb
  Rendering decks/new.html.erb within layouts/application
  Rendered shared/_landing_header.html.erb (Duration: 2.1ms | Allocations: 721)
  Rendered decks/new.html.erb within layouts/application (Duration: 2.3ms | Allocations: 786)
  Rendered layout layouts/application.html.erb (Duration: 5.2ms | Allocations: 2590)
Completed 200 OK in 7ms (Views: 5.7ms | ActiveRecord: 0.0ms | Allocations: 2835)


Started GET "/decks/new" for 127.0.0.1 at 2026-04-05 18:28:30 -0300
Processing by DecksController#new as HTML
  Rendering layout layouts/application.html.erb
  Rendering decks/new.html.erb within layouts/application
  Rendered shared/_landing_header.html.erb (Duration: 1.6ms | Allocations: 721)
  Rendered decks/new.html.erb within layouts/application (Duration: 1.8ms | Allocations: 786)
  Rendered layout layouts/application.html.erb (Duration: 7.8ms | Allocations: 2593)
Completed 200 OK in 9ms (Views: 8.2ms | ActiveRecord: 0.0ms | Allocations: 2838)


Started GET "/decks/new" for 127.0.0.1 at 2026-04-05 18:28:30 -0300
Processing by DecksController#new as HTML
  Rendering layout layouts/application.html.erb
  Rendering decks/new.html.erb within layouts/application
  Rendered shared/_landing_header.html.erb (Duration: 1.5ms | Allocations: 727)
  Rendered decks/new.html.erb within layouts/application (Duration: 1.7ms | Allocations: 792)
  Rendered layout layouts/application.html.erb (Duration: 4.4ms | Allocations: 2609)
Completed 200 OK in 6ms (Views: 4.6ms | ActiveRecord: 0.0ms | Allocations: 2854)


Started GET "/decks/new" for 127.0.0.1 at 2026-04-05 18:28:31 -0300
Processing by DecksController#new as HTML
  Rendering layout layouts/application.html.erb
  Rendering decks/new.html.erb within layouts/application
  Rendered shared/_landing_header.html.erb (Duration: 1.1ms | Allocations: 721)
  Rendered decks/new.html.erb within layouts/application (Duration: 1.2ms | Allocations: 786)
  Rendered layout layouts/application.html.erb (Duration: 2.7ms | Allocations: 2587)
Completed 200 OK in 4ms (Views: 3.1ms | ActiveRecord: 0.0ms | Allocations: 2831)


Started GET "/decks/new" for 127.0.0.1 at 2026-04-05 18:29:29 -0300
Processing by DecksController#new as HTML
  Rendering layout layouts/application.html.erb
  Rendering decks/new.html.erb within layouts/application
  Rendered shared/_landing_header.html.erb (Duration: 1.6ms | Allocations: 1199)
  Rendered decks/new.html.erb within layouts/application (Duration: 2.4ms | Allocations: 1493)
  Rendered layout layouts/application.html.erb (Duration: 14.1ms | Allocations: 29519)
Completed 200 OK in 17ms (Views: 15.7ms | ActiveRecord: 0.0ms | Allocations: 30592)


Started GET "/decks/new" for 127.0.0.1 at 2026-04-05 18:29:58 -0300
Processing by DecksController#new as HTML
  Rendering layout layouts/application.html.erb
  Rendering decks/new.html.erb within layouts/application
  Rendered shared/_landing_header.html.erb (Duration: 1.5ms | Allocations: 1199)
  Rendered decks/new.html.erb within layouts/application (Duration: 2.5ms | Allocations: 1491)
  Rendered layout layouts/application.html.erb (Duration: 13.1ms | Allocations: 29602)
Completed 200 OK in 16ms (Views: 14.7ms | ActiveRecord: 0.0ms | Allocations: 30675)


Started GET "/decks/new" for 127.0.0.1 at 2026-04-05 18:30:10 -0300
Processing by DecksController#new as HTML
  Rendering layout layouts/application.html.erb
  Rendering decks/new.html.erb within layouts/application
  Rendered shared/_landing_header.html.erb (Duration: 1.5ms | Allocations: 1199)
  Rendered decks/new.html.erb within layouts/application (Duration: 2.3ms | Allocations: 1493)
  Rendered layout layouts/application.html.erb (Duration: 13.3ms | Allocations: 29454)
Completed 200 OK in 16ms (Views: 14.8ms | ActiveRecord: 0.0ms | Allocations: 30529)


Started GET "/decks/new" for 127.0.0.1 at 2026-04-05 18:30:14 -0300
Processing by DecksController#new as HTML
  Rendering layout layouts/application.html.erb
  Rendering decks/new.html.erb within layouts/application
  Rendered shared/_landing_header.html.erb (Duration: 1.6ms | Allocations: 1199)
  Rendered decks/new.html.erb within layouts/application (Duration: 2.2ms | Allocations: 1488)
  Rendered layout layouts/application.html.erb (Duration: 15.5ms | Allocations: 29548)
Completed 200 OK in 18ms (Views: 17.0ms | ActiveRecord: 0.0ms | Allocations: 30622)


Started GET "/decks/new" for 127.0.0.1 at 2026-04-05 18:30:23 -0300
Processing by DecksController#new as HTML
  Rendering layout layouts/application.html.erb
  Rendering decks/new.html.erb within layouts/application
  Rendered shared/_landing_header.html.erb (Duration: 1.9ms | Allocations: 1200)
  Rendered decks/new.html.erb within layouts/application (Duration: 2.7ms | Allocations: 1493)
  Rendered layout layouts/application.html.erb (Duration: 13.9ms | Allocations: 29449)
Completed 200 OK in 17ms (Views: 15.5ms | ActiveRecord: 0.0ms | Allocations: 30523)


Started GET "/decks/new" for 127.0.0.1 at 2026-04-05 18:30:30 -0300
Processing by DecksController#new as HTML
  Rendering layout layouts/application.html.erb
  Rendering decks/new.html.erb within layouts/application
  Rendered shared/_landing_header.html.erb (Duration: 1.4ms | Allocations: 1199)
  Rendered decks/new.html.erb within layouts/application (Duration: 2.1ms | Allocations: 1490)
  Rendered layout layouts/application.html.erb (Duration: 12.2ms | Allocations: 29465)
Completed 200 OK in 15ms (Views: 13.9ms | ActiveRecord: 0.0ms | Allocations: 30539)


Started GET "/decks/new" for 127.0.0.1 at 2026-04-05 18:30:31 -0300
Processing by DecksController#new as HTML
  Rendering layout layouts/application.html.erb
  Rendering decks/new.html.erb within layouts/application
  Rendered shared/_landing_header.html.erb (Duration: 1.7ms | Allocations: 721)
  Rendered decks/new.html.erb within layouts/application (Duration: 2.0ms | Allocations: 786)
  Rendered layout layouts/application.html.erb (Duration: 4.4ms | Allocations: 2587)
Completed 200 OK in 6ms (Views: 4.9ms | ActiveRecord: 0.0ms | Allocations: 2849)


Started GET "/decks/new" for 127.0.0.1 at 2026-04-05 18:30:37 -0300
Processing by DecksController#new as HTML
  Rendering layout layouts/application.html.erb
  Rendering decks/new.html.erb within layouts/application
  Rendered shared/_landing_header.html.erb (Duration: 1.9ms | Allocations: 1199)
  Rendered decks/new.html.erb within layouts/application (Duration: 2.7ms | Allocations: 1488)
  Rendered layout layouts/application.html.erb (Duration: 16.6ms | Allocations: 29532)
Completed 200 OK in 19ms (Views: 18.3ms | ActiveRecord: 0.0ms | Allocations: 30606)


Started GET "/decks/new" for 127.0.0.1 at 2026-04-05 18:30:38 -0300
Processing by DecksController#new as HTML
  Rendering layout layouts/application.html.erb
  Rendering decks/new.html.erb within layouts/application
  Rendered shared/_landing_header.html.erb (Duration: 1.2ms | Allocations: 727)
  Rendered decks/new.html.erb within layouts/application (Duration: 1.3ms | Allocations: 792)
  Rendered layout layouts/application.html.erb (Duration: 3.3ms | Allocations: 2601)
Completed 200 OK in 4ms (Views: 3.6ms | ActiveRecord: 0.0ms | Allocations: 2863)


Started GET "/decks/new" for 127.0.0.1 at 2026-04-05 18:30:43 -0300
Processing by DecksController#new as HTML
  Rendering layout layouts/application.html.erb
  Rendering decks/new.html.erb within layouts/application
  Rendered shared/_landing_header.html.erb (Duration: 1.6ms | Allocations: 1192)
  Rendered decks/new.html.erb within layouts/application (Duration: 2.2ms | Allocations: 1485)
  Rendered layout layouts/application.html.erb (Duration: 13.0ms | Allocations: 29488)
Completed 200 OK in 16ms (Views: 14.7ms | ActiveRecord: 0.0ms | Allocations: 30562)


Started GET "/" for 127.0.0.1 at 2026-04-05 18:31:08 -0300
Processing by HomeController#index as HTML
  Rendering layout layouts/application.html.erb
  Rendering home/index.html.erb within layouts/application
  Rendered shared/_landing_header.html.erb (Duration: 2.1ms | Allocations: 856)
  Rendered shared/_flashcard_flip.html.erb (Duration: 0.7ms | Allocations: 430)
  Rendered home/index.html.erb within layouts/application (Duration: 4.6ms | Allocations: 1807)
  Rendered layout layouts/application.html.erb (Duration: 7.3ms | Allocations: 3729)
Completed 200 OK in 15ms (Views: 8.8ms | ActiveRecord: 0.0ms | Allocations: 4266)


Started GET "/decks/new" for 127.0.0.1 at 2026-04-05 18:31:09 -0300
Processing by DecksController#new as HTML
  Rendering layout layouts/application.html.erb
  Rendering decks/new.html.erb within layouts/application
  Rendered shared/_landing_header.html.erb (Duration: 3.2ms | Allocations: 728)
  Rendered decks/new.html.erb within layouts/application (Duration: 3.6ms | Allocations: 793)
  Rendered layout layouts/application.html.erb (Duration: 8.6ms | Allocations: 2607)
Completed 200 OK in 11ms (Views: 9.4ms | ActiveRecord: 0.0ms | Allocations: 2852)


Started GET "/decks/new" for 127.0.0.1 at 2026-04-05 18:31:18 -0300
Processing by DecksController#new as HTML
  Rendering layout layouts/application.html.erb
  Rendering decks/new.html.erb within layouts/application
  Rendered shared/_landing_header.html.erb (Duration: 2.0ms | Allocations: 721)
  Rendered decks/new.html.erb within layouts/application (Duration: 2.2ms | Allocations: 786)
  Rendered layout layouts/application.html.erb (Duration: 4.9ms | Allocations: 2578)
Completed 200 OK in 6ms (Views: 5.3ms | ActiveRecord: 0.0ms | Allocations: 2822)


Started GET "/decks/new" for 127.0.0.1 at 2026-04-05 18:31:18 -0300
Processing by DecksController#new as HTML
  Rendering layout layouts/application.html.erb
  Rendering decks/new.html.erb within layouts/application
  Rendered shared/_landing_header.html.erb (Duration: 2.6ms | Allocations: 722)
  Rendered decks/new.html.erb within layouts/application (Duration: 2.8ms | Allocations: 787)
  Rendered layout layouts/application.html.erb (Duration: 5.7ms | Allocations: 2591)
Completed 200 OK in 7ms (Views: 6.2ms | ActiveRecord: 0.0ms | Allocations: 2836)


Started GET "/decks/new" for 127.0.0.1 at 2026-04-05 18:31:35 -0300
Processing by DecksController#new as HTML
  Rendering layout layouts/application.html.erb
  Rendering decks/new.html.erb within layouts/application
  Rendered shared/_landing_header.html.erb (Duration: 2.2ms | Allocations: 1198)
  Rendered decks/new.html.erb within layouts/application (Duration: 3.4ms | Allocations: 1492)
  Rendered layout layouts/application.html.erb (Duration: 16.7ms | Allocations: 29544)
Completed 200 OK in 20ms (Views: 18.8ms | ActiveRecord: 0.0ms | Allocations: 30617)


Started GET "/decks/new" for 127.0.0.1 at 2026-04-05 18:32:17 -0300
Processing by DecksController#new as HTML
  Rendering layout layouts/application.html.erb
  Rendering decks/new.html.erb within layouts/application
  Rendered shared/_landing_header.html.erb (Duration: 1.9ms | Allocations: 1199)
  Rendered decks/new.html.erb within layouts/application (Duration: 2.8ms | Allocations: 1494)
  Rendered layout layouts/application.html.erb (Duration: 14.8ms | Allocations: 29571)
Completed 200 OK in 19ms (Views: 17.0ms | ActiveRecord: 0.0ms | Allocations: 30644)


Started GET "/decks/new" for 127.0.0.1 at 2026-04-05 18:32:19 -0300
Processing by DecksController#new as HTML
  Rendering layout layouts/application.html.erb
  Rendering decks/new.html.erb within layouts/application
  Rendered shared/_landing_header.html.erb (Duration: 2.1ms | Allocations: 724)
  Rendered decks/new.html.erb within layouts/application (Duration: 2.4ms | Allocations: 789)
  Rendered layout layouts/application.html.erb (Duration: 6.9ms | Allocations: 2589)
Completed 200 OK in 9ms (Views: 7.7ms | ActiveRecord: 0.0ms | Allocations: 2852)


Started GET "/decks/new" for 127.0.0.1 at 2026-04-05 18:32:26 -0300
Processing by DecksController#new as HTML
  Rendering layout layouts/application.html.erb
  Rendering decks/new.html.erb within layouts/application
  Rendered shared/_landing_header.html.erb (Duration: 7.8ms | Allocations: 721)
  Rendered decks/new.html.erb within layouts/application (Duration: 8.0ms | Allocations: 786)
  Rendered layout layouts/application.html.erb (Duration: 34.8ms | Allocations: 2599)
Completed 200 OK in 37ms (Views: 35.6ms | ActiveRecord: 0.0ms | Allocations: 2843)


Started GET "/decks/new" for 127.0.0.1 at 2026-04-05 18:32:27 -0300
Processing by DecksController#new as HTML
  Rendering layout layouts/application.html.erb
  Rendering decks/new.html.erb within layouts/application
  Rendered shared/_landing_header.html.erb (Duration: 5.6ms | Allocations: 721)
  Rendered decks/new.html.erb within layouts/application (Duration: 5.7ms | Allocations: 786)
  Rendered layout layouts/application.html.erb (Duration: 12.2ms | Allocations: 2600)
Completed 200 OK in 13ms (Views: 12.5ms | ActiveRecord: 0.0ms | Allocations: 2845)


Started GET "/decks/new" for 127.0.0.1 at 2026-04-05 18:32:31 -0300
Processing by DecksController#new as HTML
  Rendering layout layouts/application.html.erb
  Rendering decks/new.html.erb within layouts/application
  Rendered shared/_landing_header.html.erb (Duration: 2.2ms | Allocations: 721)
  Rendered decks/new.html.erb within layouts/application (Duration: 2.3ms | Allocations: 786)
  Rendered layout layouts/application.html.erb (Duration: 6.1ms | Allocations: 2593)
Completed 200 OK in 8ms (Views: 6.5ms | ActiveRecord: 0.0ms | Allocations: 2837)


Started GET "/decks/new" for 127.0.0.1 at 2026-04-05 18:33:08 -0300
Processing by DecksController#new as HTML
  Rendering layout layouts/application.html.erb
  Rendering decks/new.html.erb within layouts/application
  Rendered shared/_landing_header.html.erb (Duration: 2.2ms | Allocations: 721)
  Rendered decks/new.html.erb within layouts/application (Duration: 2.4ms | Allocations: 786)
  Rendered layout layouts/application.html.erb (Duration: 4.6ms | Allocations: 2608)
Completed 200 OK in 6ms (Views: 5.1ms | ActiveRecord: 0.0ms | Allocations: 2852)


Started GET "/decks/new" for 127.0.0.1 at 2026-04-05 18:33:08 -0300
Processing by DecksController#new as HTML
  Rendering layout layouts/application.html.erb
  Rendering decks/new.html.erb within layouts/application
  Rendered shared/_landing_header.html.erb (Duration: 3.2ms | Allocations: 721)
  Rendered decks/new.html.erb within layouts/application (Duration: 3.5ms | Allocations: 786)
  Rendered layout layouts/application.html.erb (Duration: 6.4ms | Allocations: 2599)
Completed 200 OK in 8ms (Views: 6.9ms | ActiveRecord: 0.0ms | Allocations: 2843)


Started GET "/decks/new" for 127.0.0.1 at 2026-04-05 18:33:08 -0300
Processing by DecksController#new as HTML
  Rendering layout layouts/application.html.erb
  Rendering decks/new.html.erb within layouts/application
  Rendered shared/_landing_header.html.erb (Duration: 1.8ms | Allocations: 721)
  Rendered decks/new.html.erb within layouts/application (Duration: 2.0ms | Allocations: 786)
  Rendered layout layouts/application.html.erb (Duration: 4.4ms | Allocations: 2605)
Completed 200 OK in 6ms (Views: 4.8ms | ActiveRecord: 0.0ms | Allocations: 2849)


Started GET "/decks/new" for 127.0.0.1 at 2026-04-05 18:33:16 -0300
Processing by DecksController#new as HTML
  Rendering layout layouts/application.html.erb
  Rendering decks/new.html.erb within layouts/application
  Rendered shared/_landing_header.html.erb (Duration: 1.4ms | Allocations: 1199)
  Rendered decks/new.html.erb within layouts/application (Duration: 2.0ms | Allocations: 1496)
  Rendered layout layouts/application.html.erb (Duration: 11.1ms | Allocations: 29545)
Completed 200 OK in 14ms (Views: 12.6ms | ActiveRecord: 0.0ms | Allocations: 30617)


Started GET "/decks/new" for 127.0.0.1 at 2026-04-05 18:33:17 -0300
Processing by DecksController#new as HTML
  Rendering layout layouts/application.html.erb
  Rendering decks/new.html.erb within layouts/application
  Rendered shared/_landing_header.html.erb (Duration: 2.5ms | Allocations: 721)
  Rendered decks/new.html.erb within layouts/application (Duration: 2.7ms | Allocations: 786)
  Rendered layout layouts/application.html.erb (Duration: 5.4ms | Allocations: 2581)
Completed 200 OK in 7ms (Views: 5.9ms | ActiveRecord: 0.0ms | Allocations: 2843)


Started GET "/decks/new" for 127.0.0.1 at 2026-04-05 18:33:17 -0300
Processing by DecksController#new as HTML
  Rendering layout layouts/application.html.erb
  Rendering decks/new.html.erb within layouts/application
  Rendered shared/_landing_header.html.erb (Duration: 2.8ms | Allocations: 721)
  Rendered decks/new.html.erb within layouts/application (Duration: 3.1ms | Allocations: 786)
  Rendered layout layouts/application.html.erb (Duration: 5.8ms | Allocations: 2584)
Completed 200 OK in 8ms (Views: 6.5ms | ActiveRecord: 0.0ms | Allocations: 2829)


Started GET "/decks/new" for 127.0.0.1 at 2026-04-05 18:35:27 -0300
Processing by DecksController#new as HTML
  Rendering layout layouts/application.html.erb
  Rendering decks/new.html.erb within layouts/application
  Rendered shared/_landing_header.html.erb (Duration: 2.0ms | Allocations: 1199)
  Rendered decks/new.html.erb within layouts/application (Duration: 2.8ms | Allocations: 1494)
  Rendered layout layouts/application.html.erb (Duration: 16.1ms | Allocations: 29455)
Completed 200 OK in 19ms (Views: 17.9ms | ActiveRecord: 0.0ms | Allocations: 30529)


Started GET "/decks/new" for 127.0.0.1 at 2026-04-05 18:35:28 -0300
Processing by DecksController#new as HTML
  Rendering layout layouts/application.html.erb
  Rendering decks/new.html.erb within layouts/application
  Rendered shared/_landing_header.html.erb (Duration: 1.6ms | Allocations: 727)
  Rendered decks/new.html.erb within layouts/application (Duration: 1.8ms | Allocations: 792)
  Rendered layout layouts/application.html.erb (Duration: 5.5ms | Allocations: 2601)
Completed 200 OK in 7ms (Views: 6.0ms | ActiveRecord: 0.0ms | Allocations: 2863)


Started GET "/decks/new" for 127.0.0.1 at 2026-04-05 18:35:28 -0300
Processing by DecksController#new as HTML
  Rendering layout layouts/application.html.erb
  Rendering decks/new.html.erb within layouts/application
  Rendered shared/_landing_header.html.erb (Duration: 2.2ms | Allocations: 721)
  Rendered decks/new.html.erb within layouts/application (Duration: 2.4ms | Allocations: 786)
  Rendered layout layouts/application.html.erb (Duration: 5.5ms | Allocations: 2587)
Completed 200 OK in 7ms (Views: 6.1ms | ActiveRecord: 0.0ms | Allocations: 2831)


Started GET "/decks/new" for 127.0.0.1 at 2026-04-05 18:35:28 -0300
Processing by DecksController#new as HTML
  Rendering layout layouts/application.html.erb
  Rendering decks/new.html.erb within layouts/application
  Rendered shared/_landing_header.html.erb (Duration: 2.4ms | Allocations: 724)
  Rendered decks/new.html.erb within layouts/application (Duration: 2.6ms | Allocations: 789)
  Rendered layout layouts/application.html.erb (Duration: 5.6ms | Allocations: 2582)
Completed 200 OK in 7ms (Views: 6.1ms | ActiveRecord: 0.0ms | Allocations: 2826)


Started GET "/decks/new" for 127.0.0.1 at 2026-04-05 18:35:28 -0300
Processing by DecksController#new as HTML
  Rendering layout layouts/application.html.erb
  Rendering decks/new.html.erb within layouts/application
  Rendered shared/_landing_header.html.erb (Duration: 2.5ms | Allocations: 721)
  Rendered decks/new.html.erb within layouts/application (Duration: 2.7ms | Allocations: 786)
  Rendered layout layouts/application.html.erb (Duration: 5.0ms | Allocations: 2593)
Completed 200 OK in 7ms (Views: 5.6ms | ActiveRecord: 0.0ms | Allocations: 2837)


Started GET "/" for 127.0.0.1 at 2026-04-05 18:38:48 -0300
Processing by HomeController#index as HTML
  Rendering layout layouts/application.html.erb
  Rendering home/index.html.erb within layouts/application
  Rendered shared/_landing_header.html.erb (Duration: 1.9ms | Allocations: 853)
  Rendered shared/_flashcard_flip.html.erb (Duration: 0.7ms | Allocations: 430)
  Rendered home/index.html.erb within layouts/application (Duration: 3.9ms | Allocations: 1804)
  Rendered layout layouts/application.html.erb (Duration: 6.4ms | Allocations: 3738)
Completed 200 OK in 9ms (Views: 7.6ms | ActiveRecord: 0.0ms | Allocations: 4275)


Started GET "/decks/new" for 127.0.0.1 at 2026-04-05 18:38:57 -0300
Processing by DecksController#new as HTML
  Rendering layout layouts/application.html.erb
  Rendering decks/new.html.erb within layouts/application
  Rendered shared/_landing_header.html.erb (Duration: 1.2ms | Allocations: 1199)
  Rendered decks/new.html.erb within layouts/application (Duration: 1.8ms | Allocations: 1493)
  Rendered layout layouts/application.html.erb (Duration: 12.3ms | Allocations: 29568)
Completed 200 OK in 15ms (Views: 14.0ms | ActiveRecord: 0.0ms | Allocations: 30642)


Started GET "/decks/new" for 127.0.0.1 at 2026-04-05 18:38:58 -0300
Processing by DecksController#new as HTML
  Rendering layout layouts/application.html.erb
  Rendering decks/new.html.erb within layouts/application
  Rendered shared/_landing_header.html.erb (Duration: 2.0ms | Allocations: 724)
  Rendered decks/new.html.erb within layouts/application (Duration: 2.2ms | Allocations: 789)
  Rendered layout layouts/application.html.erb (Duration: 6.1ms | Allocations: 2588)
Completed 200 OK in 8ms (Views: 6.9ms | ActiveRecord: 0.0ms | Allocations: 2850)


Started GET "/decks/new" for 127.0.0.1 at 2026-04-05 18:38:58 -0300
Processing by DecksController#new as HTML
  Rendering layout layouts/application.html.erb
  Rendering decks/new.html.erb within layouts/application
  Rendered shared/_landing_header.html.erb (Duration: 5.3ms | Allocations: 722)
  Rendered decks/new.html.erb within layouts/application (Duration: 5.7ms | Allocations: 787)
  Rendered layout layouts/application.html.erb (Duration: 11.0ms | Allocations: 2585)
Completed 200 OK in 14ms (Views: 11.8ms | ActiveRecord: 0.0ms | Allocations: 2830)


Started GET "/decks/new" for 127.0.0.1 at 2026-04-05 18:38:58 -0300
Processing by DecksController#new as HTML
  Rendering layout layouts/application.html.erb
  Rendering decks/new.html.erb within layouts/application
  Rendered shared/_landing_header.html.erb (Duration: 2.5ms | Allocations: 721)
  Rendered decks/new.html.erb within layouts/application (Duration: 2.7ms | Allocations: 786)
  Rendered layout layouts/application.html.erb (Duration: 5.5ms | Allocations: 2581)
Completed 200 OK in 7ms (Views: 6.0ms | ActiveRecord: 0.0ms | Allocations: 2825)


Started GET "/decks/new" for 127.0.0.1 at 2026-04-05 18:38:58 -0300
Processing by DecksController#new as HTML
  Rendering layout layouts/application.html.erb
  Rendering decks/new.html.erb within layouts/application
  Rendered shared/_landing_header.html.erb (Duration: 1.6ms | Allocations: 724)
  Rendered decks/new.html.erb within layouts/application (Duration: 1.7ms | Allocations: 789)
  Rendered layout layouts/application.html.erb (Duration: 3.8ms | Allocations: 2582)
Completed 200 OK in 5ms (Views: 4.3ms | ActiveRecord: 0.0ms | Allocations: 2826)


Started GET "/decks/new" for 127.0.0.1 at 2026-04-05 18:39:11 -0300
Processing by DecksController#new as HTML
  Rendering layout layouts/application.html.erb
  Rendering decks/new.html.erb within layouts/application
  Rendered shared/_landing_header.html.erb (Duration: 2.3ms | Allocations: 721)
  Rendered decks/new.html.erb within layouts/application (Duration: 2.5ms | Allocations: 786)
  Rendered layout layouts/application.html.erb (Duration: 5.8ms | Allocations: 2595)
Completed 200 OK in 7ms (Views: 6.2ms | ActiveRecord: 0.0ms | Allocations: 2839)


Started GET "/decks/new" for 127.0.0.1 at 2026-04-05 18:41:28 -0300
Processing by DecksController#new as HTML
  Rendering layout layouts/application.html.erb
  Rendering decks/new.html.erb within layouts/application
  Rendered shared/_landing_header.html.erb (Duration: 2.0ms | Allocations: 1199)
  Rendered decks/new.html.erb within layouts/application (Duration: 2.8ms | Allocations: 1495)
  Rendered layout layouts/application.html.erb (Duration: 15.2ms | Allocations: 29674)
Completed 200 OK in 19ms (Views: 17.1ms | ActiveRecord: 0.0ms | Allocations: 30748)


Started GET "/decks/new" for 127.0.0.1 at 2026-04-05 18:55:14 -0300
Processing by DecksController#new as HTML
  Rendering layout layouts/application.html.erb
  Rendering decks/new.html.erb within layouts/application
  Rendered shared/_landing_header.html.erb (Duration: 2.3ms | Allocations: 1199)
  Rendered decks/new.html.erb within layouts/application (Duration: 3.1ms | Allocations: 1493)
  Rendered layout layouts/application.html.erb (Duration: 20.4ms | Allocations: 29528)
Completed 200 OK in 25ms (Views: 23.1ms | ActiveRecord: 0.0ms | Allocations: 30602)


Started GET "/decks/new" for 127.0.0.1 at 2026-04-05 18:55:14 -0300
Processing by DecksController#new as HTML
  Rendering layout layouts/application.html.erb
  Rendering decks/new.html.erb within layouts/application
  Rendered shared/_landing_header.html.erb (Duration: 1.4ms | Allocations: 728)
  Rendered decks/new.html.erb within layouts/application (Duration: 1.6ms | Allocations: 793)
  Rendered layout layouts/application.html.erb (Duration: 3.4ms | Allocations: 2584)
Completed 200 OK in 5ms (Views: 3.9ms | ActiveRecord: 0.0ms | Allocations: 2846)


Started GET "/decks/new" for 127.0.0.1 at 2026-04-05 18:55:15 -0300
Processing by DecksController#new as HTML
  Rendering layout layouts/application.html.erb
  Rendering decks/new.html.erb within layouts/application
  Rendered shared/_landing_header.html.erb (Duration: 1.9ms | Allocations: 721)
  Rendered decks/new.html.erb within layouts/application (Duration: 2.0ms | Allocations: 786)
  Rendered layout layouts/application.html.erb (Duration: 4.6ms | Allocations: 2584)
Completed 200 OK in 6ms (Views: 4.9ms | ActiveRecord: 0.0ms | Allocations: 2828)


Started GET "/decks/new" for 127.0.0.1 at 2026-04-05 18:55:20 -0300
Processing by DecksController#new as HTML
  Rendering layout layouts/application.html.erb
  Rendering decks/new.html.erb within layouts/application
  Rendered shared/_landing_header.html.erb (Duration: 1.7ms | Allocations: 722)
  Rendered decks/new.html.erb within layouts/application (Duration: 1.9ms | Allocations: 787)
  Rendered layout layouts/application.html.erb (Duration: 4.0ms | Allocations: 2592)
Completed 200 OK in 5ms (Views: 4.3ms | ActiveRecord: 0.0ms | Allocations: 2836)


Started GET "/decks/new" for 127.0.0.1 at 2026-04-05 18:55:20 -0300
Processing by DecksController#new as HTML
  Rendering layout layouts/application.html.erb
  Rendering decks/new.html.erb within layouts/application
  Rendered shared/_landing_header.html.erb (Duration: 1.8ms | Allocations: 721)
  Rendered decks/new.html.erb within layouts/application (Duration: 1.9ms | Allocations: 786)
  Rendered layout layouts/application.html.erb (Duration: 3.4ms | Allocations: 2587)
Completed 200 OK in 5ms (Views: 3.8ms | ActiveRecord: 0.0ms | Allocations: 2832)


Started GET "/decks/new" for 127.0.0.1 at 2026-04-05 18:55:20 -0300
Processing by DecksController#new as HTML
  Rendering layout layouts/application.html.erb
  Rendering decks/new.html.erb within layouts/application
  Rendered shared/_landing_header.html.erb (Duration: 1.2ms | Allocations: 721)
  Rendered decks/new.html.erb within layouts/application (Duration: 1.2ms | Allocations: 786)
  Rendered layout layouts/application.html.erb (Duration: 3.0ms | Allocations: 2590)
Completed 200 OK in 4ms (Views: 3.3ms | ActiveRecord: 0.0ms | Allocations: 2834)


Started GET "/decks/new" for 127.0.0.1 at 2026-04-05 18:55:21 -0300
Processing by DecksController#new as HTML
  Rendering layout layouts/application.html.erb
  Rendering decks/new.html.erb within layouts/application
  Rendered shared/_landing_header.html.erb (Duration: 1.1ms | Allocations: 721)
  Rendered decks/new.html.erb within layouts/application (Duration: 1.2ms | Allocations: 786)
  Rendered layout layouts/application.html.erb (Duration: 2.6ms | Allocations: 2605)
Completed 200 OK in 3ms (Views: 2.8ms | ActiveRecord: 0.0ms | Allocations: 2849)


Started GET "/decks/new" for 127.0.0.1 at 2026-04-05 18:56:27 -0300
Processing by DecksController#new as HTML
  Rendering layout layouts/application.html.erb
  Rendering decks/new.html.erb within layouts/application
  Rendered shared/_landing_header.html.erb (Duration: 2.2ms | Allocations: 1199)
  Rendered decks/new.html.erb within layouts/application (Duration: 3.3ms | Allocations: 1497)
  Rendered layout layouts/application.html.erb (Duration: 14.6ms | Allocations: 29530)
Completed 200 OK in 18ms (Views: 16.5ms | ActiveRecord: 0.0ms | Allocations: 30604)


Started GET "/decks/new" for 127.0.0.1 at 2026-04-05 18:56:28 -0300
Processing by DecksController#new as HTML
  Rendering layout layouts/application.html.erb
  Rendering decks/new.html.erb within layouts/application
  Rendered shared/_landing_header.html.erb (Duration: 1.7ms | Allocations: 724)
  Rendered decks/new.html.erb within layouts/application (Duration: 1.9ms | Allocations: 789)
  Rendered layout layouts/application.html.erb (Duration: 4.6ms | Allocations: 2589)
Completed 200 OK in 6ms (Views: 5.1ms | ActiveRecord: 0.0ms | Allocations: 2852)


Started GET "/decks/new" for 127.0.0.1 at 2026-04-05 18:58:08 -0300
Processing by DecksController#new as HTML
  Rendering layout layouts/application.html.erb
  Rendering decks/new.html.erb within layouts/application
  Rendered shared/_landing_header.html.erb (Duration: 1.3ms | Allocations: 1199)
  Rendered decks/new.html.erb within layouts/application (Duration: 1.9ms | Allocations: 1495)
  Rendered layout layouts/application.html.erb (Duration: 12.2ms | Allocations: 29613)
Completed 200 OK in 15ms (Views: 13.8ms | ActiveRecord: 0.0ms | Allocations: 30688)


Started GET "/decks/new" for 127.0.0.1 at 2026-04-05 18:58:46 -0300
Processing by DecksController#new as HTML
  Rendering layout layouts/application.html.erb
  Rendering decks/new.html.erb within layouts/application
  Rendered shared/_landing_header.html.erb (Duration: 1.8ms | Allocations: 1199)
  Rendered decks/new.html.erb within layouts/application (Duration: 2.8ms | Allocations: 1493)
  Rendered layout layouts/application.html.erb (Duration: 16.4ms | Allocations: 29378)
Completed 200 OK in 20ms (Views: 18.6ms | ActiveRecord: 0.0ms | Allocations: 30453)


Started GET "/decks/new" for 127.0.0.1 at 2026-04-05 18:58:47 -0300
Processing by DecksController#new as HTML
  Rendering layout layouts/application.html.erb
  Rendering decks/new.html.erb within layouts/application
  Rendered shared/_landing_header.html.erb (Duration: 2.4ms | Allocations: 728)
  Rendered decks/new.html.erb within layouts/application (Duration: 2.7ms | Allocations: 793)
  Rendered layout layouts/application.html.erb (Duration: 5.1ms | Allocations: 2610)
Completed 200 OK in 7ms (Views: 5.7ms | ActiveRecord: 0.0ms | Allocations: 2873)


Started GET "/decks/new" for 127.0.0.1 at 2026-04-05 18:58:47 -0300
Processing by DecksController#new as HTML
  Rendering layout layouts/application.html.erb
  Rendering decks/new.html.erb within layouts/application
  Rendered shared/_landing_header.html.erb (Duration: 3.3ms | Allocations: 723)
  Rendered decks/new.html.erb within layouts/application (Duration: 3.7ms | Allocations: 788)
  Rendered layout layouts/application.html.erb (Duration: 8.0ms | Allocations: 2594)
Completed 200 OK in 10ms (Views: 8.7ms | ActiveRecord: 0.0ms | Allocations: 2838)


Started GET "/decks/new" for 127.0.0.1 at 2026-04-05 18:58:47 -0300
Processing by DecksController#new as HTML
  Rendering layout layouts/application.html.erb
  Rendering decks/new.html.erb within layouts/application
  Rendered shared/_landing_header.html.erb (Duration: 2.0ms | Allocations: 721)
  Rendered decks/new.html.erb within layouts/application (Duration: 2.1ms | Allocations: 786)
  Rendered layout layouts/application.html.erb (Duration: 4.0ms | Allocations: 2590)
Completed 200 OK in 5ms (Views: 4.3ms | ActiveRecord: 0.0ms | Allocations: 2834)


Started GET "/decks/new" for 127.0.0.1 at 2026-04-05 18:58:47 -0300
Processing by DecksController#new as HTML
  Rendering layout layouts/application.html.erb
  Rendering decks/new.html.erb within layouts/application
  Rendered shared/_landing_header.html.erb (Duration: 1.8ms | Allocations: 721)
  Rendered decks/new.html.erb within layouts/application (Duration: 1.9ms | Allocations: 786)
  Rendered layout layouts/application.html.erb (Duration: 4.4ms | Allocations: 2588)
Completed 200 OK in 6ms (Views: 4.8ms | ActiveRecord: 0.0ms | Allocations: 2832)


Started GET "/decks/new" for 127.0.0.1 at 2026-04-05 18:58:47 -0300
Processing by DecksController#new as HTML
  Rendering layout layouts/application.html.erb
  Rendering decks/new.html.erb within layouts/application
  Rendered shared/_landing_header.html.erb (Duration: 1.7ms | Allocations: 722)
  Rendered decks/new.html.erb within layouts/application (Duration: 2.0ms | Allocations: 787)
  Rendered layout layouts/application.html.erb (Duration: 4.1ms | Allocations: 2585)
Completed 200 OK in 5ms (Views: 4.4ms | ActiveRecord: 0.0ms | Allocations: 2829)


Started GET "/decks/new" for 127.0.0.1 at 2026-04-05 18:59:13 -0300
Processing by DecksController#new as HTML
  Rendering layout layouts/application.html.erb
  Rendering decks/new.html.erb within layouts/application
  Rendered shared/_landing_header.html.erb (Duration: 2.2ms | Allocations: 721)
  Rendered decks/new.html.erb within layouts/application (Duration: 2.4ms | Allocations: 786)
  Rendered layout layouts/application.html.erb (Duration: 5.6ms | Allocations: 2600)
Completed 200 OK in 8ms (Views: 6.2ms | ActiveRecord: 0.0ms | Allocations: 2844)


Started GET "/decks/new" for 127.0.0.1 at 2026-04-05 18:59:13 -0300
Processing by DecksController#new as HTML
  Rendering layout layouts/application.html.erb
  Rendering decks/new.html.erb within layouts/application
  Rendered shared/_landing_header.html.erb (Duration: 1.8ms | Allocations: 722)
  Rendered decks/new.html.erb within layouts/application (Duration: 1.9ms | Allocations: 787)
  Rendered layout layouts/application.html.erb (Duration: 4.1ms | Allocations: 2588)
Completed 200 OK in 6ms (Views: 4.5ms | ActiveRecord: 0.0ms | Allocations: 2833)


Started GET "/decks/new" for 127.0.0.1 at 2026-04-05 18:59:17 -0300
Processing by DecksController#new as HTML
  Rendering layout layouts/application.html.erb
  Rendering decks/new.html.erb within layouts/application
  Rendered shared/_landing_header.html.erb (Duration: 1.2ms | Allocations: 1199)
  Rendered decks/new.html.erb within layouts/application (Duration: 1.9ms | Allocations: 1497)
  Rendered layout layouts/application.html.erb (Duration: 16.0ms | Allocations: 29519)
Completed 200 OK in 19ms (Views: 17.3ms | ActiveRecord: 0.0ms | Allocations: 30593)


Started GET "/decks/new" for 127.0.0.1 at 2026-04-05 18:59:18 -0300
Processing by DecksController#new as HTML
  Rendering layout layouts/application.html.erb
  Rendering decks/new.html.erb within layouts/application
  Rendered shared/_landing_header.html.erb (Duration: 2.7ms | Allocations: 727)
  Rendered decks/new.html.erb within layouts/application (Duration: 2.8ms | Allocations: 792)
  Rendered layout layouts/application.html.erb (Duration: 6.4ms | Allocations: 2608)
Completed 200 OK in 9ms (Views: 7.1ms | ActiveRecord: 0.0ms | Allocations: 2871)


Started GET "/decks/new" for 127.0.0.1 at 2026-04-05 18:59:18 -0300
Processing by DecksController#new as HTML
  Rendering layout layouts/application.html.erb
  Rendering decks/new.html.erb within layouts/application
  Rendered shared/_landing_header.html.erb (Duration: 2.1ms | Allocations: 721)
  Rendered decks/new.html.erb within layouts/application (Duration: 2.2ms | Allocations: 786)
  Rendered layout layouts/application.html.erb (Duration: 4.9ms | Allocations: 2596)
Completed 200 OK in 6ms (Views: 5.2ms | ActiveRecord: 0.0ms | Allocations: 2840)


Started GET "/decks/new" for 127.0.0.1 at 2026-04-05 18:59:30 -0300
Processing by DecksController#new as HTML
  Rendering layout layouts/application.html.erb
  Rendering decks/new.html.erb within layouts/application
  Rendered shared/_landing_header.html.erb (Duration: 1.4ms | Allocations: 1196)
  Rendered decks/new.html.erb within layouts/application (Duration: 2.0ms | Allocations: 1492)
  Rendered layout layouts/application.html.erb (Duration: 11.9ms | Allocations: 29472)
Completed 200 OK in 14ms (Views: 13.4ms | ActiveRecord: 0.0ms | Allocations: 30545)


Started GET "/decks/new" for 127.0.0.1 at 2026-04-05 18:59:31 -0300
Processing by DecksController#new as HTML
  Rendering layout layouts/application.html.erb
  Rendering decks/new.html.erb within layouts/application
  Rendered shared/_landing_header.html.erb (Duration: 2.5ms | Allocations: 724)
  Rendered decks/new.html.erb within layouts/application (Duration: 2.8ms | Allocations: 789)
  Rendered layout layouts/application.html.erb (Duration: 5.2ms | Allocations: 2579)
Completed 200 OK in 8ms (Views: 6.0ms | ActiveRecord: 0.0ms | Allocations: 2841)


Started GET "/decks/new" for 127.0.0.1 at 2026-04-05 18:59:31 -0300
Processing by DecksController#new as HTML
  Rendering layout layouts/application.html.erb
  Rendering decks/new.html.erb within layouts/application
  Rendered shared/_landing_header.html.erb (Duration: 7.2ms | Allocations: 721)
  Rendered decks/new.html.erb within layouts/application (Duration: 7.4ms | Allocations: 786)
  Rendered layout layouts/application.html.erb (Duration: 11.1ms | Allocations: 2599)
Completed 200 OK in 13ms (Views: 11.7ms | ActiveRecord: 0.0ms | Allocations: 2844)


Started GET "/decks/new" for 127.0.0.1 at 2026-04-05 18:59:31 -0300
Processing by DecksController#new as HTML
  Rendering layout layouts/application.html.erb
  Rendering decks/new.html.erb within layouts/application
  Rendered shared/_landing_header.html.erb (Duration: 2.0ms | Allocations: 722)
  Rendered decks/new.html.erb within layouts/application (Duration: 2.1ms | Allocations: 787)
  Rendered layout layouts/application.html.erb (Duration: 5.4ms | Allocations: 2600)
Completed 200 OK in 8ms (Views: 5.9ms | ActiveRecord: 0.0ms | Allocations: 2844)


Started GET "/decks/new" for 127.0.0.1 at 2026-04-05 18:59:40 -0300
Processing by DecksController#new as HTML
  Rendering layout layouts/application.html.erb
  Rendering decks/new.html.erb within layouts/application
  Rendered shared/_landing_header.html.erb (Duration: 1.6ms | Allocations: 1199)
  Rendered decks/new.html.erb within layouts/application (Duration: 2.1ms | Allocations: 1496)
  Rendered layout layouts/application.html.erb (Duration: 13.0ms | Allocations: 29559)
Completed 200 OK in 16ms (Views: 14.6ms | ActiveRecord: 0.0ms | Allocations: 30632)


Started GET "/decks/new" for 127.0.0.1 at 2026-04-05 18:59:40 -0300
Processing by DecksController#new as HTML
  Rendering layout layouts/application.html.erb
  Rendering decks/new.html.erb within layouts/application
  Rendered shared/_landing_header.html.erb (Duration: 0.9ms | Allocations: 721)
  Rendered decks/new.html.erb within layouts/application (Duration: 1.0ms | Allocations: 786)
  Rendered layout layouts/application.html.erb (Duration: 2.4ms | Allocations: 2603)
Completed 200 OK in 3ms (Views: 2.6ms | ActiveRecord: 0.0ms | Allocations: 2866)


Started GET "/decks/new" for 127.0.0.1 at 2026-04-05 19:01:02 -0300
Processing by DecksController#new as HTML
  Rendering layout layouts/application.html.erb
  Rendering decks/new.html.erb within layouts/application
  Rendered shared/_landing_header.html.erb (Duration: 1.7ms | Allocations: 1199)
  Rendered decks/new.html.erb within layouts/application (Duration: 2.4ms | Allocations: 1510)
  Rendered layout layouts/application.html.erb (Duration: 15.8ms | Allocations: 29577)
Completed 200 OK in 19ms (Views: 17.9ms | ActiveRecord: 0.0ms | Allocations: 30650)


Started GET "/decks/new" for 127.0.0.1 at 2026-04-05 19:01:03 -0300
Processing by DecksController#new as HTML
  Rendering layout layouts/application.html.erb
  Rendering decks/new.html.erb within layouts/application
  Rendered shared/_landing_header.html.erb (Duration: 5.4ms | Allocations: 724)
  Rendered decks/new.html.erb within layouts/application (Duration: 5.6ms | Allocations: 789)
  Rendered layout layouts/application.html.erb (Duration: 22.7ms | Allocations: 2597)
Completed 200 OK in 24ms (Views: 23.1ms | ActiveRecord: 0.0ms | Allocations: 2859)


Started GET "/decks/new" for 127.0.0.1 at 2026-04-05 19:01:03 -0300
Processing by DecksController#new as HTML
  Rendering layout layouts/application.html.erb
  Rendering decks/new.html.erb within layouts/application
  Rendered shared/_landing_header.html.erb (Duration: 1.4ms | Allocations: 728)
  Rendered decks/new.html.erb within layouts/application (Duration: 1.6ms | Allocations: 793)
  Rendered layout layouts/application.html.erb (Duration: 4.5ms | Allocations: 2608)
Completed 200 OK in 5ms (Views: 4.8ms | ActiveRecord: 0.0ms | Allocations: 2853)


Started GET "/decks/new" for 127.0.0.1 at 2026-04-05 19:02:12 -0300
Processing by DecksController#new as HTML
  Rendering layout layouts/application.html.erb
  Rendering decks/new.html.erb within layouts/application
  Rendered shared/_landing_header.html.erb (Duration: 1.8ms | Allocations: 1192)
  Rendered decks/new.html.erb within layouts/application (Duration: 2.5ms | Allocations: 1501)
  Rendered layout layouts/application.html.erb (Duration: 15.3ms | Allocations: 29492)
Completed 200 OK in 18ms (Views: 17.0ms | ActiveRecord: 0.0ms | Allocations: 30565)


Started GET "/decks/new" for 127.0.0.1 at 2026-04-05 19:02:13 -0300
Processing by DecksController#new as HTML
  Rendering layout layouts/application.html.erb
  Rendering decks/new.html.erb within layouts/application
  Rendered shared/_landing_header.html.erb (Duration: 2.4ms | Allocations: 727)
  Rendered decks/new.html.erb within layouts/application (Duration: 2.6ms | Allocations: 792)
  Rendered layout layouts/application.html.erb (Duration: 5.2ms | Allocations: 2610)
Completed 200 OK in 7ms (Views: 6.0ms | ActiveRecord: 0.0ms | Allocations: 2872)


Started GET "/decks/new" for 127.0.0.1 at 2026-04-05 19:02:31 -0300
Processing by DecksController#new as HTML
  Rendering layout layouts/application.html.erb
  Rendering decks/new.html.erb within layouts/application
  Rendered shared/_landing_header.html.erb (Duration: 1.8ms | Allocations: 1199)
  Rendered decks/new.html.erb within layouts/application (Duration: 2.6ms | Allocations: 1508)
  Rendered layout layouts/application.html.erb (Duration: 14.4ms | Allocations: 29465)
Completed 200 OK in 17ms (Views: 16.1ms | ActiveRecord: 0.0ms | Allocations: 30540)


Started GET "/decks/new" for 127.0.0.1 at 2026-04-05 19:02:32 -0300
Processing by DecksController#new as HTML
  Rendering layout layouts/application.html.erb
  Rendering decks/new.html.erb within layouts/application
  Rendered shared/_landing_header.html.erb (Duration: 1.2ms | Allocations: 721)
  Rendered decks/new.html.erb within layouts/application (Duration: 1.2ms | Allocations: 786)
  Rendered layout layouts/application.html.erb (Duration: 2.5ms | Allocations: 2581)
Completed 200 OK in 3ms (Views: 2.7ms | ActiveRecord: 0.0ms | Allocations: 2843)


Started GET "/decks/new" for 127.0.0.1 at 2026-04-05 19:02:32 -0300
Processing by DecksController#new as HTML
  Rendering layout layouts/application.html.erb
  Rendering decks/new.html.erb within layouts/application
  Rendered shared/_landing_header.html.erb (Duration: 2.4ms | Allocations: 722)
  Rendered decks/new.html.erb within layouts/application (Duration: 2.7ms | Allocations: 787)
  Rendered layout layouts/application.html.erb (Duration: 6.0ms | Allocations: 2586)
Completed 200 OK in 8ms (Views: 6.8ms | ActiveRecord: 0.0ms | Allocations: 2830)


Started GET "/decks/new" for 127.0.0.1 at 2026-04-05 19:02:39 -0300
Processing by DecksController#new as HTML
  Rendering layout layouts/application.html.erb
  Rendering decks/new.html.erb within layouts/application
  Rendered shared/_landing_header.html.erb (Duration: 1.7ms | Allocations: 1199)
  Rendered decks/new.html.erb within layouts/application (Duration: 2.5ms | Allocations: 1508)
  Rendered layout layouts/application.html.erb (Duration: 13.7ms | Allocations: 29570)
Completed 200 OK in 17ms (Views: 15.4ms | ActiveRecord: 0.0ms | Allocations: 30645)


Started GET "/decks/new" for 127.0.0.1 at 2026-04-05 19:02:40 -0300
Processing by DecksController#new as HTML
  Rendering layout layouts/application.html.erb
  Rendering decks/new.html.erb within layouts/application
  Rendered shared/_landing_header.html.erb (Duration: 2.3ms | Allocations: 724)
  Rendered decks/new.html.erb within layouts/application (Duration: 2.4ms | Allocations: 789)
  Rendered layout layouts/application.html.erb (Duration: 4.8ms | Allocations: 2585)
Completed 200 OK in 7ms (Views: 5.2ms | ActiveRecord: 0.0ms | Allocations: 2847)


Started GET "/decks/new" for 127.0.0.1 at 2026-04-05 19:02:40 -0300
Processing by DecksController#new as HTML
  Rendering layout layouts/application.html.erb
  Rendering decks/new.html.erb within layouts/application
  Rendered shared/_landing_header.html.erb (Duration: 1.9ms | Allocations: 721)
  Rendered decks/new.html.erb within layouts/application (Duration: 2.0ms | Allocations: 786)
  Rendered layout layouts/application.html.erb (Duration: 4.6ms | Allocations: 2587)
Completed 200 OK in 6ms (Views: 5.0ms | ActiveRecord: 0.0ms | Allocations: 2831)


Started GET "/decks/new" for 127.0.0.1 at 2026-04-05 19:02:40 -0300
Processing by DecksController#new as HTML
  Rendering layout layouts/application.html.erb
  Rendering decks/new.html.erb within layouts/application
  Rendered shared/_landing_header.html.erb (Duration: 1.5ms | Allocations: 721)
  Rendered decks/new.html.erb within layouts/application (Duration: 1.6ms | Allocations: 786)
  Rendered layout layouts/application.html.erb (Duration: 3.4ms | Allocations: 2602)
Completed 200 OK in 5ms (Views: 3.7ms | ActiveRecord: 0.0ms | Allocations: 2847)


Started GET "/decks/new" for 127.0.0.1 at 2026-04-05 19:02:41 -0300
Processing by DecksController#new as HTML
  Rendering layout layouts/application.html.erb
  Rendering decks/new.html.erb within layouts/application
  Rendered shared/_landing_header.html.erb (Duration: 2.3ms | Allocations: 721)
  Rendered decks/new.html.erb within layouts/application (Duration: 2.4ms | Allocations: 786)
  Rendered layout layouts/application.html.erb (Duration: 5.0ms | Allocations: 2587)
Completed 200 OK in 7ms (Views: 5.4ms | ActiveRecord: 0.0ms | Allocations: 2831)


Started GET "/decks/new" for 127.0.0.1 at 2026-04-05 19:03:34 -0300
Processing by DecksController#new as HTML
  Rendering layout layouts/application.html.erb
  Rendering decks/new.html.erb within layouts/application
  Rendered shared/_landing_header.html.erb (Duration: 1.8ms | Allocations: 1199)
  Rendered decks/new.html.erb within layouts/application (Duration: 2.9ms | Allocations: 1509)
  Rendered layout layouts/application.html.erb (Duration: 15.6ms | Allocations: 29580)
Completed 200 OK in 19ms (Views: 17.7ms | ActiveRecord: 0.0ms | Allocations: 30654)


Started GET "/decks/new" for 127.0.0.1 at 2026-04-05 19:03:35 -0300
Processing by DecksController#new as HTML
  Rendering layout layouts/application.html.erb
  Rendering decks/new.html.erb within layouts/application
  Rendered shared/_landing_header.html.erb (Duration: 1.8ms | Allocations: 724)
  Rendered decks/new.html.erb within layouts/application (Duration: 2.1ms | Allocations: 789)
  Rendered layout layouts/application.html.erb (Duration: 4.7ms | Allocations: 2600)
Completed 200 OK in 6ms (Views: 5.0ms | ActiveRecord: 0.0ms | Allocations: 2862)


Started GET "/decks/new" for 127.0.0.1 at 2026-04-05 19:03:35 -0300
Processing by DecksController#new as HTML
  Rendering layout layouts/application.html.erb
  Rendering decks/new.html.erb within layouts/application
  Rendered shared/_landing_header.html.erb (Duration: 1.8ms | Allocations: 721)
  Rendered decks/new.html.erb within layouts/application (Duration: 2.0ms | Allocations: 786)
  Rendered layout layouts/application.html.erb (Duration: 4.4ms | Allocations: 2584)
Completed 200 OK in 6ms (Views: 5.0ms | ActiveRecord: 0.0ms | Allocations: 2828)


Started GET "/decks/new" for 127.0.0.1 at 2026-04-05 19:03:35 -0300
Processing by DecksController#new as HTML
  Rendering layout layouts/application.html.erb
  Rendering decks/new.html.erb within layouts/application
  Rendered shared/_landing_header.html.erb (Duration: 1.6ms | Allocations: 721)
  Rendered decks/new.html.erb within layouts/application (Duration: 1.7ms | Allocations: 786)
  Rendered layout layouts/application.html.erb (Duration: 4.3ms | Allocations: 2584)
Completed 200 OK in 6ms (Views: 4.7ms | ActiveRecord: 0.0ms | Allocations: 2829)


Started GET "/decks/new" for 127.0.0.1 at 2026-04-05 19:03:35 -0300
Processing by DecksController#new as HTML
  Rendering layout layouts/application.html.erb
  Rendering decks/new.html.erb within layouts/application
  Rendered shared/_landing_header.html.erb (Duration: 2.4ms | Allocations: 721)
  Rendered decks/new.html.erb within layouts/application (Duration: 2.6ms | Allocations: 786)
  Rendered layout layouts/application.html.erb (Duration: 5.9ms | Allocations: 2584)
Completed 200 OK in 7ms (Views: 6.4ms | ActiveRecord: 0.0ms | Allocations: 2828)


Started GET "/decks/new" for 127.0.0.1 at 2026-04-05 19:03:35 -0300
Processing by DecksController#new as HTML
  Rendering layout layouts/application.html.erb
  Rendering decks/new.html.erb within layouts/application
  Rendered shared/_landing_header.html.erb (Duration: 1.7ms | Allocations: 721)
  Rendered decks/new.html.erb within layouts/application (Duration: 1.8ms | Allocations: 786)
  Rendered layout layouts/application.html.erb (Duration: 4.6ms | Allocations: 2584)
Completed 200 OK in 6ms (Views: 5.0ms | ActiveRecord: 0.0ms | Allocations: 2828)


Started GET "/decks/new" for 127.0.0.1 at 2026-04-05 19:03:40 -0300
Processing by DecksController#new as HTML
  Rendering layout layouts/application.html.erb
  Rendering decks/new.html.erb within layouts/application
  Rendered shared/_landing_header.html.erb (Duration: 1.8ms | Allocations: 721)
  Rendered decks/new.html.erb within layouts/application (Duration: 2.0ms | Allocations: 786)
  Rendered layout layouts/application.html.erb (Duration: 4.0ms | Allocations: 2605)
Completed 200 OK in 5ms (Views: 4.4ms | ActiveRecord: 0.0ms | Allocations: 2849)


Started GET "/decks/new" for 127.0.0.1 at 2026-04-05 19:03:53 -0300
Processing by DecksController#new as HTML
  Rendering layout layouts/application.html.erb
  Rendering decks/new.html.erb within layouts/application
  Rendered shared/_landing_header.html.erb (Duration: 1.8ms | Allocations: 1199)
  Rendered decks/new.html.erb within layouts/application (Duration: 2.6ms | Allocations: 1510)
  Rendered layout layouts/application.html.erb (Duration: 13.5ms | Allocations: 29488)
Completed 200 OK in 17ms (Views: 15.3ms | ActiveRecord: 0.0ms | Allocations: 30562)


Started GET "/decks/new" for 127.0.0.1 at 2026-04-05 19:03:53 -0300
Processing by DecksController#new as HTML
  Rendering layout layouts/application.html.erb
  Rendering decks/new.html.erb within layouts/application
  Rendered shared/_landing_header.html.erb (Duration: 2.3ms | Allocations: 724)
  Rendered decks/new.html.erb within layouts/application (Duration: 2.6ms | Allocations: 789)
  Rendered layout layouts/application.html.erb (Duration: 6.7ms | Allocations: 2615)
Completed 200 OK in 9ms (Views: 7.6ms | ActiveRecord: 0.0ms | Allocations: 2877)


Started GET "/decks/new" for 127.0.0.1 at 2026-04-05 19:03:53 -0300
Processing by DecksController#new as HTML
  Rendering layout layouts/application.html.erb
  Rendering decks/new.html.erb within layouts/application
  Rendered shared/_landing_header.html.erb (Duration: 1.3ms | Allocations: 721)
  Rendered decks/new.html.erb within layouts/application (Duration: 1.4ms | Allocations: 786)
  Rendered layout layouts/application.html.erb (Duration: 3.1ms | Allocations: 2584)
Completed 200 OK in 5ms (Views: 3.7ms | ActiveRecord: 0.0ms | Allocations: 2828)


Started GET "/decks/new" for 127.0.0.1 at 2026-04-05 19:03:54 -0300
Processing by DecksController#new as HTML
  Rendering layout layouts/application.html.erb
  Rendering decks/new.html.erb within layouts/application
  Rendered shared/_landing_header.html.erb (Duration: 2.0ms | Allocations: 721)
  Rendered decks/new.html.erb within layouts/application (Duration: 2.2ms | Allocations: 786)
  Rendered layout layouts/application.html.erb (Duration: 4.8ms | Allocations: 2575)
Completed 200 OK in 7ms (Views: 5.1ms | ActiveRecord: 0.0ms | Allocations: 2819)


Started GET "/decks/new" for 127.0.0.1 at 2026-04-05 19:04:28 -0300
Processing by DecksController#new as HTML
  Rendering layout layouts/application.html.erb
  Rendering decks/new.html.erb within layouts/application
  Rendered shared/_landing_header.html.erb (Duration: 1.8ms | Allocations: 1199)
  Rendered decks/new.html.erb within layouts/application (Duration: 2.7ms | Allocations: 1512)
  Rendered layout layouts/application.html.erb (Duration: 16.8ms | Allocations: 29493)
Completed 200 OK in 20ms (Views: 18.9ms | ActiveRecord: 0.0ms | Allocations: 30568)


Started GET "/decks/new" for 127.0.0.1 at 2026-04-05 19:04:28 -0300
Processing by DecksController#new as HTML
  Rendering layout layouts/application.html.erb
  Rendering decks/new.html.erb within layouts/application
  Rendered shared/_landing_header.html.erb (Duration: 1.3ms | Allocations: 721)
  Rendered decks/new.html.erb within layouts/application (Duration: 1.4ms | Allocations: 786)
  Rendered layout layouts/application.html.erb (Duration: 3.1ms | Allocations: 2608)
Completed 200 OK in 4ms (Views: 3.3ms | ActiveRecord: 0.0ms | Allocations: 2871)


Started GET "/decks/new" for 127.0.0.1 at 2026-04-05 19:04:28 -0300
Processing by DecksController#new as HTML
  Rendering layout layouts/application.html.erb
  Rendering decks/new.html.erb within layouts/application
  Rendered shared/_landing_header.html.erb (Duration: 1.9ms | Allocations: 721)
  Rendered decks/new.html.erb within layouts/application (Duration: 2.1ms | Allocations: 786)
  Rendered layout layouts/application.html.erb (Duration: 5.4ms | Allocations: 2582)
Completed 200 OK in 7ms (Views: 6.2ms | ActiveRecord: 0.0ms | Allocations: 2826)


Started GET "/decks/new" for 127.0.0.1 at 2026-04-05 19:04:28 -0300
Processing by DecksController#new as HTML
  Rendering layout layouts/application.html.erb
  Rendering decks/new.html.erb within layouts/application
  Rendered shared/_landing_header.html.erb (Duration: 1.9ms | Allocations: 724)
  Rendered decks/new.html.erb within layouts/application (Duration: 2.1ms | Allocations: 789)
  Rendered layout layouts/application.html.erb (Duration: 4.4ms | Allocations: 2578)
Completed 200 OK in 6ms (Views: 4.9ms | ActiveRecord: 0.0ms | Allocations: 2822)


Started GET "/decks/new" for 127.0.0.1 at 2026-04-05 19:04:34 -0300
Processing by DecksController#new as HTML
  Rendering layout layouts/application.html.erb
  Rendering decks/new.html.erb within layouts/application
  Rendered shared/_landing_header.html.erb (Duration: 2.3ms | Allocations: 721)
  Rendered decks/new.html.erb within layouts/application (Duration: 2.5ms | Allocations: 786)
  Rendered layout layouts/application.html.erb (Duration: 4.5ms | Allocations: 2584)
Completed 200 OK in 7ms (Views: 5.1ms | ActiveRecord: 0.0ms | Allocations: 2828)


Started GET "/decks/new" for 127.0.0.1 at 2026-04-05 19:04:34 -0300
Processing by DecksController#new as HTML
  Rendering layout layouts/application.html.erb
  Rendering decks/new.html.erb within layouts/application
  Rendered shared/_landing_header.html.erb (Duration: 2.1ms | Allocations: 721)
  Rendered decks/new.html.erb within layouts/application (Duration: 2.4ms | Allocations: 786)
  Rendered layout layouts/application.html.erb (Duration: 5.2ms | Allocations: 2605)
Completed 200 OK in 7ms (Views: 5.6ms | ActiveRecord: 0.0ms | Allocations: 2849)


Started GET "/decks/new" for 127.0.0.1 at 2026-04-05 19:04:35 -0300
Processing by DecksController#new as HTML
  Rendering layout layouts/application.html.erb
  Rendering decks/new.html.erb within layouts/application
  Rendered shared/_landing_header.html.erb (Duration: 2.3ms | Allocations: 721)
  Rendered decks/new.html.erb within layouts/application (Duration: 2.5ms | Allocations: 786)
  Rendered layout layouts/application.html.erb (Duration: 5.7ms | Allocations: 2593)
Completed 200 OK in 7ms (Views: 6.1ms | ActiveRecord: 0.0ms | Allocations: 2837)


Started GET "/decks/new" for 127.0.0.1 at 2026-04-05 19:07:59 -0300
Processing by DecksController#new as HTML
  Rendering layout layouts/application.html.erb
  Rendering decks/new.html.erb within layouts/application
  Rendered shared/_landing_header.html.erb (Duration: 1.6ms | Allocations: 1199)
  Rendered decks/new.html.erb within layouts/application (Duration: 2.3ms | Allocations: 1509)
  Rendered layout layouts/application.html.erb (Duration: 13.8ms | Allocations: 29536)
Completed 200 OK in 17ms (Views: 15.6ms | ActiveRecord: 0.0ms | Allocations: 30612)


Started GET "/decks/new" for 127.0.0.1 at 2026-04-05 19:08:13 -0300
Processing by DecksController#new as HTML
  Rendering layout layouts/application.html.erb
  Rendering decks/new.html.erb within layouts/application
  Rendered shared/_landing_header.html.erb (Duration: 1.5ms | Allocations: 1199)
  Rendered decks/new.html.erb within layouts/application (Duration: 2.2ms | Allocations: 1509)
  Rendered layout layouts/application.html.erb (Duration: 14.6ms | Allocations: 29455)
Completed 200 OK in 20ms (Views: 19.0ms | ActiveRecord: 0.0ms | Allocations: 30529)


Started GET "/decks/new" for 127.0.0.1 at 2026-04-05 19:08:24 -0300
Processing by DecksController#new as HTML
  Rendering layout layouts/application.html.erb
  Rendering decks/new.html.erb within layouts/application
  Rendered shared/_landing_header.html.erb (Duration: 1.6ms | Allocations: 1198)
  Rendered decks/new.html.erb within layouts/application (Duration: 2.4ms | Allocations: 1505)
  Rendered layout layouts/application.html.erb (Duration: 15.9ms | Allocations: 29598)
Completed 200 OK in 19ms (Views: 17.6ms | ActiveRecord: 0.0ms | Allocations: 30672)


Started GET "/decks/new" for 127.0.0.1 at 2026-04-05 19:08:25 -0300
Processing by DecksController#new as HTML
  Rendering layout layouts/application.html.erb
  Rendering decks/new.html.erb within layouts/application
  Rendered shared/_landing_header.html.erb (Duration: 1.5ms | Allocations: 724)
  Rendered decks/new.html.erb within layouts/application (Duration: 1.6ms | Allocations: 789)
  Rendered layout layouts/application.html.erb (Duration: 3.4ms | Allocations: 2594)
Completed 200 OK in 4ms (Views: 3.7ms | ActiveRecord: 0.0ms | Allocations: 2857)


Started GET "/decks/new" for 127.0.0.1 at 2026-04-05 19:08:25 -0300
Processing by DecksController#new as HTML
  Rendering layout layouts/application.html.erb
  Rendering decks/new.html.erb within layouts/application
  Rendered shared/_landing_header.html.erb (Duration: 2.9ms | Allocations: 721)
  Rendered decks/new.html.erb within layouts/application (Duration: 3.0ms | Allocations: 786)
  Rendered layout layouts/application.html.erb (Duration: 5.4ms | Allocations: 2599)
Completed 200 OK in 7ms (Views: 6.1ms | ActiveRecord: 0.0ms | Allocations: 2843)


Started GET "/decks/new" for 127.0.0.1 at 2026-04-05 19:08:34 -0300
Processing by DecksController#new as HTML
  Rendering layout layouts/application.html.erb
  Rendering decks/new.html.erb within layouts/application
  Rendered shared/_landing_header.html.erb (Duration: 1.4ms | Allocations: 1199)
  Rendered decks/new.html.erb within layouts/application (Duration: 2.1ms | Allocations: 1509)
  Rendered layout layouts/application.html.erb (Duration: 15.1ms | Allocations: 29601)
Completed 200 OK in 18ms (Views: 16.8ms | ActiveRecord: 0.0ms | Allocations: 30674)


Started GET "/decks/new" for 127.0.0.1 at 2026-04-05 19:08:35 -0300
Processing by DecksController#new as HTML
  Rendering layout layouts/application.html.erb
  Rendering decks/new.html.erb within layouts/application
  Rendered shared/_landing_header.html.erb (Duration: 2.5ms | Allocations: 724)
  Rendered decks/new.html.erb within layouts/application (Duration: 2.8ms | Allocations: 789)
  Rendered layout layouts/application.html.erb (Duration: 5.3ms | Allocations: 2582)
Completed 200 OK in 7ms (Views: 5.9ms | ActiveRecord: 0.0ms | Allocations: 2844)


Started GET "/decks/new" for 127.0.0.1 at 2026-04-05 19:08:47 -0300
Processing by DecksController#new as HTML
  Rendering layout layouts/application.html.erb
  Rendering decks/new.html.erb within layouts/application
  Rendered shared/_landing_header.html.erb (Duration: 1.9ms | Allocations: 1199)
  Rendered decks/new.html.erb within layouts/application (Duration: 2.6ms | Allocations: 1510)
  Rendered layout layouts/application.html.erb (Duration: 48.5ms | Allocations: 29617)
Completed 200 OK in 52ms (Views: 50.6ms | ActiveRecord: 0.0ms | Allocations: 30690)


Started GET "/decks/new" for 127.0.0.1 at 2026-04-05 19:08:55 -0300
Processing by DecksController#new as HTML
  Rendering layout layouts/application.html.erb
  Rendering decks/new.html.erb within layouts/application
  Rendered shared/_landing_header.html.erb (Duration: 1.5ms | Allocations: 1195)
  Rendered decks/new.html.erb within layouts/application (Duration: 2.2ms | Allocations: 1503)
  Rendered layout layouts/application.html.erb (Duration: 13.5ms | Allocations: 29375)
Completed 200 OK in 17ms (Views: 15.3ms | ActiveRecord: 0.0ms | Allocations: 30449)


Started GET "/decks/new" for 127.0.0.1 at 2026-04-05 19:10:22 -0300
Processing by DecksController#new as HTML
  Rendering layout layouts/application.html.erb
  Rendering decks/new.html.erb within layouts/application
  Rendered shared/_landing_header.html.erb (Duration: 2.7ms | Allocations: 724)
  Rendered decks/new.html.erb within layouts/application (Duration: 2.9ms | Allocations: 789)
  Rendered layout layouts/application.html.erb (Duration: 6.6ms | Allocations: 2610)
Completed 200 OK in 9ms (Views: 7.1ms | ActiveRecord: 0.0ms | Allocations: 2872)


Started GET "/decks/new" for 127.0.0.1 at 2026-04-05 19:10:53 -0300
Processing by DecksController#new as HTML
  Rendering layout layouts/application.html.erb
  Rendering decks/new.html.erb within layouts/application
  Rendered shared/_landing_header.html.erb (Duration: 1.6ms | Allocations: 1199)
  Rendered decks/new.html.erb within layouts/application (Duration: 2.6ms | Allocations: 1522)
  Rendered layout layouts/application.html.erb (Duration: 16.1ms | Allocations: 29496)
Completed 200 OK in 20ms (Views: 18.2ms | ActiveRecord: 0.0ms | Allocations: 30570)


Started GET "/decks/new" for 127.0.0.1 at 2026-04-05 19:10:54 -0300
Processing by DecksController#new as HTML
  Rendering layout layouts/application.html.erb
  Rendering decks/new.html.erb within layouts/application
  Rendered shared/_landing_header.html.erb (Duration: 2.9ms | Allocations: 725)
  Rendered decks/new.html.erb within layouts/application (Duration: 3.3ms | Allocations: 790)
  Rendered layout layouts/application.html.erb (Duration: 6.4ms | Allocations: 2616)
Completed 200 OK in 9ms (Views: 7.2ms | ActiveRecord: 0.0ms | Allocations: 2878)


Started GET "/decks/new" for 127.0.0.1 at 2026-04-05 19:10:55 -0300
Processing by DecksController#new as HTML
  Rendering layout layouts/application.html.erb
  Rendering decks/new.html.erb within layouts/application
  Rendered shared/_landing_header.html.erb (Duration: 2.5ms | Allocations: 721)
  Rendered decks/new.html.erb within layouts/application (Duration: 2.7ms | Allocations: 786)
  Rendered layout layouts/application.html.erb (Duration: 6.1ms | Allocations: 2605)
Completed 200 OK in 8ms (Views: 6.9ms | ActiveRecord: 0.0ms | Allocations: 2850)


Started GET "/decks/new" for 127.0.0.1 at 2026-04-05 19:10:55 -0300
Processing by DecksController#new as HTML
  Rendering layout layouts/application.html.erb
  Rendering decks/new.html.erb within layouts/application
  Rendered shared/_landing_header.html.erb (Duration: 2.1ms | Allocations: 721)
  Rendered decks/new.html.erb within layouts/application (Duration: 2.2ms | Allocations: 786)
  Rendered layout layouts/application.html.erb (Duration: 5.5ms | Allocations: 2590)
Completed 200 OK in 7ms (Views: 6.0ms | ActiveRecord: 0.0ms | Allocations: 2834)


Started GET "/decks/new" for 127.0.0.1 at 2026-04-05 19:10:56 -0300
Processing by DecksController#new as HTML
  Rendering layout layouts/application.html.erb
  Rendering decks/new.html.erb within layouts/application
  Rendered shared/_landing_header.html.erb (Duration: 1.8ms | Allocations: 724)
  Rendered decks/new.html.erb within layouts/application (Duration: 1.9ms | Allocations: 789)
  Rendered layout layouts/application.html.erb (Duration: 4.3ms | Allocations: 2589)
Completed 200 OK in 6ms (Views: 4.6ms | ActiveRecord: 0.0ms | Allocations: 2833)


Started GET "/decks/new" for 127.0.0.1 at 2026-04-05 19:11:32 -0300
Processing by DecksController#new as HTML
  Rendering layout layouts/application.html.erb
  Rendering decks/new.html.erb within layouts/application
  Rendered shared/_landing_header.html.erb (Duration: 1.4ms | Allocations: 1199)
  Rendered decks/new.html.erb within layouts/application (Duration: 2.1ms | Allocations: 1509)
  Rendered layout layouts/application.html.erb (Duration: 13.8ms | Allocations: 29495)
Completed 200 OK in 17ms (Views: 15.9ms | ActiveRecord: 0.0ms | Allocations: 30568)


Started GET "/decks/new" for 127.0.0.1 at 2026-04-05 19:13:00 -0300
Processing by DecksController#new as HTML
  Rendering layout layouts/application.html.erb
  Rendering decks/new.html.erb within layouts/application
  Rendered shared/_landing_header.html.erb (Duration: 2.2ms | Allocations: 1199)
  Rendered decks/new.html.erb within layouts/application (Duration: 2.9ms | Allocations: 1513)
  Rendered layout layouts/application.html.erb (Duration: 14.5ms | Allocations: 29574)
Completed 200 OK in 18ms (Views: 16.3ms | ActiveRecord: 0.0ms | Allocations: 30647)


Started GET "/decks/new" for 127.0.0.1 at 2026-04-05 19:13:22 -0300
Processing by DecksController#new as HTML
  Rendering layout layouts/application.html.erb
  Rendering decks/new.html.erb within layouts/application
  Rendered shared/_landing_header.html.erb (Duration: 1.5ms | Allocations: 1199)
  Rendered decks/new.html.erb within layouts/application (Duration: 2.3ms | Allocations: 1511)
  Rendered layout layouts/application.html.erb (Duration: 14.6ms | Allocations: 29483)
Completed 200 OK in 18ms (Views: 16.2ms | ActiveRecord: 0.0ms | Allocations: 30558)


Started GET "/decks/new" for 127.0.0.1 at 2026-04-05 19:13:51 -0300
Processing by DecksController#new as HTML
  Rendering layout layouts/application.html.erb
  Rendering decks/new.html.erb within layouts/application
  Rendered shared/_landing_header.html.erb (Duration: 2.4ms | Allocations: 1199)
  Rendered decks/new.html.erb within layouts/application (Duration: 3.5ms | Allocations: 1513)
  Rendered layout layouts/application.html.erb (Duration: 16.9ms | Allocations: 29489)
Completed 200 OK in 20ms (Views: 18.7ms | ActiveRecord: 0.0ms | Allocations: 30564)


Started GET "/decks/new" for 127.0.0.1 at 2026-04-05 19:15:12 -0300
Processing by DecksController#new as HTML
  Rendering layout layouts/application.html.erb
  Rendering decks/new.html.erb within layouts/application
  Rendered shared/_landing_header.html.erb (Duration: 2.3ms | Allocations: 1199)
  Rendered decks/new.html.erb within layouts/application (Duration: 3.0ms | Allocations: 1510)
  Rendered layout layouts/application.html.erb (Duration: 21.1ms | Allocations: 29605)
Completed 200 OK in 24ms (Views: 22.6ms | ActiveRecord: 0.0ms | Allocations: 30679)


Started GET "/decks/new" for 127.0.0.1 at 2026-04-05 19:15:13 -0300
Processing by DecksController#new as HTML
  Rendering layout layouts/application.html.erb
  Rendering decks/new.html.erb within layouts/application
  Rendered shared/_landing_header.html.erb (Duration: 2.2ms | Allocations: 724)
  Rendered decks/new.html.erb within layouts/application (Duration: 2.3ms | Allocations: 789)
  Rendered layout layouts/application.html.erb (Duration: 5.0ms | Allocations: 2591)
Completed 200 OK in 7ms (Views: 5.6ms | ActiveRecord: 0.0ms | Allocations: 2853)


Started GET "/decks/new" for 127.0.0.1 at 2026-04-05 19:15:13 -0300
Processing by DecksController#new as HTML
  Rendering layout layouts/application.html.erb
  Rendering decks/new.html.erb within layouts/application
  Rendered shared/_landing_header.html.erb (Duration: 1.3ms | Allocations: 721)
  Rendered decks/new.html.erb within layouts/application (Duration: 1.4ms | Allocations: 786)
  Rendered layout layouts/application.html.erb (Duration: 3.4ms | Allocations: 2584)
Completed 200 OK in 4ms (Views: 3.8ms | ActiveRecord: 0.0ms | Allocations: 2828)


Started GET "/decks/new" for 127.0.0.1 at 2026-04-05 19:16:00 -0300
Processing by DecksController#new as HTML
  Rendering layout layouts/application.html.erb
  Rendering decks/new.html.erb within layouts/application
  Rendered shared/_landing_header.html.erb (Duration: 2.1ms | Allocations: 1199)
  Rendered decks/new.html.erb within layouts/application (Duration: 2.8ms | Allocations: 1519)
  Rendered layout layouts/application.html.erb (Duration: 20.0ms | Allocations: 29607)
Completed 200 OK in 23ms (Views: 22.1ms | ActiveRecord: 0.0ms | Allocations: 30682)


Started GET "/decks/new" for 127.0.0.1 at 2026-04-05 19:16:00 -0300
Processing by DecksController#new as HTML
  Rendering layout layouts/application.html.erb
  Rendering decks/new.html.erb within layouts/application
  Rendered shared/_landing_header.html.erb (Duration: 2.1ms | Allocations: 724)
  Rendered decks/new.html.erb within layouts/application (Duration: 2.4ms | Allocations: 789)
  Rendered layout layouts/application.html.erb (Duration: 17.9ms | Allocations: 2588)
Completed 200 OK in 20ms (Views: 18.7ms | ActiveRecord: 0.0ms | Allocations: 2850)


Started GET "/decks/new" for 127.0.0.1 at 2026-04-05 19:16:01 -0300
Processing by DecksController#new as HTML
  Rendering layout layouts/application.html.erb
  Rendering decks/new.html.erb within layouts/application
  Rendered shared/_landing_header.html.erb (Duration: 1.7ms | Allocations: 721)
  Rendered decks/new.html.erb within layouts/application (Duration: 1.8ms | Allocations: 786)
  Rendered layout layouts/application.html.erb (Duration: 4.0ms | Allocations: 2578)
Completed 200 OK in 6ms (Views: 4.4ms | ActiveRecord: 0.0ms | Allocations: 2822)


Started GET "/decks/new" for 127.0.0.1 at 2026-04-05 19:16:01 -0300
Processing by DecksController#new as HTML
  Rendering layout layouts/application.html.erb
  Rendering decks/new.html.erb within layouts/application
  Rendered shared/_landing_header.html.erb (Duration: 2.4ms | Allocations: 721)
  Rendered decks/new.html.erb within layouts/application (Duration: 2.6ms | Allocations: 786)
  Rendered layout layouts/application.html.erb (Duration: 5.7ms | Allocations: 2599)
Completed 200 OK in 7ms (Views: 6.1ms | ActiveRecord: 0.0ms | Allocations: 2843)


Started GET "/decks/new" for 127.0.0.1 at 2026-04-05 19:16:41 -0300
Processing by DecksController#new as HTML
  Rendering layout layouts/application.html.erb
  Rendering decks/new.html.erb within layouts/application
  Rendered shared/_landing_header.html.erb (Duration: 1.3ms | Allocations: 1199)
  Rendered decks/new.html.erb within layouts/application (Duration: 2.0ms | Allocations: 1517)
  Rendered layout layouts/application.html.erb (Duration: 11.9ms | Allocations: 29608)
Completed 200 OK in 17ms (Views: 16.1ms | ActiveRecord: 0.0ms | Allocations: 30683)


Started GET "/decks/new" for 127.0.0.1 at 2026-04-05 19:16:42 -0300
Processing by DecksController#new as HTML
  Rendering layout layouts/application.html.erb
  Rendering decks/new.html.erb within layouts/application
  Rendered shared/_landing_header.html.erb (Duration: 2.1ms | Allocations: 724)
  Rendered decks/new.html.erb within layouts/application (Duration: 2.4ms | Allocations: 789)
  Rendered layout layouts/application.html.erb (Duration: 5.6ms | Allocations: 2594)
Completed 200 OK in 7ms (Views: 6.1ms | ActiveRecord: 0.0ms | Allocations: 2856)


Started GET "/decks/new" for 127.0.0.1 at 2026-04-05 19:16:42 -0300
Processing by DecksController#new as HTML
  Rendering layout layouts/application.html.erb
  Rendering decks/new.html.erb within layouts/application
  Rendered shared/_landing_header.html.erb (Duration: 2.6ms | Allocations: 721)
  Rendered decks/new.html.erb within layouts/application (Duration: 2.8ms | Allocations: 786)
  Rendered layout layouts/application.html.erb (Duration: 5.6ms | Allocations: 2593)
Completed 200 OK in 8ms (Views: 6.2ms | ActiveRecord: 0.0ms | Allocations: 2837)


Started GET "/decks/new" for 127.0.0.1 at 2026-04-05 19:17:42 -0300
Processing by DecksController#new as HTML
  Rendering layout layouts/application.html.erb
  Rendering decks/new.html.erb within layouts/application
  Rendered shared/_landing_header.html.erb (Duration: 1.8ms | Allocations: 721)
  Rendered decks/new.html.erb within layouts/application (Duration: 2.0ms | Allocations: 786)
  Rendered layout layouts/application.html.erb (Duration: 4.2ms | Allocations: 2593)
Completed 200 OK in 6ms (Views: 4.9ms | ActiveRecord: 0.0ms | Allocations: 2837)


Started GET "/decks/new" for 127.0.0.1 at 2026-04-05 19:17:42 -0300
Processing by DecksController#new as HTML
  Rendering layout layouts/application.html.erb
  Rendering decks/new.html.erb within layouts/application
  Rendered shared/_landing_header.html.erb (Duration: 2.2ms | Allocations: 721)
  Rendered decks/new.html.erb within layouts/application (Duration: 2.3ms | Allocations: 786)
  Rendered layout layouts/application.html.erb (Duration: 5.3ms | Allocations: 2584)
Completed 200 OK in 7ms (Views: 5.7ms | ActiveRecord: 0.0ms | Allocations: 2828)


Started GET "/decks/new" for 127.0.0.1 at 2026-04-05 19:17:42 -0300
Processing by DecksController#new as HTML
  Rendering layout layouts/application.html.erb
  Rendering decks/new.html.erb within layouts/application
  Rendered shared/_landing_header.html.erb (Duration: 1.5ms | Allocations: 721)
  Rendered decks/new.html.erb within layouts/application (Duration: 1.6ms | Allocations: 786)
  Rendered layout layouts/application.html.erb (Duration: 3.7ms | Allocations: 2596)
Completed 200 OK in 5ms (Views: 3.9ms | ActiveRecord: 0.0ms | Allocations: 2840)


Started GET "/decks/new" for 127.0.0.1 at 2026-04-05 19:17:43 -0300
Processing by DecksController#new as HTML
  Rendering layout layouts/application.html.erb
  Rendering decks/new.html.erb within layouts/application
  Rendered shared/_landing_header.html.erb (Duration: 2.1ms | Allocations: 721)
  Rendered decks/new.html.erb within layouts/application (Duration: 2.5ms | Allocations: 786)
  Rendered layout layouts/application.html.erb (Duration: 6.4ms | Allocations: 2605)
Completed 200 OK in 8ms (Views: 6.9ms | ActiveRecord: 0.0ms | Allocations: 2849)


Started GET "/decks/new" for 127.0.0.1 at 2026-04-05 19:17:43 -0300
Processing by DecksController#new as HTML
  Rendering layout layouts/application.html.erb
  Rendering decks/new.html.erb within layouts/application
  Rendered shared/_landing_header.html.erb (Duration: 2.0ms | Allocations: 721)
  Rendered decks/new.html.erb within layouts/application (Duration: 2.2ms | Allocations: 786)
  Rendered layout layouts/application.html.erb (Duration: 6.2ms | Allocations: 2605)
Completed 200 OK in 8ms (Views: 6.9ms | ActiveRecord: 0.0ms | Allocations: 2849)


Started GET "/decks/new" for 127.0.0.1 at 2026-04-05 19:17:52 -0300
Processing by DecksController#new as HTML
  Rendering layout layouts/application.html.erb
  Rendering decks/new.html.erb within layouts/application
  Rendered shared/_landing_header.html.erb (Duration: 1.2ms | Allocations: 721)
  Rendered decks/new.html.erb within layouts/application (Duration: 1.3ms | Allocations: 786)
  Rendered layout layouts/application.html.erb (Duration: 2.9ms | Allocations: 2590)
Completed 200 OK in 4ms (Views: 3.1ms | ActiveRecord: 0.0ms | Allocations: 2834)


Started GET "/decks/new" for 127.0.0.1 at 2026-04-05 19:17:52 -0300
Processing by DecksController#new as HTML
  Rendering layout layouts/application.html.erb
  Rendering decks/new.html.erb within layouts/application
  Rendered shared/_landing_header.html.erb (Duration: 4.1ms | Allocations: 721)
  Rendered decks/new.html.erb within layouts/application (Duration: 4.4ms | Allocations: 786)
  Rendered layout layouts/application.html.erb (Duration: 7.7ms | Allocations: 2584)
Completed 200 OK in 9ms (Views: 8.2ms | ActiveRecord: 0.0ms | Allocations: 2828)


Started GET "/decks/new" for 127.0.0.1 at 2026-04-05 19:17:52 -0300
Processing by DecksController#new as HTML
  Rendering layout layouts/application.html.erb
  Rendering decks/new.html.erb within layouts/application
  Rendered shared/_landing_header.html.erb (Duration: 1.9ms | Allocations: 721)
  Rendered decks/new.html.erb within layouts/application (Duration: 2.1ms | Allocations: 786)
  Rendered layout layouts/application.html.erb (Duration: 4.9ms | Allocations: 2596)
Completed 200 OK in 7ms (Views: 5.4ms | ActiveRecord: 0.0ms | Allocations: 2840)


Started GET "/decks/new" for 127.0.0.1 at 2026-04-05 19:17:52 -0300
Processing by DecksController#new as HTML
  Rendering layout layouts/application.html.erb
  Rendering decks/new.html.erb within layouts/application
  Rendered shared/_landing_header.html.erb (Duration: 2.5ms | Allocations: 721)
  Rendered decks/new.html.erb within layouts/application (Duration: 2.7ms | Allocations: 786)
  Rendered layout layouts/application.html.erb (Duration: 5.7ms | Allocations: 2602)
Completed 200 OK in 7ms (Views: 6.1ms | ActiveRecord: 0.0ms | Allocations: 2846)


Started GET "/decks/new" for 127.0.0.1 at 2026-04-05 19:18:34 -0300
Processing by DecksController#new as HTML
  Rendering layout layouts/application.html.erb
  Rendering decks/new.html.erb within layouts/application
  Rendered shared/_landing_header.html.erb (Duration: 1.5ms | Allocations: 721)
  Rendered decks/new.html.erb within layouts/application (Duration: 1.6ms | Allocations: 786)
  Rendered layout layouts/application.html.erb (Duration: 3.7ms | Allocations: 2590)
Completed 200 OK in 5ms (Views: 3.9ms | ActiveRecord: 0.0ms | Allocations: 2834)


Started GET "/decks/new" for 127.0.0.1 at 2026-04-05 19:18:34 -0300
Processing by DecksController#new as HTML
  Rendering layout layouts/application.html.erb
  Rendering decks/new.html.erb within layouts/application
  Rendered shared/_landing_header.html.erb (Duration: 2.8ms | Allocations: 721)
  Rendered decks/new.html.erb within layouts/application (Duration: 3.1ms | Allocations: 786)
  Rendered layout layouts/application.html.erb (Duration: 6.8ms | Allocations: 2590)
Completed 200 OK in 9ms (Views: 7.5ms | ActiveRecord: 0.0ms | Allocations: 2834)


Started GET "/decks/new" for 127.0.0.1 at 2026-04-05 19:18:47 -0300
  [1m[36mActiveRecord::SchemaMigration Load (0.1ms)[0m  [1m[34mSELECT "schema_migrations"."version" FROM "schema_migrations" ORDER BY "schema_migrations"."version" ASC[0m
Processing by DecksController#new as HTML
  Rendering layout layouts/application.html.erb
  Rendering decks/new.html.erb within layouts/application
  Rendered shared/_landing_header.html.erb (Duration: 134.3ms | Allocations: 30278)
  Rendered decks/new.html.erb within layouts/application (Duration: 135.5ms | Allocations: 30719)
  Rendered layout layouts/application.html.erb (Duration: 156.6ms | Allocations: 59988)
Completed 200 OK in 201ms (Views: 168.2ms | ActiveRecord: 0.0ms | Allocations: 64326)


Started GET "/decks/new" for 127.0.0.1 at 2026-04-05 19:19:30 -0300
  [1m[36mActiveRecord::SchemaMigration Load (0.1ms)[0m  [1m[34mSELECT "schema_migrations"."version" FROM "schema_migrations" ORDER BY "schema_migrations"."version" ASC[0m
Processing by DecksController#new as HTML
  Rendering layout layouts/application.html.erb
  Rendering decks/new.html.erb within layouts/application
  Rendered shared/_landing_header.html.erb (Duration: 22.4ms | Allocations: 22856)
  Rendered decks/new.html.erb within layouts/application (Duration: 23.1ms | Allocations: 23297)
  Rendered layout layouts/application.html.erb (Duration: 63.5ms | Allocations: 52694)
Completed 200 OK in 75ms (Views: 67.2ms | ActiveRecord: 0.0ms | Allocations: 57032)


Started GET "/" for 127.0.0.1 at 2026-04-05 19:19:32 -0300
Processing by HomeController#index as HTML
  Rendering layout layouts/application.html.erb
  Rendering home/index.html.erb within layouts/application
  Rendered shared/_landing_header.html.erb (Duration: 1.6ms | Allocations: 857)
  Rendered shared/_flashcard_flip.html.erb (Duration: 0.6ms | Allocations: 451)
  Rendered home/index.html.erb within layouts/application (Duration: 4.0ms | Allocations: 1858)
  Rendered layout layouts/application.html.erb (Duration: 6.3ms | Allocations: 3781)
Completed 200 OK in 9ms (Views: 7.5ms | ActiveRecord: 0.0ms | Allocations: 4327)


Started GET "/decks/new" for 127.0.0.1 at 2026-04-05 19:19:34 -0300
Processing by DecksController#new as HTML
  Rendering layout layouts/application.html.erb
  Rendering decks/new.html.erb within layouts/application
  Rendered shared/_landing_header.html.erb (Duration: 2.4ms | Allocations: 721)
  Rendered decks/new.html.erb within layouts/application (Duration: 2.5ms | Allocations: 786)
  Rendered layout layouts/application.html.erb (Duration: 5.6ms | Allocations: 2605)
Completed 200 OK in 7ms (Views: 6.1ms | ActiveRecord: 0.0ms | Allocations: 2854)


Started GET "/decks/new" for 127.0.0.1 at 2026-04-05 19:20:08 -0300
Processing by DecksController#new as HTML
  Rendering layout layouts/application.html.erb
  Rendering decks/new.html.erb within layouts/application
  Rendered shared/_landing_header.html.erb (Duration: 1.8ms | Allocations: 721)
  Rendered decks/new.html.erb within layouts/application (Duration: 2.0ms | Allocations: 786)
  Rendered layout layouts/application.html.erb (Duration: 61.1ms | Allocations: 7000)
Completed 200 OK in 62ms (Views: 61.4ms | ActiveRecord: 0.0ms | Allocations: 7244)


Started GET "/decks/new" for 127.0.0.1 at 2026-04-05 19:20:08 -0300
Processing by DecksController#new as HTML
  Rendering layout layouts/application.html.erb
  Rendering decks/new.html.erb within layouts/application
  Rendered shared/_landing_header.html.erb (Duration: 2.1ms | Allocations: 725)
  Rendered decks/new.html.erb within layouts/application (Duration: 2.3ms | Allocations: 790)
  Rendered layout layouts/application.html.erb (Duration: 5.4ms | Allocations: 2583)
Completed 200 OK in 7ms (Views: 5.9ms | ActiveRecord: 0.0ms | Allocations: 2827)


Started GET "/decks/new" for 127.0.0.1 at 2026-04-05 19:20:08 -0300
Processing by DecksController#new as HTML
  Rendering layout layouts/application.html.erb
  Rendering decks/new.html.erb within layouts/application
  Rendered shared/_landing_header.html.erb (Duration: 1.3ms | Allocations: 721)
  Rendered decks/new.html.erb within layouts/application (Duration: 1.4ms | Allocations: 786)
  Rendered layout layouts/application.html.erb (Duration: 3.5ms | Allocations: 2591)
Completed 200 OK in 5ms (Views: 3.9ms | ActiveRecord: 0.0ms | Allocations: 2835)


Started GET "/decks/new" for 127.0.0.1 at 2026-04-05 19:20:23 -0300
Processing by DecksController#new as HTML
  Rendering layout layouts/application.html.erb
  Rendering decks/new.html.erb within layouts/application
  Rendered shared/_landing_header.html.erb (Duration: 2.3ms | Allocations: 1198)
  Rendered decks/new.html.erb within layouts/application (Duration: 3.3ms | Allocations: 1532)
  Rendered layout layouts/application.html.erb (Duration: 16.8ms | Allocations: 29483)
Completed 200 OK in 20ms (Views: 18.9ms | ActiveRecord: 0.0ms | Allocations: 30557)


Started GET "/decks/new" for 127.0.0.1 at 2026-04-05 19:21:34 -0300
Processing by DecksController#new as HTML
  Rendering layout layouts/application.html.erb
  Rendering decks/new.html.erb within layouts/application
  Rendered shared/_landing_header.html.erb (Duration: 3.1ms | Allocations: 1196)
  Rendered decks/new.html.erb within layouts/application (Duration: 3.9ms | Allocations: 1503)
  Rendered layout layouts/application.html.erb (Duration: 14.0ms | Allocations: 29373)
Completed 200 OK in 17ms (Views: 15.8ms | ActiveRecord: 0.0ms | Allocations: 30448)


Started GET "/decks/new" for 127.0.0.1 at 2026-04-05 19:21:44 -0300
Processing by DecksController#new as HTML
  Rendering layout layouts/application.html.erb
  Rendering decks/new.html.erb within layouts/application
  Rendered shared/_landing_header.html.erb (Duration: 1.6ms | Allocations: 1192)
  Rendered decks/new.html.erb within layouts/application (Duration: 2.5ms | Allocations: 1502)
  Rendered layout layouts/application.html.erb (Duration: 13.1ms | Allocations: 29346)
Completed 200 OK in 16ms (Views: 14.8ms | ActiveRecord: 0.0ms | Allocations: 30420)


Started GET "/decks/new" for 127.0.0.1 at 2026-04-05 19:21:55 -0300
Processing by DecksController#new as HTML
  Rendering layout layouts/application.html.erb
  Rendering decks/new.html.erb within layouts/application
  Rendered shared/_landing_header.html.erb (Duration: 1.3ms | Allocations: 1198)
  Rendered decks/new.html.erb within layouts/application (Duration: 2.0ms | Allocations: 1520)
  Rendered layout layouts/application.html.erb (Duration: 12.5ms | Allocations: 29485)
Completed 200 OK in 15ms (Views: 14.1ms | ActiveRecord: 0.0ms | Allocations: 30559)


Started GET "/decks/new" for 127.0.0.1 at 2026-04-05 19:22:03 -0300
Processing by DecksController#new as HTML
  Rendering layout layouts/application.html.erb
  Rendering decks/new.html.erb within layouts/application
  Rendered shared/_landing_header.html.erb (Duration: 1.4ms | Allocations: 1196)
  Rendered decks/new.html.erb within layouts/application (Duration: 2.1ms | Allocations: 1514)
  Rendered layout layouts/application.html.erb (Duration: 12.3ms | Allocations: 29403)
Completed 200 OK in 15ms (Views: 13.8ms | ActiveRecord: 0.0ms | Allocations: 30473)


Started GET "/decks/new" for 127.0.0.1 at 2026-04-05 19:22:03 -0300
Processing by DecksController#new as HTML
  Rendering layout layouts/application.html.erb
  Rendering decks/new.html.erb within layouts/application
  Rendered shared/_landing_header.html.erb (Duration: 2.4ms | Allocations: 721)
  Rendered decks/new.html.erb within layouts/application (Duration: 2.5ms | Allocations: 786)
  Rendered layout layouts/application.html.erb (Duration: 5.8ms | Allocations: 2585)
Completed 200 OK in 8ms (Views: 6.3ms | ActiveRecord: 0.0ms | Allocations: 2847)


Started GET "/decks/new" for 127.0.0.1 at 2026-04-05 19:22:10 -0300
Processing by DecksController#new as HTML
  Rendering layout layouts/application.html.erb
  Rendering decks/new.html.erb within layouts/application
  Rendered shared/_landing_header.html.erb (Duration: 1.2ms | Allocations: 1192)
  Rendered decks/new.html.erb within layouts/application (Duration: 1.7ms | Allocations: 1510)
  Rendered layout layouts/application.html.erb (Duration: 14.0ms | Allocations: 29412)
Completed 200 OK in 16ms (Views: 15.2ms | ActiveRecord: 0.0ms | Allocations: 30482)


Started GET "/decks/new" for 127.0.0.1 at 2026-04-05 19:22:11 -0300
Processing by DecksController#new as HTML
  Rendering layout layouts/application.html.erb
  Rendering decks/new.html.erb within layouts/application
  Rendered shared/_landing_header.html.erb (Duration: 1.7ms | Allocations: 725)
  Rendered decks/new.html.erb within layouts/application (Duration: 1.8ms | Allocations: 790)
  Rendered layout layouts/application.html.erb (Duration: 3.9ms | Allocations: 2598)
Completed 200 OK in 5ms (Views: 4.3ms | ActiveRecord: 0.0ms | Allocations: 2860)


Started GET "/decks/new" for 127.0.0.1 at 2026-04-05 19:22:28 -0300
Processing by DecksController#new as HTML
  Rendering layout layouts/application.html.erb
  Rendering decks/new.html.erb within layouts/application
  Rendered shared/_landing_header.html.erb (Duration: 1.5ms | Allocations: 1198)
  Rendered decks/new.html.erb within layouts/application (Duration: 2.1ms | Allocations: 1511)
  Rendered layout layouts/application.html.erb (Duration: 14.1ms | Allocations: 29438)
Completed 200 OK in 17ms (Views: 15.8ms | ActiveRecord: 0.0ms | Allocations: 30512)


Started GET "/decks/new" for 127.0.0.1 at 2026-04-05 19:24:23 -0300
Processing by DecksController#new as HTML
  Rendering layout layouts/application.html.erb
  Rendering decks/new.html.erb within layouts/application
  Rendered shared/_landing_header.html.erb (Duration: 1.8ms | Allocations: 1196)
  Rendered decks/new.html.erb within layouts/application (Duration: 2.7ms | Allocations: 1505)
  Rendered layout layouts/application.html.erb (Duration: 15.2ms | Allocations: 29376)
Completed 200 OK in 18ms (Views: 17.2ms | ActiveRecord: 0.0ms | Allocations: 30445)


Started GET "/decks/new" for 127.0.0.1 at 2026-04-05 19:24:29 -0300
Processing by DecksController#new as HTML
  Rendering layout layouts/application.html.erb
  Rendering decks/new.html.erb within layouts/application
  Rendered shared/_landing_header.html.erb (Duration: 2.2ms | Allocations: 721)
  Rendered decks/new.html.erb within layouts/application (Duration: 2.4ms | Allocations: 786)
  Rendered layout layouts/application.html.erb (Duration: 5.5ms | Allocations: 2573)
Completed 200 OK in 8ms (Views: 6.0ms | ActiveRecord: 0.0ms | Allocations: 2835)


Started GET "/decks/new" for 127.0.0.1 at 2026-04-05 19:27:31 -0300
Processing by DecksController#new as HTML
  Rendering layout layouts/application.html.erb
  Rendering decks/new.html.erb within layouts/application
  Rendered shared/_landing_header.html.erb (Duration: 2.3ms | Allocations: 1198)
  Rendered decks/new.html.erb within layouts/application (Duration: 3.3ms | Allocations: 1532)
  Rendered layout layouts/application.html.erb (Duration: 17.8ms | Allocations: 29511)
Completed 200 OK in 21ms (Views: 19.7ms | ActiveRecord: 0.0ms | Allocations: 30585)


Started GET "/decks/new" for 127.0.0.1 at 2026-04-05 19:27:40 -0300
Processing by DecksController#new as HTML
  Rendering layout layouts/application.html.erb
  Rendering decks/new.html.erb within layouts/application
  Rendered shared/_landing_header.html.erb (Duration: 1.1ms | Allocations: 726)
  Rendered decks/new.html.erb within layouts/application (Duration: 1.2ms | Allocations: 791)
  Rendered layout layouts/application.html.erb (Duration: 2.9ms | Allocations: 2600)
Completed 200 OK in 5ms (Views: 3.3ms | ActiveRecord: 0.0ms | Allocations: 2863)


Started GET "/decks/new" for 127.0.0.1 at 2026-04-05 19:27:40 -0300
Processing by DecksController#new as HTML
  Rendering layout layouts/application.html.erb
  Rendering decks/new.html.erb within layouts/application
  Rendered shared/_landing_header.html.erb (Duration: 2.0ms | Allocations: 721)
  Rendered decks/new.html.erb within layouts/application (Duration: 2.1ms | Allocations: 786)
  Rendered layout layouts/application.html.erb (Duration: 4.2ms | Allocations: 2582)
Completed 200 OK in 6ms (Views: 4.5ms | ActiveRecord: 0.0ms | Allocations: 2826)


Started GET "/decks/new" for 127.0.0.1 at 2026-04-05 19:27:40 -0300
Processing by DecksController#new as HTML
  Rendering layout layouts/application.html.erb
  Rendering decks/new.html.erb within layouts/application
  Rendered shared/_landing_header.html.erb (Duration: 1.4ms | Allocations: 721)
  Rendered decks/new.html.erb within layouts/application (Duration: 1.5ms | Allocations: 786)
  Rendered layout layouts/application.html.erb (Duration: 3.0ms | Allocations: 2591)
Completed 200 OK in 4ms (Views: 3.2ms | ActiveRecord: 0.0ms | Allocations: 2835)


Started GET "/decks/new" for 127.0.0.1 at 2026-04-05 19:28:30 -0300
Processing by DecksController#new as HTML
  Rendering layout layouts/application.html.erb
  Rendering decks/new.html.erb within layouts/application
  Rendered shared/_landing_header.html.erb (Duration: 1.9ms | Allocations: 1192)
  Rendered decks/new.html.erb within layouts/application (Duration: 2.6ms | Allocations: 1523)
  Rendered layout layouts/application.html.erb (Duration: 13.1ms | Allocations: 29465)
Completed 200 OK in 16ms (Views: 15.1ms | ActiveRecord: 0.0ms | Allocations: 30539)


Started GET "/decks/new" for 127.0.0.1 at 2026-04-05 19:28:31 -0300
Processing by DecksController#new as HTML
  Rendering layout layouts/application.html.erb
  Rendering decks/new.html.erb within layouts/application
  Rendered shared/_landing_header.html.erb (Duration: 1.3ms | Allocations: 725)
  Rendered decks/new.html.erb within layouts/application (Duration: 1.4ms | Allocations: 790)
  Rendered layout layouts/application.html.erb (Duration: 3.2ms | Allocations: 2589)
Completed 200 OK in 5ms (Views: 3.5ms | ActiveRecord: 0.0ms | Allocations: 2851)


Started GET "/decks/new" for 127.0.0.1 at 2026-04-05 19:28:37 -0300
Processing by DecksController#new as HTML
  Rendering layout layouts/application.html.erb
  Rendering decks/new.html.erb within layouts/application
  Rendered shared/_landing_header.html.erb (Duration: 2.7ms | Allocations: 721)
  Rendered decks/new.html.erb within layouts/application (Duration: 3.0ms | Allocations: 786)
  Rendered layout layouts/application.html.erb (Duration: 5.9ms | Allocations: 2591)
Completed 200 OK in 8ms (Views: 6.5ms | ActiveRecord: 0.0ms | Allocations: 2835)


Started GET "/decks/new" for 127.0.0.1 at 2026-04-05 19:29:06 -0300
Processing by DecksController#new as HTML
  Rendering layout layouts/application.html.erb
  Rendering decks/new.html.erb within layouts/application
  Rendered shared/_landing_header.html.erb (Duration: 2.3ms | Allocations: 1198)
  Rendered decks/new.html.erb within layouts/application (Duration: 3.1ms | Allocations: 1533)
  Rendered layout layouts/application.html.erb (Duration: 14.8ms | Allocations: 29613)
Completed 200 OK in 18ms (Views: 16.5ms | ActiveRecord: 0.0ms | Allocations: 30688)


Started GET "/decks/new" for 127.0.0.1 at 2026-04-05 19:29:38 -0300
Processing by DecksController#new as HTML
  Rendering layout layouts/application.html.erb
  Rendering decks/new.html.erb within layouts/application
  Rendered shared/_landing_header.html.erb (Duration: 1.5ms | Allocations: 725)
  Rendered decks/new.html.erb within layouts/application (Duration: 1.7ms | Allocations: 790)
  Rendered layout layouts/application.html.erb (Duration: 4.6ms | Allocations: 2595)
Completed 200 OK in 6ms (Views: 4.9ms | ActiveRecord: 0.0ms | Allocations: 2858)


Started GET "/decks/new" for 127.0.0.1 at 2026-04-05 19:29:38 -0300
Processing by DecksController#new as HTML
  Rendering layout layouts/application.html.erb
  Rendering decks/new.html.erb within layouts/application
  Rendered shared/_landing_header.html.erb (Duration: 1.5ms | Allocations: 727)
  Rendered decks/new.html.erb within layouts/application (Duration: 1.6ms | Allocations: 792)
  Rendered layout layouts/application.html.erb (Duration: 3.7ms | Allocations: 2597)
Completed 200 OK in 5ms (Views: 4.0ms | ActiveRecord: 0.0ms | Allocations: 2842)


Started GET "/decks/new" for 127.0.0.1 at 2026-04-05 19:29:38 -0300
Processing by DecksController#new as HTML
  Rendering layout layouts/application.html.erb
  Rendering decks/new.html.erb within layouts/application
  Rendered shared/_landing_header.html.erb (Duration: 1.0ms | Allocations: 721)
  Rendered decks/new.html.erb within layouts/application (Duration: 1.1ms | Allocations: 786)
  Rendered layout layouts/application.html.erb (Duration: 2.5ms | Allocations: 2592)
Completed 200 OK in 3ms (Views: 2.7ms | ActiveRecord: 0.0ms | Allocations: 2837)


Started GET "/decks/new" for 127.0.0.1 at 2026-04-05 19:30:10 -0300
Processing by DecksController#new as HTML
  Rendering layout layouts/application.html.erb
  Rendering decks/new.html.erb within layouts/application
  Rendered shared/_landing_header.html.erb (Duration: 1.9ms | Allocations: 721)
  Rendered decks/new.html.erb within layouts/application (Duration: 2.1ms | Allocations: 786)
  Rendered layout layouts/application.html.erb (Duration: 3.5ms | Allocations: 2585)
Completed 200 OK in 5ms (Views: 3.9ms | ActiveRecord: 0.0ms | Allocations: 2829)


Started GET "/decks/new" for 127.0.0.1 at 2026-04-05 19:30:28 -0300
Processing by DecksController#new as HTML
  Rendering layout layouts/application.html.erb
  Rendering decks/new.html.erb within layouts/application
  Rendered shared/_landing_header.html.erb (Duration: 1.5ms | Allocations: 1192)
  Rendered decks/new.html.erb within layouts/application (Duration: 2.3ms | Allocations: 1525)
  Rendered layout layouts/application.html.erb (Duration: 20.1ms | Allocations: 30911)
Completed 200 OK in 23ms (Views: 21.9ms | ActiveRecord: 0.0ms | Allocations: 31984)


Started GET "/decks/new" for 127.0.0.1 at 2026-04-05 19:30:28 -0300
Processing by DecksController#new as HTML
  Rendering layout layouts/application.html.erb
  Rendering decks/new.html.erb within layouts/application
  Rendered shared/_landing_header.html.erb (Duration: 2.4ms | Allocations: 725)
  Rendered decks/new.html.erb within layouts/application (Duration: 2.6ms | Allocations: 790)
  Rendered layout layouts/application.html.erb (Duration: 5.3ms | Allocations: 2592)
Completed 200 OK in 7ms (Views: 5.8ms | ActiveRecord: 0.0ms | Allocations: 2855)


Started GET "/decks/new" for 127.0.0.1 at 2026-04-05 19:30:29 -0300
Processing by DecksController#new as HTML
  Rendering layout layouts/application.html.erb
  Rendering decks/new.html.erb within layouts/application
  Rendered shared/_landing_header.html.erb (Duration: 1.5ms | Allocations: 721)
  Rendered decks/new.html.erb within layouts/application (Duration: 1.6ms | Allocations: 786)
  Rendered layout layouts/application.html.erb (Duration: 3.7ms | Allocations: 2588)
Completed 200 OK in 5ms (Views: 4.1ms | ActiveRecord: 0.0ms | Allocations: 2832)


Started GET "/decks/new" for 127.0.0.1 at 2026-04-05 19:31:24 -0300
Processing by DecksController#new as HTML
  Rendering layout layouts/application.html.erb
  Rendering decks/new.html.erb within layouts/application
  Rendered shared/_landing_header.html.erb (Duration: 1.7ms | Allocations: 721)
  Rendered decks/new.html.erb within layouts/application (Duration: 1.9ms | Allocations: 786)
  Rendered layout layouts/application.html.erb (Duration: 9.2ms | Allocations: 3954)
Completed 200 OK in 11ms (Views: 9.6ms | ActiveRecord: 0.0ms | Allocations: 4198)


Started GET "/decks/new" for 127.0.0.1 at 2026-04-05 19:31:30 -0300
Processing by DecksController#new as HTML
  Rendering layout layouts/application.html.erb
  Rendering decks/new.html.erb within layouts/application
  Rendered shared/_landing_header.html.erb (Duration: 2.2ms | Allocations: 1198)
  Rendered decks/new.html.erb within layouts/application (Duration: 2.9ms | Allocations: 1535)
  Rendered layout layouts/application.html.erb (Duration: 15.5ms | Allocations: 29506)
Completed 200 OK in 19ms (Views: 17.4ms | ActiveRecord: 0.0ms | Allocations: 30580)


Started GET "/decks/new" for 127.0.0.1 at 2026-04-05 19:33:34 -0300
Processing by DecksController#new as HTML
  Rendering layout layouts/application.html.erb
  Rendering decks/new.html.erb within layouts/application
  Rendered shared/_landing_header.html.erb (Duration: 2.1ms | Allocations: 1196)
  Rendered decks/new.html.erb within layouts/application (Duration: 3.1ms | Allocations: 1587)
  Rendered layout layouts/application.html.erb (Duration: 15.6ms | Allocations: 29540)
Completed 200 OK in 19ms (Views: 17.4ms | ActiveRecord: 0.0ms | Allocations: 30614)


Started GET "/" for 127.0.0.1 at 2026-04-05 19:33:47 -0300
Processing by HomeController#index as HTML
  Rendering layout layouts/application.html.erb
  Rendering home/index.html.erb within layouts/application
  Rendered shared/_landing_header.html.erb (Duration: 2.3ms | Allocations: 1195)
  Rendered shared/_flashcard_flip.html.erb (Duration: 0.5ms | Allocations: 430)
  Rendered home/index.html.erb within layouts/application (Duration: 4.9ms | Allocations: 2219)
  Rendered layout layouts/application.html.erb (Duration: 17.4ms | Allocations: 30283)
Completed 200 OK in 21ms (Views: 19.5ms | ActiveRecord: 0.0ms | Allocations: 31358)


Started GET "/decks/new" for 127.0.0.1 at 2026-04-05 19:34:09 -0300
Processing by DecksController#new as HTML
  Rendering layout layouts/application.html.erb
  Rendering decks/new.html.erb within layouts/application
  Rendered shared/_landing_header.html.erb (Duration: 2.8ms | Allocations: 1198)
  Rendered decks/_flashcard_item.html.erb (Duration: 0.2ms | Allocations: 164)
  Rendered decks/new.html.erb within layouts/application (Duration: 4.2ms | Allocations: 1840)
  Rendered layout layouts/application.html.erb (Duration: 16.1ms | Allocations: 29778)
Completed 200 OK in 19ms (Views: 17.9ms | ActiveRecord: 0.0ms | Allocations: 30852)


Started GET "/decks/new" for 127.0.0.1 at 2026-04-05 19:34:09 -0300
Processing by DecksController#new as HTML
  Rendering layout layouts/application.html.erb
  Rendering decks/new.html.erb within layouts/application
  Rendered shared/_landing_header.html.erb (Duration: 2.9ms | Allocations: 725)
  Rendered decks/_flashcard_item.html.erb (Duration: 0.0ms | Allocations: 10)
  Rendered decks/new.html.erb within layouts/application (Duration: 3.5ms | Allocations: 858)
  Rendered layout layouts/application.html.erb (Duration: 5.9ms | Allocations: 2654)
Completed 200 OK in 9ms (Views: 6.6ms | ActiveRecord: 0.0ms | Allocations: 2917)


Started GET "/decks/new" for 127.0.0.1 at 2026-04-05 19:34:10 -0300
Processing by DecksController#new as HTML
  Rendering layout layouts/application.html.erb
  Rendering decks/new.html.erb within layouts/application
  Rendered shared/_landing_header.html.erb (Duration: 2.7ms | Allocations: 721)
  Rendered decks/_flashcard_item.html.erb (Duration: 0.0ms | Allocations: 10)
  Rendered decks/new.html.erb within layouts/application (Duration: 3.2ms | Allocations: 854)
  Rendered layout layouts/application.html.erb (Duration: 7.4ms | Allocations: 2668)
Completed 200 OK in 10ms (Views: 8.2ms | ActiveRecord: 0.0ms | Allocations: 2912)


Started GET "/decks/new" for 127.0.0.1 at 2026-04-05 19:35:09 -0300
Processing by DecksController#new as HTML
  Rendering layout layouts/application.html.erb
  Rendering decks/new.html.erb within layouts/application
  Rendered shared/_landing_header.html.erb (Duration: 1.8ms | Allocations: 1198)
  Rendered decks/_flashcard_item.html.erb (Duration: 0.3ms | Allocations: 152)
  Rendered decks/new.html.erb within layouts/application (Duration: 3.5ms | Allocations: 1827)
  Rendered layout layouts/application.html.erb (Duration: 16.2ms | Allocations: 29873)
Completed 200 OK in 19ms (Views: 18.0ms | ActiveRecord: 0.0ms | Allocations: 30947)


Started GET "/decks/new" for 127.0.0.1 at 2026-04-05 19:35:58 -0300
Processing by DecksController#new as HTML
  Rendering layout layouts/application.html.erb
  Rendering decks/new.html.erb within layouts/application
  Rendered shared/_landing_header.html.erb (Duration: 1.6ms | Allocations: 1198)
  Rendered decks/_flashcard_item.html.erb (Duration: 0.3ms | Allocations: 152)
  Rendered decks/new.html.erb within layouts/application (Duration: 2.9ms | Allocations: 1822)
  Rendered layout layouts/application.html.erb (Duration: 13.4ms | Allocations: 29763)
Completed 200 OK in 16ms (Views: 15.2ms | ActiveRecord: 0.0ms | Allocations: 30837)


Started GET "/decks/new" for 127.0.0.1 at 2026-04-05 19:37:25 -0300
Processing by DecksController#new as HTML
  Rendering layout layouts/application.html.erb
  Rendering decks/new.html.erb within layouts/application
  Rendered shared/_landing_header.html.erb (Duration: 1.6ms | Allocations: 1198)
  Rendered decks/_flashcard_item.html.erb (Duration: 0.2ms | Allocations: 152)
  Rendered decks/new.html.erb within layouts/application (Duration: 3.0ms | Allocations: 1828)
  Rendered layout layouts/application.html.erb (Duration: 14.4ms | Allocations: 29898)
Completed 200 OK in 17ms (Views: 16.1ms | ActiveRecord: 0.0ms | Allocations: 30972)


Started GET "/decks/new" for 127.0.0.1 at 2026-04-05 19:37:26 -0300
Processing by DecksController#new as HTML
  Rendering layout layouts/application.html.erb
  Rendering decks/new.html.erb within layouts/application
  Rendered shared/_landing_header.html.erb (Duration: 1.6ms | Allocations: 721)
  Rendered decks/_flashcard_item.html.erb (Duration: 0.0ms | Allocations: 10)
  Rendered decks/new.html.erb within layouts/application (Duration: 1.8ms | Allocations: 854)
  Rendered layout layouts/application.html.erb (Duration: 3.9ms | Allocations: 2638)
Completed 200 OK in 5ms (Views: 4.3ms | ActiveRecord: 0.0ms | Allocations: 2900)


Started GET "/" for 127.0.0.1 at 2026-04-05 19:37:45 -0300
Processing by HomeController#index as HTML
  Rendering layout layouts/application.html.erb
  Rendering home/index.html.erb within layouts/application
  Rendered shared/_landing_header.html.erb (Duration: 1.8ms | Allocations: 853)
  Rendered shared/_flashcard_flip.html.erb (Duration: 0.6ms | Allocations: 430)
  Rendered home/index.html.erb within layouts/application (Duration: 4.0ms | Allocations: 1806)
  Rendered layout layouts/application.html.erb (Duration: 6.4ms | Allocations: 3712)
Completed 200 OK in 9ms (Views: 7.7ms | ActiveRecord: 0.0ms | Allocations: 4249)


Started GET "/decks/new" for 127.0.0.1 at 2026-04-05 19:37:48 -0300
Processing by DecksController#new as HTML
  Rendering layout layouts/application.html.erb
  Rendering decks/new.html.erb within layouts/application
  Rendered shared/_landing_header.html.erb (Duration: 2.0ms | Allocations: 1198)
  Rendered decks/_flashcard_item.html.erb (Duration: 0.3ms | Allocations: 152)
  Rendered decks/new.html.erb within layouts/application (Duration: 3.7ms | Allocations: 1822)
  Rendered layout layouts/application.html.erb (Duration: 16.7ms | Allocations: 29801)
Completed 200 OK in 20ms (Views: 18.7ms | ActiveRecord: 0.0ms | Allocations: 30875)


Started GET "/decks/new" for 127.0.0.1 at 2026-04-05 19:37:48 -0300
Processing by DecksController#new as HTML
  Rendering layout layouts/application.html.erb
  Rendering decks/new.html.erb within layouts/application
  Rendered shared/_landing_header.html.erb (Duration: 2.3ms | Allocations: 721)
  Rendered decks/_flashcard_item.html.erb (Duration: 0.0ms | Allocations: 10)
  Rendered decks/new.html.erb within layouts/application (Duration: 2.7ms | Allocations: 854)
  Rendered layout layouts/application.html.erb (Duration: 11.5ms | Allocations: 2665)
Completed 200 OK in 13ms (Views: 12.1ms | ActiveRecord: 0.0ms | Allocations: 2928)


Started GET "/decks/new" for 127.0.0.1 at 2026-04-05 19:37:50 -0300
Processing by DecksController#new as HTML
  Rendering layout layouts/application.html.erb
  Rendering decks/new.html.erb within layouts/application
  Rendered shared/_landing_header.html.erb (Duration: 2.6ms | Allocations: 727)
  Rendered decks/_flashcard_item.html.erb (Duration: 0.0ms | Allocations: 10)
  Rendered decks/new.html.erb within layouts/application (Duration: 3.0ms | Allocations: 860)
  Rendered layout layouts/application.html.erb (Duration: 6.1ms | Allocations: 2681)
Completed 200 OK in 8ms (Views: 6.6ms | ActiveRecord: 0.0ms | Allocations: 2925)


Started GET "/decks/new" for 127.0.0.1 at 2026-04-05 19:37:50 -0300
Processing by DecksController#new as HTML
  Rendering layout layouts/application.html.erb
  Rendering decks/new.html.erb within layouts/application
  Rendered shared/_landing_header.html.erb (Duration: 2.3ms | Allocations: 721)
  Rendered decks/_flashcard_item.html.erb (Duration: 0.0ms | Allocations: 10)
  Rendered decks/new.html.erb within layouts/application (Duration: 2.7ms | Allocations: 854)
  Rendered layout layouts/application.html.erb (Duration: 5.3ms | Allocations: 2671)
Completed 200 OK in 7ms (Views: 5.8ms | ActiveRecord: 0.0ms | Allocations: 2915)


Started GET "/decks/new" for 127.0.0.1 at 2026-04-05 19:37:50 -0300
Processing by DecksController#new as HTML
  Rendering layout layouts/application.html.erb
  Rendering decks/new.html.erb within layouts/application
  Rendered shared/_landing_header.html.erb (Duration: 2.1ms | Allocations: 727)
  Rendered decks/_flashcard_item.html.erb (Duration: 0.0ms | Allocations: 10)
  Rendered decks/new.html.erb within layouts/application (Duration: 2.6ms | Allocations: 860)
  Rendered layout layouts/application.html.erb (Duration: 5.6ms | Allocations: 2671)
Completed 200 OK in 7ms (Views: 6.0ms | ActiveRecord: 0.0ms | Allocations: 2915)


Started GET "/decks/new" for 127.0.0.1 at 2026-04-05 19:37:51 -0300
Processing by DecksController#new as HTML
  Rendering layout layouts/application.html.erb
  Rendering decks/new.html.erb within layouts/application
  Rendered shared/_landing_header.html.erb (Duration: 1.9ms | Allocations: 721)
  Rendered decks/_flashcard_item.html.erb (Duration: 0.0ms | Allocations: 10)
  Rendered decks/new.html.erb within layouts/application (Duration: 2.1ms | Allocations: 854)
  Rendered layout layouts/application.html.erb (Duration: 4.1ms | Allocations: 2663)
Completed 200 OK in 6ms (Views: 4.6ms | ActiveRecord: 0.0ms | Allocations: 2908)


Started GET "/decks/new" for 127.0.0.1 at 2026-04-05 19:37:52 -0300
Processing by DecksController#new as HTML
  Rendering layout layouts/application.html.erb
  Rendering decks/new.html.erb within layouts/application
  Rendered shared/_landing_header.html.erb (Duration: 1.7ms | Allocations: 721)
  Rendered decks/_flashcard_item.html.erb (Duration: 0.0ms | Allocations: 10)
  Rendered decks/new.html.erb within layouts/application (Duration: 1.9ms | Allocations: 854)
  Rendered layout layouts/application.html.erb (Duration: 3.8ms | Allocations: 2671)
Completed 200 OK in 6ms (Views: 4.5ms | ActiveRecord: 0.0ms | Allocations: 2915)


Started GET "/decks/new" for 127.0.0.1 at 2026-04-05 19:38:03 -0300
Processing by DecksController#new as HTML
  Rendering layout layouts/application.html.erb
  Rendering decks/new.html.erb within layouts/application
  Rendered shared/_landing_header.html.erb (Duration: 1.9ms | Allocations: 1194)
  Rendered decks/_flashcard_item.html.erb (Duration: 0.3ms | Allocations: 152)
  Rendered decks/new.html.erb within layouts/application (Duration: 3.6ms | Allocations: 1822)
  Rendered layout layouts/application.html.erb (Duration: 14.8ms | Allocations: 29776)
Completed 200 OK in 18ms (Views: 16.6ms | ActiveRecord: 0.0ms | Allocations: 30849)


Started GET "/decks/new" for 127.0.0.1 at 2026-04-05 19:38:04 -0300
Processing by DecksController#new as HTML
  Rendering layout layouts/application.html.erb
  Rendering decks/new.html.erb within layouts/application
  Rendered shared/_landing_header.html.erb (Duration: 1.9ms | Allocations: 725)
  Rendered decks/_flashcard_item.html.erb (Duration: 0.0ms | Allocations: 10)
  Rendered decks/new.html.erb within layouts/application (Duration: 2.1ms | Allocations: 858)
  Rendered layout layouts/application.html.erb (Duration: 5.6ms | Allocations: 2651)
Completed 200 OK in 7ms (Views: 6.0ms | ActiveRecord: 0.0ms | Allocations: 2913)


Started GET "/decks/new" for 127.0.0.1 at 2026-04-05 19:38:04 -0300
Processing by DecksController#new as HTML
  Rendering layout layouts/application.html.erb
  Rendering decks/new.html.erb within layouts/application
  Rendered shared/_landing_header.html.erb (Duration: 2.0ms | Allocations: 721)
  Rendered decks/_flashcard_item.html.erb (Duration: 0.0ms | Allocations: 10)
  Rendered decks/new.html.erb within layouts/application (Duration: 2.4ms | Allocations: 854)
  Rendered layout layouts/application.html.erb (Duration: 6.1ms | Allocations: 2659)
Completed 200 OK in 8ms (Views: 6.8ms | ActiveRecord: 0.0ms | Allocations: 2903)


Started GET "/decks/new" for 127.0.0.1 at 2026-04-05 19:38:11 -0300
Processing by DecksController#new as HTML
  Rendering layout layouts/application.html.erb
  Rendering decks/new.html.erb within layouts/application
  Rendered shared/_landing_header.html.erb (Duration: 1.4ms | Allocations: 1198)
  Rendered decks/_flashcard_item.html.erb (Duration: 0.2ms | Allocations: 152)
  Rendered decks/new.html.erb within layouts/application (Duration: 2.8ms | Allocations: 1824)
  Rendered layout layouts/application.html.erb (Duration: 14.3ms | Allocations: 29777)
Completed 200 OK in 17ms (Views: 15.9ms | ActiveRecord: 0.0ms | Allocations: 30851)


Started GET "/decks/new" for 127.0.0.1 at 2026-04-05 19:38:12 -0300
Processing by DecksController#new as HTML
  Rendering layout layouts/application.html.erb
  Rendering decks/new.html.erb within layouts/application
  Rendered shared/_landing_header.html.erb (Duration: 2.6ms | Allocations: 721)
  Rendered decks/_flashcard_item.html.erb (Duration: 0.0ms | Allocations: 10)
  Rendered decks/new.html.erb within layouts/application (Duration: 2.9ms | Allocations: 854)
  Rendered layout layouts/application.html.erb (Duration: 6.2ms | Allocations: 2656)
Completed 200 OK in 9ms (Views: 6.8ms | ActiveRecord: 0.0ms | Allocations: 2919)


Started GET "/decks/new" for 127.0.0.1 at 2026-04-05 19:38:12 -0300
Processing by DecksController#new as HTML
  Rendering layout layouts/application.html.erb
  Rendering decks/new.html.erb within layouts/application
  Rendered shared/_landing_header.html.erb (Duration: 1.6ms | Allocations: 721)
  Rendered decks/_flashcard_item.html.erb (Duration: 0.0ms | Allocations: 10)
  Rendered decks/new.html.erb within layouts/application (Duration: 1.8ms | Allocations: 854)
  Rendered layout layouts/application.html.erb (Duration: 4.4ms | Allocations: 2651)
Completed 200 OK in 6ms (Views: 5.0ms | ActiveRecord: 0.0ms | Allocations: 2895)


Started GET "/decks/new" for 127.0.0.1 at 2026-04-05 19:38:12 -0300
Processing by DecksController#new as HTML
  Rendering layout layouts/application.html.erb
  Rendering decks/new.html.erb within layouts/application
  Rendered shared/_landing_header.html.erb (Duration: 2.4ms | Allocations: 721)
  Rendered decks/_flashcard_item.html.erb (Duration: 0.0ms | Allocations: 10)
  Rendered decks/new.html.erb within layouts/application (Duration: 3.0ms | Allocations: 854)
  Rendered layout layouts/application.html.erb (Duration: 6.4ms | Allocations: 2656)
Completed 200 OK in 8ms (Views: 7.1ms | ActiveRecord: 0.0ms | Allocations: 2900)


Started GET "/decks/new" for 127.0.0.1 at 2026-04-05 19:38:29 -0300
Processing by DecksController#new as HTML
  Rendering layout layouts/application.html.erb
  Rendering decks/new.html.erb within layouts/application
  Rendered shared/_landing_header.html.erb (Duration: 1.6ms | Allocations: 721)
  Rendered decks/_flashcard_item.html.erb (Duration: 0.0ms | Allocations: 10)
  Rendered decks/new.html.erb within layouts/application (Duration: 1.8ms | Allocations: 854)
  Rendered layout layouts/application.html.erb (Duration: 4.4ms | Allocations: 2649)
Completed 200 OK in 5ms (Views: 4.7ms | ActiveRecord: 0.0ms | Allocations: 2893)


Started GET "/decks/new" for 127.0.0.1 at 2026-04-05 19:38:29 -0300
Processing by DecksController#new as HTML
  Rendering layout layouts/application.html.erb
  Rendering decks/new.html.erb within layouts/application
  Rendered shared/_landing_header.html.erb (Duration: 1.3ms | Allocations: 721)
  Rendered decks/_flashcard_item.html.erb (Duration: 0.0ms | Allocations: 10)
  Rendered decks/new.html.erb within layouts/application (Duration: 1.6ms | Allocations: 854)
  Rendered layout layouts/application.html.erb (Duration: 3.1ms | Allocations: 2650)
Completed 200 OK in 5ms (Views: 3.7ms | ActiveRecord: 0.0ms | Allocations: 2894)


Started GET "/decks/new" for 127.0.0.1 at 2026-04-05 19:38:29 -0300
Processing by DecksController#new as HTML
  Rendering layout layouts/application.html.erb
  Rendering decks/new.html.erb within layouts/application
  Rendered shared/_landing_header.html.erb (Duration: 2.2ms | Allocations: 721)
  Rendered decks/_flashcard_item.html.erb (Duration: 0.0ms | Allocations: 10)
  Rendered decks/new.html.erb within layouts/application (Duration: 2.4ms | Allocations: 854)
  Rendered layout layouts/application.html.erb (Duration: 4.4ms | Allocations: 2665)
Completed 200 OK in 6ms (Views: 5.0ms | ActiveRecord: 0.0ms | Allocations: 2909)


Started GET "/decks/new" for 127.0.0.1 at 2026-04-05 19:38:29 -0300
Processing by DecksController#new as HTML
  Rendering layout layouts/application.html.erb
  Rendering decks/new.html.erb within layouts/application
  Rendered shared/_landing_header.html.erb (Duration: 2.1ms | Allocations: 721)
  Rendered decks/_flashcard_item.html.erb (Duration: 0.0ms | Allocations: 10)
  Rendered decks/new.html.erb within layouts/application (Duration: 2.4ms | Allocations: 854)
  Rendered layout layouts/application.html.erb (Duration: 4.8ms | Allocations: 2665)
Completed 200 OK in 6ms (Views: 5.1ms | ActiveRecord: 0.0ms | Allocations: 2909)


Started GET "/decks/new" for 127.0.0.1 at 2026-04-05 19:38:29 -0300
Processing by DecksController#new as HTML
  Rendering layout layouts/application.html.erb
  Rendering decks/new.html.erb within layouts/application
  Rendered shared/_landing_header.html.erb (Duration: 1.9ms | Allocations: 721)
  Rendered decks/_flashcard_item.html.erb (Duration: 0.0ms | Allocations: 10)
  Rendered decks/new.html.erb within layouts/application (Duration: 2.1ms | Allocations: 854)
  Rendered layout layouts/application.html.erb (Duration: 4.1ms | Allocations: 2659)
Completed 200 OK in 6ms (Views: 4.5ms | ActiveRecord: 0.0ms | Allocations: 2904)


Started GET "/decks/new" for 127.0.0.1 at 2026-04-05 19:38:30 -0300
Processing by DecksController#new as HTML
  Rendering layout layouts/application.html.erb
  Rendering decks/new.html.erb within layouts/application
  Rendered shared/_landing_header.html.erb (Duration: 2.0ms | Allocations: 723)
  Rendered decks/_flashcard_item.html.erb (Duration: 0.0ms | Allocations: 10)
  Rendered decks/new.html.erb within layouts/application (Duration: 2.3ms | Allocations: 856)
  Rendered layout layouts/application.html.erb (Duration: 4.3ms | Allocations: 2652)
Completed 200 OK in 6ms (Views: 4.9ms | ActiveRecord: 0.0ms | Allocations: 2897)


Started GET "/decks/new" for 127.0.0.1 at 2026-04-05 19:38:55 -0300
Processing by DecksController#new as HTML
  Rendering layout layouts/application.html.erb
  Rendering decks/new.html.erb within layouts/application
  Rendered shared/_landing_header.html.erb (Duration: 1.8ms | Allocations: 1198)
  Rendered decks/_flashcard_item.html.erb (Duration: 0.3ms | Allocations: 152)
  Rendered decks/new.html.erb within layouts/application (Duration: 3.3ms | Allocations: 1824)
  Rendered layout layouts/application.html.erb (Duration: 14.5ms | Allocations: 29891)
Completed 200 OK in 17ms (Views: 16.2ms | ActiveRecord: 0.0ms | Allocations: 30965)


Started GET "/decks/new" for 127.0.0.1 at 2026-04-05 19:39:13 -0300
Processing by DecksController#new as HTML
  Rendering layout layouts/application.html.erb
  Rendering decks/new.html.erb within layouts/application
  Rendered shared/_landing_header.html.erb (Duration: 1.3ms | Allocations: 1198)
  Rendered decks/_flashcard_item.html.erb (Duration: 0.2ms | Allocations: 152)
  Rendered decks/new.html.erb within layouts/application (Duration: 2.7ms | Allocations: 1822)
  Rendered layout layouts/application.html.erb (Duration: 13.9ms | Allocations: 29681)
Completed 200 OK in 17ms (Views: 15.4ms | ActiveRecord: 0.0ms | Allocations: 30755)


Started GET "/decks/new" for 127.0.0.1 at 2026-04-05 19:39:21 -0300
Processing by DecksController#new as HTML
  Rendering layout layouts/application.html.erb
  Rendering decks/new.html.erb within layouts/application
  Rendered shared/_landing_header.html.erb (Duration: 1.5ms | Allocations: 1198)
  Rendered decks/_flashcard_item.html.erb (Duration: 0.3ms | Allocations: 152)
  Rendered decks/new.html.erb within layouts/application (Duration: 3.0ms | Allocations: 1826)
  Rendered layout layouts/application.html.erb (Duration: 15.2ms | Allocations: 29797)
Completed 200 OK in 18ms (Views: 17.0ms | ActiveRecord: 0.0ms | Allocations: 30871)


Started GET "/decks/new" for 127.0.0.1 at 2026-04-05 19:39:31 -0300
Processing by DecksController#new as HTML
  Rendering layout layouts/application.html.erb
  Rendering decks/new.html.erb within layouts/application
  Rendered shared/_landing_header.html.erb (Duration: 1.7ms | Allocations: 1198)
  Rendered decks/_flashcard_item.html.erb (Duration: 0.6ms | Allocations: 152)
  Rendered decks/new.html.erb within layouts/application (Duration: 3.9ms | Allocations: 1824)
  Rendered layout layouts/application.html.erb (Duration: 14.8ms | Allocations: 29798)
Completed 200 OK in 20ms (Views: 19.3ms | ActiveRecord: 0.0ms | Allocations: 30872)


Started GET "/decks/new" for 127.0.0.1 at 2026-04-05 19:39:32 -0300
Processing by DecksController#new as HTML
  Rendering layout layouts/application.html.erb
  Rendering decks/new.html.erb within layouts/application
  Rendered shared/_landing_header.html.erb (Duration: 2.3ms | Allocations: 726)
  Rendered decks/_flashcard_item.html.erb (Duration: 0.0ms | Allocations: 10)
  Rendered decks/new.html.erb within layouts/application (Duration: 2.7ms | Allocations: 859)
  Rendered layout layouts/application.html.erb (Duration: 6.5ms | Allocations: 2683)
Completed 200 OK in 8ms (Views: 7.0ms | ActiveRecord: 0.0ms | Allocations: 2946)


Started GET "/decks/new" for 127.0.0.1 at 2026-04-05 19:39:39 -0300
Processing by DecksController#new as HTML
  Rendering layout layouts/application.html.erb
  Rendering decks/new.html.erb within layouts/application
  Rendered shared/_landing_header.html.erb (Duration: 1.5ms | Allocations: 1192)
  Rendered decks/_flashcard_item.html.erb (Duration: 0.2ms | Allocations: 150)
  Rendered decks/new.html.erb within layouts/application (Duration: 2.8ms | Allocations: 1814)
  Rendered layout layouts/application.html.erb (Duration: 18.7ms | Allocations: 29866)
Completed 200 OK in 22ms (Views: 20.1ms | ActiveRecord: 0.0ms | Allocations: 30939)


Started GET "/decks/new" for 127.0.0.1 at 2026-04-05 19:40:29 -0300
Processing by DecksController#new as HTML
  Rendering layout layouts/application.html.erb
  Rendering decks/new.html.erb within layouts/application
  Rendered shared/_landing_header.html.erb (Duration: 1.4ms | Allocations: 1198)
  Rendered decks/_flashcard_item.html.erb (Duration: 0.2ms | Allocations: 150)
  Rendered decks/new.html.erb within layouts/application (Duration: 2.8ms | Allocations: 1824)
  Rendered layout layouts/application.html.erb (Duration: 14.1ms | Allocations: 29835)
Completed 200 OK in 17ms (Views: 15.7ms | ActiveRecord: 0.0ms | Allocations: 30909)


Started GET "/decks/new" for 127.0.0.1 at 2026-04-05 19:40:30 -0300
Processing by DecksController#new as HTML
  Rendering layout layouts/application.html.erb
  Rendering decks/new.html.erb within layouts/application
  Rendered shared/_landing_header.html.erb (Duration: 6.0ms | Allocations: 721)
  Rendered decks/_flashcard_item.html.erb (Duration: 0.0ms | Allocations: 10)
  Rendered decks/new.html.erb within layouts/application (Duration: 11.0ms | Allocations: 854)
  Rendered layout layouts/application.html.erb (Duration: 26.5ms | Allocations: 2653)
Completed 200 OK in 31ms (Views: 29.9ms | ActiveRecord: 0.0ms | Allocations: 2915)


Started GET "/decks/new" for 127.0.0.1 at 2026-04-05 19:40:30 -0300
Processing by DecksController#new as HTML
  Rendering layout layouts/application.html.erb
  Rendering decks/new.html.erb within layouts/application
  Rendered shared/_landing_header.html.erb (Duration: 1.3ms | Allocations: 727)
  Rendered decks/_flashcard_item.html.erb (Duration: 0.0ms | Allocations: 10)
  Rendered decks/new.html.erb within layouts/application (Duration: 1.4ms | Allocations: 860)
  Rendered layout layouts/application.html.erb (Duration: 3.9ms | Allocations: 2657)
Completed 200 OK in 5ms (Views: 4.2ms | ActiveRecord: 0.0ms | Allocations: 2902)


Started GET "/decks/new" for 127.0.0.1 at 2026-04-05 19:40:31 -0300
Processing by DecksController#new as HTML
  Rendering layout layouts/application.html.erb
  Rendering decks/new.html.erb within layouts/application
  Rendered shared/_landing_header.html.erb (Duration: 1.8ms | Allocations: 722)
  Rendered decks/_flashcard_item.html.erb (Duration: 0.0ms | Allocations: 10)
  Rendered decks/new.html.erb within layouts/application (Duration: 2.0ms | Allocations: 855)
  Rendered layout layouts/application.html.erb (Duration: 5.9ms | Allocations: 2676)
Completed 200 OK in 7ms (Views: 6.4ms | ActiveRecord: 0.0ms | Allocations: 2920)


Started GET "/decks/new" for 127.0.0.1 at 2026-04-05 19:40:40 -0300
Processing by DecksController#new as HTML
  Rendering layout layouts/application.html.erb
  Rendering decks/new.html.erb within layouts/application
  Rendered shared/_landing_header.html.erb (Duration: 2.9ms | Allocations: 721)
  Rendered decks/_flashcard_item.html.erb (Duration: 0.0ms | Allocations: 10)
  Rendered decks/new.html.erb within layouts/application (Duration: 3.3ms | Allocations: 854)
  Rendered layout layouts/application.html.erb (Duration: 8.1ms | Allocations: 2659)
Completed 200 OK in 10ms (Views: 8.6ms | ActiveRecord: 0.0ms | Allocations: 2904)


Started GET "/decks/new" for 127.0.0.1 at 2026-04-05 19:40:40 -0300
Processing by DecksController#new as HTML
  Rendering layout layouts/application.html.erb
  Rendering decks/new.html.erb within layouts/application
  Rendered shared/_landing_header.html.erb (Duration: 2.6ms | Allocations: 721)
  Rendered decks/_flashcard_item.html.erb (Duration: 0.0ms | Allocations: 10)
  Rendered decks/new.html.erb within layouts/application (Duration: 2.9ms | Allocations: 854)
  Rendered layout layouts/application.html.erb (Duration: 5.3ms | Allocations: 2653)
Completed 200 OK in 7ms (Views: 5.8ms | ActiveRecord: 0.0ms | Allocations: 2897)


Started GET "/decks/new" for 127.0.0.1 at 2026-04-05 19:40:40 -0300
Processing by DecksController#new as HTML
  Rendering layout layouts/application.html.erb
  Rendering decks/new.html.erb within layouts/application
  Rendered shared/_landing_header.html.erb (Duration: 1.9ms | Allocations: 721)
  Rendered decks/_flashcard_item.html.erb (Duration: 0.0ms | Allocations: 10)
  Rendered decks/new.html.erb within layouts/application (Duration: 2.1ms | Allocations: 854)
  Rendered layout layouts/application.html.erb (Duration: 5.0ms | Allocations: 2668)
Completed 200 OK in 7ms (Views: 5.4ms | ActiveRecord: 0.0ms | Allocations: 2912)


Started GET "/decks/new" for 127.0.0.1 at 2026-04-05 19:40:41 -0300
Processing by DecksController#new as HTML
  Rendering layout layouts/application.html.erb
  Rendering decks/new.html.erb within layouts/application
  Rendered shared/_landing_header.html.erb (Duration: 2.7ms | Allocations: 721)
  Rendered decks/_flashcard_item.html.erb (Duration: 0.0ms | Allocations: 10)
  Rendered decks/new.html.erb within layouts/application (Duration: 3.4ms | Allocations: 854)
  Rendered layout layouts/application.html.erb (Duration: 6.4ms | Allocations: 2653)
Completed 200 OK in 9ms (Views: 7.1ms | ActiveRecord: 0.0ms | Allocations: 2897)


Started GET "/decks/new" for 127.0.0.1 at 2026-04-05 19:40:41 -0300
Processing by DecksController#new as HTML
  Rendering layout layouts/application.html.erb
  Rendering decks/new.html.erb within layouts/application
  Rendered shared/_landing_header.html.erb (Duration: 2.1ms | Allocations: 721)
  Rendered decks/_flashcard_item.html.erb (Duration: 0.0ms | Allocations: 10)
  Rendered decks/new.html.erb within layouts/application (Duration: 2.3ms | Allocations: 854)
  Rendered layout layouts/application.html.erb (Duration: 4.6ms | Allocations: 2638)
Completed 200 OK in 6ms (Views: 5.1ms | ActiveRecord: 0.0ms | Allocations: 2882)


Started GET "/decks/new" for 127.0.0.1 at 2026-04-05 19:40:41 -0300
Processing by DecksController#new as HTML
  Rendering layout layouts/application.html.erb
  Rendering decks/new.html.erb within layouts/application
  Rendered shared/_landing_header.html.erb (Duration: 3.0ms | Allocations: 721)
  Rendered decks/_flashcard_item.html.erb (Duration: 0.0ms | Allocations: 10)
  Rendered decks/new.html.erb within layouts/application (Duration: 3.5ms | Allocations: 854)
  Rendered layout layouts/application.html.erb (Duration: 8.6ms | Allocations: 2647)
Completed 200 OK in 10ms (Views: 9.3ms | ActiveRecord: 0.0ms | Allocations: 2891)


Started GET "/decks/new" for 127.0.0.1 at 2026-04-05 19:42:28 -0300
Processing by DecksController#new as HTML
  Rendering layout layouts/application.html.erb
  Rendering decks/new.html.erb within layouts/application
  Rendered shared/_landing_header.html.erb (Duration: 1.8ms | Allocations: 1195)
  Rendered decks/_flashcard_item.html.erb (Duration: 0.3ms | Allocations: 150)
  Rendered decks/new.html.erb within layouts/application (Duration: 3.6ms | Allocations: 1821)
  Rendered layout layouts/application.html.erb (Duration: 17.2ms | Allocations: 29849)
Completed 200 OK in 21ms (Views: 19.1ms | ActiveRecord: 0.0ms | Allocations: 30922)


Started GET "/decks/new" for 127.0.0.1 at 2026-04-05 19:42:28 -0300
Processing by DecksController#new as HTML
  Rendering layout layouts/application.html.erb
  Rendering decks/new.html.erb within layouts/application
  Rendered shared/_landing_header.html.erb (Duration: 1.9ms | Allocations: 723)
  Rendered decks/_flashcard_item.html.erb (Duration: 0.0ms | Allocations: 10)
  Rendered decks/new.html.erb within layouts/application (Duration: 2.0ms | Allocations: 856)
  Rendered layout layouts/application.html.erb (Duration: 4.0ms | Allocations: 2642)
Completed 200 OK in 6ms (Views: 4.6ms | ActiveRecord: 0.0ms | Allocations: 2904)


Started GET "/decks/new" for 127.0.0.1 at 2026-04-05 19:42:28 -0300
Processing by DecksController#new as HTML
  Rendering layout layouts/application.html.erb
  Rendering decks/new.html.erb within layouts/application
  Rendered shared/_landing_header.html.erb (Duration: 2.5ms | Allocations: 721)
  Rendered decks/_flashcard_item.html.erb (Duration: 0.0ms | Allocations: 10)
  Rendered decks/new.html.erb within layouts/application (Duration: 2.8ms | Allocations: 854)
  Rendered layout layouts/application.html.erb (Duration: 6.3ms | Allocations: 2680)
Completed 200 OK in 9ms (Views: 6.9ms | ActiveRecord: 0.0ms | Allocations: 2924)


Started GET "/decks/new" for 127.0.0.1 at 2026-04-05 19:42:29 -0300
Processing by DecksController#new as HTML
  Rendering layout layouts/application.html.erb
  Rendering decks/new.html.erb within layouts/application
  Rendered shared/_landing_header.html.erb (Duration: 1.1ms | Allocations: 721)
  Rendered decks/_flashcard_item.html.erb (Duration: 0.0ms | Allocations: 10)
  Rendered decks/new.html.erb within layouts/application (Duration: 1.3ms | Allocations: 854)
  Rendered layout layouts/application.html.erb (Duration: 3.7ms | Allocations: 2653)
Completed 200 OK in 5ms (Views: 4.0ms | ActiveRecord: 0.0ms | Allocations: 2897)


Started GET "/decks/new" for 127.0.0.1 at 2026-04-05 19:42:29 -0300
Processing by DecksController#new as HTML
  Rendering layout layouts/application.html.erb
  Rendering decks/new.html.erb within layouts/application
  Rendered shared/_landing_header.html.erb (Duration: 2.6ms | Allocations: 721)
  Rendered decks/_flashcard_item.html.erb (Duration: 0.0ms | Allocations: 10)
  Rendered decks/new.html.erb within layouts/application (Duration: 3.2ms | Allocations: 854)
  Rendered layout layouts/application.html.erb (Duration: 7.2ms | Allocations: 2662)
Completed 200 OK in 9ms (Views: 7.7ms | ActiveRecord: 0.0ms | Allocations: 2906)


Started GET "/login" for ::1 at 2026-04-05 19:44:59 -0300
  
ActionController::RoutingError (No route matches [GET] "/login"):
  
Started GET "/login" for ::1 at 2026-04-05 19:45:00 -0300
  
ActionController::RoutingError (No route matches [GET] "/login"):
  
Started GET "/" for 127.0.0.1 at 2026-04-05 19:45:19 -0300
Processing by HomeController#index as HTML
  Rendering layout layouts/application.html.erb
  Rendering home/index.html.erb within layouts/application
  Rendered shared/_landing_header.html.erb (Duration: 1.5ms | Allocations: 1195)
  Rendered shared/_flashcard_flip.html.erb (Duration: 0.4ms | Allocations: 430)
  Rendered home/index.html.erb within layouts/application (Duration: 3.5ms | Allocations: 2217)
  Rendered layout layouts/application.html.erb (Duration: 37.0ms | Allocations: 57497)
Completed 200 OK in 40ms (Views: 38.9ms | ActiveRecord: 0.0ms | Allocations: 58573)


Started GET "/decks/new" for 127.0.0.1 at 2026-04-05 19:45:22 -0300
Processing by DecksController#new as HTML
  Rendering layout layouts/application.html.erb
  Rendering decks/new.html.erb within layouts/application
  Rendered shared/_landing_header.html.erb (Duration: 1.6ms | Allocations: 856)
  Rendered decks/_flashcard_item.html.erb (Duration: 0.4ms | Allocations: 149)
  Rendered decks/_flashcard_item.html.erb (Duration: 0.0ms | Allocations: 9)
  Rendered decks/new.html.erb within layouts/application (Duration: 3.3ms | Allocations: 1516)
  Rendered layout layouts/application.html.erb (Duration: 6.2ms | Allocations: 3437)
Completed 200 OK in 9ms (Views: 7.9ms | ActiveRecord: 0.0ms | Allocations: 3976)


Started GET "/decks/new" for 127.0.0.1 at 2026-04-05 19:45:46 -0300
Processing by DecksController#new as HTML
  Rendering layout layouts/application.html.erb
  Rendering decks/new.html.erb within layouts/application
  Rendered shared/_landing_header.html.erb (Duration: 1.4ms | Allocations: 721)
  Rendered decks/_flashcard_item.html.erb (Duration: 0.0ms | Allocations: 10)
  Rendered decks/_flashcard_item.html.erb (Duration: 0.0ms | Allocations: 9)
  Rendered decks/new.html.erb within layouts/application (Duration: 1.7ms | Allocations: 920)
  Rendered layout layouts/application.html.erb (Duration: 4.2ms | Allocations: 2734)
Completed 200 OK in 6ms (Views: 4.6ms | ActiveRecord: 0.0ms | Allocations: 2981)


Started GET "/decks/new" for 127.0.0.1 at 2026-04-05 19:46:25 -0300
Processing by DecksController#new as HTML
  Rendering layout layouts/application.html.erb
  Rendering decks/new.html.erb within layouts/application
  Rendered shared/_landing_header.html.erb (Duration: 1.2ms | Allocations: 1192)
  Rendered decks/_flashcard_item.html.erb (Duration: 0.2ms | Allocations: 149)
  Rendered decks/_flashcard_item.html.erb (Duration: 0.0ms | Allocations: 9)
  Rendered decks/new.html.erb within layouts/application (Duration: 2.4ms | Allocations: 1914)
  Rendered layout layouts/application.html.erb (Duration: 13.5ms | Allocations: 33404)
Completed 200 OK in 16ms (Views: 15.1ms | ActiveRecord: 0.0ms | Allocations: 34479)


Started GET "/decks/new" for 127.0.0.1 at 2026-04-05 19:47:04 -0300
Processing by DecksController#new as HTML
  Rendering layout layouts/application.html.erb
  Rendering decks/new.html.erb within layouts/application
  Rendered shared/_landing_header.html.erb (Duration: 1.7ms | Allocations: 1197)
  Rendered decks/_flashcard_item.html.erb (Duration: 0.3ms | Allocations: 149)
  Rendered decks/_flashcard_item.html.erb (Duration: 0.0ms | Allocations: 9)
  Rendered decks/new.html.erb within layouts/application (Duration: 3.1ms | Allocations: 1921)
  Rendered layout layouts/application.html.erb (Duration: 16.0ms | Allocations: 33524)
Completed 200 OK in 20ms (Views: 18.6ms | ActiveRecord: 0.0ms | Allocations: 34601)


Started GET "/decks/new" for 127.0.0.1 at 2026-04-05 19:47:19 -0300
Processing by DecksController#new as HTML
  Rendering layout layouts/application.html.erb
  Rendering decks/new.html.erb within layouts/application
  Rendered shared/_landing_header.html.erb (Duration: 2.4ms | Allocations: 724)
  Rendered decks/_flashcard_item.html.erb (Duration: 0.0ms | Allocations: 10)
  Rendered decks/_flashcard_item.html.erb (Duration: 0.0ms | Allocations: 9)
  Rendered decks/new.html.erb within layouts/application (Duration: 2.8ms | Allocations: 923)
  Rendered layout layouts/application.html.erb (Duration: 6.1ms | Allocations: 2743)
Completed 200 OK in 8ms (Views: 6.6ms | ActiveRecord: 0.0ms | Allocations: 3008)


Started GET "/decks/new" for 127.0.0.1 at 2026-04-05 19:47:54 -0300
Processing by DecksController#new as HTML
  Rendering layout layouts/application.html.erb
  Rendering decks/new.html.erb within layouts/application
  Rendered shared/_landing_header.html.erb (Duration: 1.6ms | Allocations: 721)
  Rendered decks/_flashcard_item.html.erb (Duration: 0.0ms | Allocations: 10)
  Rendered decks/_flashcard_item.html.erb (Duration: 0.0ms | Allocations: 9)
  Rendered decks/new.html.erb within layouts/application (Duration: 1.9ms | Allocations: 920)
  Rendered layout layouts/application.html.erb (Duration: 9.3ms | Allocations: 4186)
Completed 200 OK in 10ms (Views: 9.7ms | ActiveRecord: 0.0ms | Allocations: 4433)


Started GET "/decks/new" for 127.0.0.1 at 2026-04-05 19:47:58 -0300
Processing by DecksController#new as HTML
  Rendering layout layouts/application.html.erb
  Rendering decks/new.html.erb within layouts/application
  Rendered shared/_landing_header.html.erb (Duration: 1.2ms | Allocations: 1192)
  Rendered decks/_flashcard_item.html.erb (Duration: 0.2ms | Allocations: 149)
  Rendered decks/_flashcard_item.html.erb (Duration: 0.0ms | Allocations: 9)
  Rendered decks/new.html.erb within layouts/application (Duration: 2.4ms | Allocations: 1914)
  Rendered layout layouts/application.html.erb (Duration: 15.8ms | Allocations: 33426)
Completed 200 OK in 18ms (Views: 17.1ms | ActiveRecord: 0.0ms | Allocations: 34502)


Started GET "/decks/new" for 127.0.0.1 at 2026-04-05 19:48:45 -0300
Processing by DecksController#new as HTML
  Rendering layout layouts/application.html.erb
  Rendering decks/new.html.erb within layouts/application
  Rendered shared/_landing_header.html.erb (Duration: 2.2ms | Allocations: 725)
  Rendered decks/_flashcard_item.html.erb (Duration: 0.0ms | Allocations: 10)
  Rendered decks/_flashcard_item.html.erb (Duration: 0.0ms | Allocations: 9)
  Rendered decks/new.html.erb within layouts/application (Duration: 2.7ms | Allocations: 924)
  Rendered layout layouts/application.html.erb (Duration: 9.9ms | Allocations: 4217)
Completed 200 OK in 12ms (Views: 10.6ms | ActiveRecord: 0.0ms | Allocations: 4483)


Started GET "/" for 127.0.0.1 at 2026-04-05 19:51:45 -0300
Processing by HomeController#index as HTML
  Rendering layout layouts/application.html.erb
  Rendering home/index.html.erb within layouts/application
  Rendered shared/_landing_header.html.erb (Duration: 1.0ms | Allocations: 858)
  Rendered shared/_flashcard_flip.html.erb (Duration: 0.4ms | Allocations: 430)
  Rendered home/index.html.erb within layouts/application (Duration: 2.2ms | Allocations: 1813)
  Rendered layout layouts/application.html.erb (Duration: 3.8ms | Allocations: 3744)
Completed 200 OK in 6ms (Views: 4.5ms | ActiveRecord: 0.0ms | Allocations: 4283)


Started GET "/decks/new" for 127.0.0.1 at 2026-04-05 19:52:33 -0300
Processing by DecksController#new as HTML
  Rendering layout layouts/application.html.erb
  Rendering decks/new.html.erb within layouts/application
  Rendered shared/_landing_header.html.erb (Duration: 1.2ms | Allocations: 721)
  Rendered decks/_flashcard_item.html.erb (Duration: 0.0ms | Allocations: 10)
  Rendered decks/_flashcard_item.html.erb (Duration: 0.0ms | Allocations: 9)
  Rendered decks/new.html.erb within layouts/application (Duration: 1.4ms | Allocations: 920)
  Rendered layout layouts/application.html.erb (Duration: 2.9ms | Allocations: 2731)
Completed 200 OK in 4ms (Views: 3.2ms | ActiveRecord: 0.0ms | Allocations: 2978)


Started GET "/" for 127.0.0.1 at 2026-04-05 19:56:17 -0300
Processing by HomeController#index as HTML
  Rendering layout layouts/application.html.erb
  Rendering home/index.html.erb within layouts/application
  Rendered shared/_landing_header.html.erb (Duration: 2.6ms | Allocations: 721)
  Rendered shared/_flashcard_flip.html.erb (Duration: 0.1ms | Allocations: 32)
  Rendered home/index.html.erb within layouts/application (Duration: 3.3ms | Allocations: 920)
  Rendered layout layouts/application.html.erb (Duration: 6.3ms | Allocations: 2740)
Completed 200 OK in 8ms (Views: 6.8ms | ActiveRecord: 0.0ms | Allocations: 2987)


Started GET "/decks/new" for 127.0.0.1 at 2026-04-05 19:58:36 -0300
Processing by DecksController#new as HTML
  Rendering layout layouts/application.html.erb
  Rendering decks/new.html.erb within layouts/application
  Rendered shared/_landing_header.html.erb (Duration: 3.3ms | Allocations: 1195)
  Rendered decks/_flashcard_item.html.erb (Duration: 0.4ms | Allocations: 149)
  Rendered decks/_flashcard_item.html.erb (Duration: 0.0ms | Allocations: 9)
  Rendered decks/new.html.erb within layouts/application (Duration: 7.1ms | Allocations: 1962)
  Rendered layout layouts/application.html.erb (Duration: 24.1ms | Allocations: 33544)
Completed 200 OK in 37ms (Views: 29.8ms | ActiveRecord: 0.0ms | Allocations: 34620)


Started GET "/decks/practice" for 127.0.0.1 at 2026-04-05 19:58:43 -0300
Processing by DecksController#practice as HTML
  Rendering layout layouts/application.html.erb
  Rendering decks/practice.html.erb within layouts/application
  Rendered shared/_landing_header.html.erb (Duration: 2.3ms | Allocations: 722)
  Rendered shared/_flashcard_flip.html.erb (Duration: 0.5ms | Allocations: 418)
  Rendered decks/practice.html.erb within layouts/application (Duration: 4.4ms | Allocations: 1509)
  Rendered layout layouts/application.html.erb (Duration: 6.5ms | Allocations: 3329)
Completed 200 OK in 9ms (Views: 6.9ms | ActiveRecord: 0.0ms | Allocations: 3652)


Started GET "/decks/practice" for 127.0.0.1 at 2026-04-05 19:58:59 -0300
Processing by DecksController#practice as HTML
  Rendering layout layouts/application.html.erb
  Rendering decks/practice.html.erb within layouts/application
  Rendered shared/_landing_header.html.erb (Duration: 2.7ms | Allocations: 721)
  Rendered shared/_flashcard_flip.html.erb (Duration: 0.1ms | Allocations: 32)
  Rendered decks/practice.html.erb within layouts/application (Duration: 3.3ms | Allocations: 889)
  Rendered layout layouts/application.html.erb (Duration: 7.7ms | Allocations: 2712)
Completed 200 OK in 9ms (Views: 8.2ms | ActiveRecord: 0.0ms | Allocations: 2959)


Started GET "/decks/practice" for 127.0.0.1 at 2026-04-05 19:59:36 -0300
Processing by DecksController#practice as HTML
  Rendering layout layouts/application.html.erb
  Rendering decks/practice.html.erb within layouts/application
  Rendered shared/_landing_header.html.erb (Duration: 2.1ms | Allocations: 1197)
  Rendered shared/_flashcard_flip.html.erb (Duration: 0.8ms | Allocations: 430)
  Rendered decks/practice.html.erb within layouts/application (Duration: 4.6ms | Allocations: 2086)
  Rendered layout layouts/application.html.erb (Duration: 22.7ms | Allocations: 33696)
Completed 200 OK in 26ms (Views: 24.6ms | ActiveRecord: 0.0ms | Allocations: 34773)


Started GET "/decks/new" for 127.0.0.1 at 2026-04-05 20:00:24 -0300
Processing by DecksController#new as HTML
  Rendering layout layouts/application.html.erb
  Rendering decks/new.html.erb within layouts/application
  Rendered shared/_landing_header.html.erb (Duration: 4.9ms | Allocations: 723)
  Rendered decks/_flashcard_item.html.erb (Duration: 1.2ms | Allocations: 148)
  Rendered decks/_flashcard_item.html.erb (Duration: 0.0ms | Allocations: 9)
  Rendered decks/new.html.erb within layouts/application (Duration: 9.4ms | Allocations: 1389)
  Rendered layout layouts/application.html.erb (Duration: 14.0ms | Allocations: 3206)
Completed 200 OK in 19ms (Views: 14.9ms | ActiveRecord: 0.0ms | Allocations: 3528)


Started GET "/decks/practice" for 127.0.0.1 at 2026-04-05 20:00:48 -0300
Processing by DecksController#practice as HTML
  Rendering layout layouts/application.html.erb
  Rendering decks/practice.html.erb within layouts/application
  Rendered shared/_landing_header.html.erb (Duration: 1.8ms | Allocations: 1195)
  Rendered shared/_flashcard_flip.html.erb (Duration: 0.4ms | Allocations: 430)
  Rendered decks/practice.html.erb within layouts/application (Duration: 3.9ms | Allocations: 2080)
  Rendered layout layouts/application.html.erb (Duration: 22.6ms | Allocations: 33759)
Completed 200 OK in 26ms (Views: 24.4ms | ActiveRecord: 0.0ms | Allocations: 34835)


Started GET "/" for 127.0.0.1 at 2026-04-05 20:01:17 -0300
Processing by HomeController#index as HTML
  Rendering layout layouts/application.html.erb
  Rendering home/index.html.erb within layouts/application
  Rendered shared/_landing_header.html.erb (Duration: 1.8ms | Allocations: 858)
  Rendered shared/_flashcard_flip.html.erb (Duration: 0.0ms | Allocations: 47)
  Rendered home/index.html.erb within layouts/application (Duration: 2.9ms | Allocations: 1360)
  Rendered layout layouts/application.html.erb (Duration: 4.9ms | Allocations: 3299)
Completed 200 OK in 8ms (Views: 6.1ms | ActiveRecord: 0.0ms | Allocations: 3838)


Started GET "/decks/new" for 127.0.0.1 at 2026-04-05 20:01:20 -0300
Processing by DecksController#new as HTML
  Rendering layout layouts/application.html.erb
  Rendering decks/new.html.erb within layouts/application
  Rendered shared/_landing_header.html.erb (Duration: 2.7ms | Allocations: 723)
  Rendered decks/_flashcard_item.html.erb (Duration: 0.5ms | Allocations: 148)
  Rendered decks/_flashcard_item.html.erb (Duration: 0.0ms | Allocations: 9)
  Rendered decks/new.html.erb within layouts/application (Duration: 5.5ms | Allocations: 1389)
  Rendered layout layouts/application.html.erb (Duration: 8.1ms | Allocations: 3228)
Completed 200 OK in 11ms (Views: 8.6ms | ActiveRecord: 0.0ms | Allocations: 3532)


Started GET "/" for 127.0.0.1 at 2026-04-05 20:01:36 -0300
Processing by HomeController#index as HTML
  Rendering layout layouts/application.html.erb
  Rendering home/index.html.erb within layouts/application
  Rendered shared/_landing_header.html.erb (Duration: 1.3ms | Allocations: 721)
  Rendered shared/_flashcard_flip.html.erb (Duration: 0.0ms | Allocations: 32)
  Rendered home/index.html.erb within layouts/application (Duration: 1.5ms | Allocations: 920)
  Rendered layout layouts/application.html.erb (Duration: 3.5ms | Allocations: 2752)
Completed 200 OK in 5ms (Views: 3.7ms | ActiveRecord: 0.0ms | Allocations: 2999)


Started GET "/decks/new" for 127.0.0.1 at 2026-04-05 20:01:36 -0300
Processing by DecksController#new as HTML
  Rendering layout layouts/application.html.erb
  Rendering decks/new.html.erb within layouts/application
  Rendered shared/_landing_header.html.erb (Duration: 1.9ms | Allocations: 721)
  Rendered decks/_flashcard_item.html.erb (Duration: 0.0ms | Allocations: 10)
  Rendered decks/_flashcard_item.html.erb (Duration: 0.0ms | Allocations: 9)
  Rendered decks/new.html.erb within layouts/application (Duration: 2.2ms | Allocations: 941)
  Rendered layout layouts/application.html.erb (Duration: 4.3ms | Allocations: 2797)
Completed 200 OK in 6ms (Views: 4.8ms | ActiveRecord: 0.0ms | Allocations: 3045)


Started GET "/" for 127.0.0.1 at 2026-04-05 20:01:53 -0300
Processing by HomeController#index as HTML
  Rendering layout layouts/application.html.erb
  Rendering home/index.html.erb within layouts/application
  Rendered shared/_landing_header.html.erb (Duration: 1.6ms | Allocations: 721)
  Rendered shared/_flashcard_flip.html.erb (Duration: 0.0ms | Allocations: 32)
  Rendered home/index.html.erb within layouts/application (Duration: 1.9ms | Allocations: 920)
  Rendered layout layouts/application.html.erb (Duration: 3.9ms | Allocations: 2740)
Completed 200 OK in 5ms (Views: 4.1ms | ActiveRecord: 0.0ms | Allocations: 2987)


Started GET "/decks/new" for 127.0.0.1 at 2026-04-05 20:03:39 -0300
Processing by DecksController#new as HTML
  Rendering layout layouts/application.html.erb
  Rendering decks/new.html.erb within layouts/application
  Rendered shared/_landing_header.html.erb (Duration: 1.8ms | Allocations: 721)
  Rendered decks/_flashcard_item.html.erb (Duration: 0.0ms | Allocations: 10)
  Rendered decks/_flashcard_item.html.erb (Duration: 0.0ms | Allocations: 9)
  Rendered decks/new.html.erb within layouts/application (Duration: 2.0ms | Allocations: 941)
  Rendered layout layouts/application.html.erb (Duration: 4.5ms | Allocations: 2761)
Completed 200 OK in 6ms (Views: 4.8ms | ActiveRecord: 0.0ms | Allocations: 3008)


Started GET "/decks/practice" for 127.0.0.1 at 2026-04-05 20:04:41 -0300
Processing by DecksController#practice as HTML
  Rendering layout layouts/application.html.erb
  Rendering decks/practice.html.erb within layouts/application
  Rendered shared/_landing_header.html.erb (Duration: 1.2ms | Allocations: 721)
  Rendered shared/_flashcard_flip.html.erb (Duration: 0.0ms | Allocations: 32)
  Rendered decks/practice.html.erb within layouts/application (Duration: 1.3ms | Allocations: 889)
  Rendered layout layouts/application.html.erb (Duration: 2.8ms | Allocations: 2706)
Completed 200 OK in 4ms (Views: 3.0ms | ActiveRecord: 0.0ms | Allocations: 2953)


Started GET "/" for 127.0.0.1 at 2026-04-05 20:04:47 -0300
Processing by HomeController#index as HTML
  Rendering layout layouts/application.html.erb
  Rendering home/index.html.erb within layouts/application
  Rendered shared/_landing_header.html.erb (Duration: 1.6ms | Allocations: 721)
  Rendered shared/_flashcard_flip.html.erb (Duration: 0.0ms | Allocations: 32)
  Rendered home/index.html.erb within layouts/application (Duration: 1.9ms | Allocations: 920)
  Rendered layout layouts/application.html.erb (Duration: 3.6ms | Allocations: 2755)
Completed 200 OK in 5ms (Views: 4.0ms | ActiveRecord: 0.0ms | Allocations: 3002)


Started GET "/decks/new" for 127.0.0.1 at 2026-04-05 20:04:48 -0300
Processing by DecksController#new as HTML
  Rendering layout layouts/application.html.erb
  Rendering decks/new.html.erb within layouts/application
  Rendered shared/_landing_header.html.erb (Duration: 3.1ms | Allocations: 723)
  Rendered decks/_flashcard_item.html.erb (Duration: 0.0ms | Allocations: 10)
  Rendered decks/_flashcard_item.html.erb (Duration: 0.0ms | Allocations: 9)
  Rendered decks/new.html.erb within layouts/application (Duration: 4.3ms | Allocations: 943)
  Rendered layout layouts/application.html.erb (Duration: 8.6ms | Allocations: 2772)
Completed 200 OK in 11ms (Views: 9.5ms | ActiveRecord: 0.0ms | Allocations: 3020)


Started GET "/decks/new" for 127.0.0.1 at 2026-04-05 20:07:12 -0300
Processing by DecksController#new as HTML
  Rendering layout layouts/application.html.erb
  Rendering decks/new.html.erb within layouts/application
  Rendered shared/_landing_header.html.erb (Duration: 1.3ms | Allocations: 1195)
  Rendered decks/_flashcard_item.html.erb (Duration: 0.4ms | Allocations: 149)
  Rendered decks/_flashcard_item.html.erb (Duration: 0.0ms | Allocations: 9)
  Rendered decks/new.html.erb within layouts/application (Duration: 2.9ms | Allocations: 1958)
  Rendered layout layouts/application.html.erb (Duration: 19.0ms | Allocations: 33659)
Completed 200 OK in 22ms (Views: 20.5ms | ActiveRecord: 0.0ms | Allocations: 34735)


Started GET "/" for 127.0.0.1 at 2026-04-05 20:07:18 -0300
Processing by HomeController#index as HTML
  Rendering layout layouts/application.html.erb
  Rendering home/index.html.erb within layouts/application
  Rendered shared/_landing_header.html.erb (Duration: 1.9ms | Allocations: 857)
  Rendered shared/_flashcard_flip.html.erb (Duration: 0.6ms | Allocations: 430)
  Rendered home/index.html.erb within layouts/application (Duration: 4.2ms | Allocations: 1812)
  Rendered layout layouts/application.html.erb (Duration: 6.7ms | Allocations: 3755)
Completed 200 OK in 11ms (Views: 8.3ms | ActiveRecord: 0.0ms | Allocations: 4294)


Started GET "/decks/index" for 127.0.0.1 at 2026-04-05 20:07:20 -0300
  
ActionController::RoutingError (No route matches [GET] "/decks/index"):
  
Started GET "/decks/" for 127.0.0.1 at 2026-04-05 20:07:43 -0300
Processing by DecksController#index as HTML
  Rendering layout layouts/application.html.erb
  Rendering decks/index.html.erb within layouts/application
  Rendered shared/_landing_header.html.erb (Duration: 1.7ms | Allocations: 725)
  Rendered decks/index.html.erb within layouts/application (Duration: 2.7ms | Allocations: 913)
  Rendered layout layouts/application.html.erb (Duration: 4.4ms | Allocations: 2733)
Completed 200 OK in 6ms (Views: 4.8ms | ActiveRecord: 0.0ms | Allocations: 3038)


Started GET "/decks/" for 127.0.0.1 at 2026-04-05 20:08:33 -0300
Processing by DecksController#index as HTML
  Rendering layout layouts/application.html.erb
  Rendering decks/index.html.erb within layouts/application
  Rendered shared/_landing_header.html.erb (Duration: 2.3ms | Allocations: 1197)
  Rendered decks/index.html.erb within layouts/application (Duration: 2.9ms | Allocations: 1485)
  Rendered layout layouts/application.html.erb (Duration: 17.5ms | Allocations: 33089)
Completed 200 OK in 21ms (Views: 19.6ms | ActiveRecord: 0.0ms | Allocations: 34166)


Started GET "/decks/" for 127.0.0.1 at 2026-04-05 20:08:33 -0300
Processing by DecksController#index as HTML
  Rendering layout layouts/application.html.erb
  Rendering decks/index.html.erb within layouts/application
  Rendered shared/_landing_header.html.erb (Duration: 1.5ms | Allocations: 721)
  Rendered decks/index.html.erb within layouts/application (Duration: 1.5ms | Allocations: 786)
  Rendered layout layouts/application.html.erb (Duration: 3.3ms | Allocations: 2609)
Completed 200 OK in 4ms (Views: 3.5ms | ActiveRecord: 0.0ms | Allocations: 2874)


Started GET "/decks/" for 127.0.0.1 at 2026-04-05 20:08:34 -0300
Processing by DecksController#index as HTML
  Rendering layout layouts/application.html.erb
  Rendering decks/index.html.erb within layouts/application
  Rendered shared/_landing_header.html.erb (Duration: 2.1ms | Allocations: 721)
  Rendered decks/index.html.erb within layouts/application (Duration: 2.3ms | Allocations: 786)
  Rendered layout layouts/application.html.erb (Duration: 3.9ms | Allocations: 2615)
Completed 200 OK in 5ms (Views: 4.3ms | ActiveRecord: 0.0ms | Allocations: 2863)


Started GET "/decks/" for 127.0.0.1 at 2026-04-05 20:08:35 -0300
Processing by DecksController#index as HTML
  Rendering layout layouts/application.html.erb
  Rendering decks/index.html.erb within layouts/application
  Rendered shared/_landing_header.html.erb (Duration: 2.9ms | Allocations: 721)
  Rendered decks/index.html.erb within layouts/application (Duration: 3.2ms | Allocations: 786)
  Rendered layout layouts/application.html.erb (Duration: 6.4ms | Allocations: 2603)
Completed 200 OK in 8ms (Views: 7.0ms | ActiveRecord: 0.0ms | Allocations: 2850)


Started GET "/decks/" for 127.0.0.1 at 2026-04-05 20:08:35 -0300
Processing by DecksController#index as HTML
  Rendering layout layouts/application.html.erb
  Rendering decks/index.html.erb within layouts/application
  Rendered shared/_landing_header.html.erb (Duration: 1.9ms | Allocations: 721)
  Rendered decks/index.html.erb within layouts/application (Duration: 2.2ms | Allocations: 786)
  Rendered layout layouts/application.html.erb (Duration: 5.3ms | Allocations: 2615)
Completed 200 OK in 7ms (Views: 5.7ms | ActiveRecord: 0.0ms | Allocations: 2862)


Started GET "/decks/" for 127.0.0.1 at 2026-04-05 20:08:35 -0300
Processing by DecksController#index as HTML
  Rendering layout layouts/application.html.erb
  Rendering decks/index.html.erb within layouts/application
  Rendered shared/_landing_header.html.erb (Duration: 1.1ms | Allocations: 721)
  Rendered decks/index.html.erb within layouts/application (Duration: 1.2ms | Allocations: 786)
  Rendered layout layouts/application.html.erb (Duration: 2.9ms | Allocations: 2603)
Completed 200 OK in 4ms (Views: 3.1ms | ActiveRecord: 0.0ms | Allocations: 2850)


Started GET "/decks/" for 127.0.0.1 at 2026-04-05 20:08:35 -0300
Processing by DecksController#index as HTML
  Rendering layout layouts/application.html.erb
  Rendering decks/index.html.erb within layouts/application
  Rendered shared/_landing_header.html.erb (Duration: 1.3ms | Allocations: 725)
  Rendered decks/index.html.erb within layouts/application (Duration: 1.4ms | Allocations: 790)
  Rendered layout layouts/application.html.erb (Duration: 3.0ms | Allocations: 2614)
Completed 200 OK in 4ms (Views: 3.2ms | ActiveRecord: 0.0ms | Allocations: 2861)


Started GET "/decks/" for 127.0.0.1 at 2026-04-05 20:08:36 -0300
Processing by DecksController#index as HTML
  Rendering layout layouts/application.html.erb
  Rendering decks/index.html.erb within layouts/application
  Rendered shared/_landing_header.html.erb (Duration: 2.0ms | Allocations: 721)
  Rendered decks/index.html.erb within layouts/application (Duration: 2.3ms | Allocations: 786)
  Rendered layout layouts/application.html.erb (Duration: 5.1ms | Allocations: 2618)
Completed 200 OK in 6ms (Views: 5.5ms | ActiveRecord: 0.0ms | Allocations: 2865)


Started GET "/decks/" for 127.0.0.1 at 2026-04-05 20:08:36 -0300
Processing by DecksController#index as HTML
  Rendering layout layouts/application.html.erb
  Rendering decks/index.html.erb within layouts/application
  Rendered shared/_landing_header.html.erb (Duration: 4.4ms | Allocations: 721)
  Rendered decks/index.html.erb within layouts/application (Duration: 4.6ms | Allocations: 786)
  Rendered layout layouts/application.html.erb (Duration: 7.2ms | Allocations: 2614)
Completed 200 OK in 8ms (Views: 7.5ms | ActiveRecord: 0.0ms | Allocations: 2862)


Started GET "/decks/" for 127.0.0.1 at 2026-04-05 20:08:36 -0300
Processing by DecksController#index as HTML
  Rendering layout layouts/application.html.erb
  Rendering decks/index.html.erb within layouts/application
  Rendered shared/_landing_header.html.erb (Duration: 1.7ms | Allocations: 721)
  Rendered decks/index.html.erb within layouts/application (Duration: 1.9ms | Allocations: 786)
  Rendered layout layouts/application.html.erb (Duration: 3.9ms | Allocations: 2609)
Completed 200 OK in 5ms (Views: 4.3ms | ActiveRecord: 0.0ms | Allocations: 2856)


Started GET "/decks/" for 127.0.0.1 at 2026-04-05 20:08:36 -0300
Processing by DecksController#index as HTML
  Rendering layout layouts/application.html.erb
  Rendering decks/index.html.erb within layouts/application
  Rendered shared/_landing_header.html.erb (Duration: 1.1ms | Allocations: 721)
  Rendered decks/index.html.erb within layouts/application (Duration: 1.2ms | Allocations: 786)
  Rendered layout layouts/application.html.erb (Duration: 2.7ms | Allocations: 2609)
Completed 200 OK in 4ms (Views: 3.0ms | ActiveRecord: 0.0ms | Allocations: 2856)


Started GET "/decks/" for 127.0.0.1 at 2026-04-05 20:08:36 -0300
Processing by DecksController#index as HTML
  Rendering layout layouts/application.html.erb
  Rendering decks/index.html.erb within layouts/application
  Rendered shared/_landing_header.html.erb (Duration: 2.5ms | Allocations: 721)
  Rendered decks/index.html.erb within layouts/application (Duration: 2.8ms | Allocations: 786)
  Rendered layout layouts/application.html.erb (Duration: 7.1ms | Allocations: 2615)
Completed 200 OK in 9ms (Views: 7.8ms | ActiveRecord: 0.0ms | Allocations: 2862)


Started GET "/decks/" for 127.0.0.1 at 2026-04-05 20:08:37 -0300
Processing by DecksController#index as HTML
  Rendering layout layouts/application.html.erb
  Rendering decks/index.html.erb within layouts/application
  Rendered shared/_landing_header.html.erb (Duration: 1.8ms | Allocations: 721)
  Rendered decks/index.html.erb within layouts/application (Duration: 1.9ms | Allocations: 786)
  Rendered layout layouts/application.html.erb (Duration: 4.5ms | Allocations: 2615)
Completed 200 OK in 6ms (Views: 4.8ms | ActiveRecord: 0.0ms | Allocations: 2862)


Started GET "/decks/" for 127.0.0.1 at 2026-04-05 20:08:37 -0300
Processing by DecksController#index as HTML
  Rendering layout layouts/application.html.erb
  Rendering decks/index.html.erb within layouts/application
  Rendered shared/_landing_header.html.erb (Duration: 1.4ms | Allocations: 721)
  Rendered decks/index.html.erb within layouts/application (Duration: 1.5ms | Allocations: 786)
  Rendered layout layouts/application.html.erb (Duration: 3.3ms | Allocations: 2603)
Completed 200 OK in 4ms (Views: 3.5ms | ActiveRecord: 0.0ms | Allocations: 2850)


Started GET "/decks/" for 127.0.0.1 at 2026-04-05 20:08:38 -0300
Processing by DecksController#index as HTML
  Rendering layout layouts/application.html.erb
  Rendering decks/index.html.erb within layouts/application
  Rendered shared/_landing_header.html.erb (Duration: 1.6ms | Allocations: 721)
  Rendered decks/index.html.erb within layouts/application (Duration: 1.8ms | Allocations: 786)
  Rendered layout layouts/application.html.erb (Duration: 3.9ms | Allocations: 2614)
Completed 200 OK in 5ms (Views: 4.3ms | ActiveRecord: 0.0ms | Allocations: 2861)


Started GET "/decks/" for 127.0.0.1 at 2026-04-05 20:08:38 -0300
Processing by DecksController#index as HTML
  Rendering layout layouts/application.html.erb
  Rendering decks/index.html.erb within layouts/application
  Rendered shared/_landing_header.html.erb (Duration: 1.4ms | Allocations: 724)
  Rendered decks/index.html.erb within layouts/application (Duration: 1.5ms | Allocations: 789)
  Rendered layout layouts/application.html.erb (Duration: 3.3ms | Allocations: 2616)
Completed 200 OK in 4ms (Views: 3.5ms | ActiveRecord: 0.0ms | Allocations: 2863)


Started GET "/decks/" for 127.0.0.1 at 2026-04-05 20:08:40 -0300
Processing by DecksController#index as HTML
  Rendering layout layouts/application.html.erb
  Rendering decks/index.html.erb within layouts/application
  Rendered shared/_landing_header.html.erb (Duration: 2.2ms | Allocations: 721)
  Rendered decks/index.html.erb within layouts/application (Duration: 2.4ms | Allocations: 786)
  Rendered layout layouts/application.html.erb (Duration: 4.4ms | Allocations: 2618)
Completed 200 OK in 6ms (Views: 5.0ms | ActiveRecord: 0.0ms | Allocations: 2865)


Started GET "/decks/new" for 127.0.0.1 at 2026-04-05 20:08:43 -0300
Processing by DecksController#new as HTML
  Rendering layout layouts/application.html.erb
  Rendering decks/new.html.erb within layouts/application
  Rendered shared/_landing_header.html.erb (Duration: 2.6ms | Allocations: 721)
  Rendered decks/_flashcard_item.html.erb (Duration: 0.4ms | Allocations: 149)
  Rendered decks/_flashcard_item.html.erb (Duration: 0.0ms | Allocations: 9)
  Rendered decks/new.html.erb within layouts/application (Duration: 5.2ms | Allocations: 1392)
  Rendered layout layouts/application.html.erb (Duration: 7.0ms | Allocations: 3218)
Completed 200 OK in 10ms (Views: 7.7ms | ActiveRecord: 0.0ms | Allocations: 3522)


Started GET "/decks" for 127.0.0.1 at 2026-04-05 20:08:47 -0300
Processing by DecksController#index as HTML
  Rendering layout layouts/application.html.erb
  Rendering decks/index.html.erb within layouts/application
  Rendered shared/_landing_header.html.erb (Duration: 2.2ms | Allocations: 721)
  Rendered decks/index.html.erb within layouts/application (Duration: 2.5ms | Allocations: 786)
  Rendered layout layouts/application.html.erb (Duration: 6.4ms | Allocations: 2621)
Completed 200 OK in 8ms (Views: 6.8ms | ActiveRecord: 0.0ms | Allocations: 2868)


Started GET "/decks" for 127.0.0.1 at 2026-04-05 20:08:49 -0300
Processing by DecksController#index as HTML
  Rendering layout layouts/application.html.erb
  Rendering decks/index.html.erb within layouts/application
  Rendered shared/_landing_header.html.erb (Duration: 2.5ms | Allocations: 721)
  Rendered decks/index.html.erb within layouts/application (Duration: 2.6ms | Allocations: 786)
  Rendered layout layouts/application.html.erb (Duration: 5.3ms | Allocations: 2612)
Completed 200 OK in 7ms (Views: 5.7ms | ActiveRecord: 0.0ms | Allocations: 2859)


Started GET "/decks" for 127.0.0.1 at 2026-04-05 20:08:49 -0300
Processing by DecksController#index as HTML
  Rendering layout layouts/application.html.erb
  Rendering decks/index.html.erb within layouts/application
  Rendered shared/_landing_header.html.erb (Duration: 2.0ms | Allocations: 721)
  Rendered decks/index.html.erb within layouts/application (Duration: 2.1ms | Allocations: 786)
  Rendered layout layouts/application.html.erb (Duration: 4.6ms | Allocations: 2612)
Completed 200 OK in 6ms (Views: 4.9ms | ActiveRecord: 0.0ms | Allocations: 2859)


Started GET "/decks" for 127.0.0.1 at 2026-04-05 20:10:28 -0300
Processing by DecksController#index as HTML
  Rendering layout layouts/application.html.erb
  Rendering decks/index.html.erb within layouts/application
  Rendered shared/_landing_header.html.erb (Duration: 1.8ms | Allocations: 1199)
  Rendered decks/index.html.erb within layouts/application (Duration: 4.4ms | Allocations: 1483)
  Rendered layout layouts/application.html.erb (Duration: 17.3ms | Allocations: 33093)
Completed 200 OK in 20ms (Views: 18.9ms | ActiveRecord: 0.0ms | Allocations: 34169)


Started GET "/decks" for 127.0.0.1 at 2026-04-05 20:10:28 -0300
Processing by DecksController#index as HTML
  Rendering layout layouts/application.html.erb
  Rendering decks/index.html.erb within layouts/application
  Rendered shared/_landing_header.html.erb (Duration: 1.5ms | Allocations: 724)
  Rendered decks/index.html.erb within layouts/application (Duration: 1.5ms | Allocations: 789)
  Rendered layout layouts/application.html.erb (Duration: 3.6ms | Allocations: 2625)
Completed 200 OK in 5ms (Views: 4.0ms | ActiveRecord: 0.0ms | Allocations: 2890)


Started GET "/decks" for 127.0.0.1 at 2026-04-05 20:10:28 -0300
Processing by DecksController#index as HTML
  Rendering layout layouts/application.html.erb
  Rendering decks/index.html.erb within layouts/application
  Rendered shared/_landing_header.html.erb (Duration: 1.0ms | Allocations: 721)
  Rendered decks/index.html.erb within layouts/application (Duration: 1.1ms | Allocations: 786)
  Rendered layout layouts/application.html.erb (Duration: 3.0ms | Allocations: 2627)
Completed 200 OK in 4ms (Views: 3.2ms | ActiveRecord: 0.0ms | Allocations: 2874)


  [1m[36mActiveRecord::InternalMetadata Load (0.2ms)[0m  [1m[34mSELECT * FROM "ar_internal_metadata" WHERE "ar_internal_metadata"."key" = ? ORDER BY "ar_internal_metadata"."key" ASC LIMIT 1[0m  [[nil, "environment"]]
  [1m[36mActiveRecord::InternalMetadata Create (0.3ms)[0m  [1m[32mINSERT INTO "ar_internal_metadata" ("key", "value", "created_at", "updated_at") VALUES ('environment', 'development', '2026-04-05 23:19:42.567464', '2026-04-05 23:19:42.567466') RETURNING "key"[0m
  [1m[36mActiveRecord::SchemaMigration Load (0.0ms)[0m  [1m[34mSELECT "schema_migrations"."version" FROM "schema_migrations" ORDER BY "schema_migrations"."version" ASC[0m
Migrating to CreateDecks (20260405201500)
  [1m[36mTRANSACTION (0.0ms)[0m  [1m[36mbegin transaction[0m
  [1m[35m (0.4ms)[0m  [1m[35mCREATE TABLE "decks" ("id" integer PRIMARY KEY AUTOINCREMENT NOT NULL, "title" varchar(80) NOT NULL, "description" varchar(500), "created_at" datetime(6) NOT NULL, "updated_at" datetime(6) NOT NULL)[0m
  [1m[36mActiveRecord::SchemaMigration Create (0.0ms)[0m  [1m[32mINSERT INTO "schema_migrations" ("version") VALUES ('20260405201500') RETURNING "version"[0m
  [1m[36mTRANSACTION (0.0ms)[0m  [1m[36mcommit transaction[0m
Migrating to CreateFlashcards (20260405201600)
  [1m[36mTRANSACTION (0.0ms)[0m  [1m[36mbegin transaction[0m
  [1m[35m (0.3ms)[0m  [1m[35mCREATE TABLE "flashcards" ("id" integer PRIMARY KEY AUTOINCREMENT NOT NULL, "deck_id" integer NOT NULL, "term" varchar(500) NOT NULL, "definition" varchar(500) NOT NULL, "position" integer DEFAULT 0 NOT NULL, "created_at" datetime(6) NOT NULL, "updated_at" datetime(6) NOT NULL, CONSTRAINT "fk_rails_61ff916c02"
FOREIGN KEY ("deck_id")
  REFERENCES "decks" ("id")
)[0m
  [1m[35m (0.0ms)[0m  [1m[35mCREATE INDEX "index_flashcards_on_deck_id" ON "flashcards" ("deck_id")[0m
  [1m[35m (0.0ms)[0m  [1m[35mCREATE INDEX "index_flashcards_on_deck_id_and_position" ON "flashcards" ("deck_id", "position")[0m
  [1m[36mActiveRecord::SchemaMigration Create (0.0ms)[0m  [1m[32mINSERT INTO "schema_migrations" ("version") VALUES ('20260405201600') RETURNING "version"[0m
  [1m[36mTRANSACTION (0.1ms)[0m  [1m[36mcommit transaction[0m
  [1m[36mActiveRecord::SchemaMigration Load (0.0ms)[0m  [1m[34mSELECT "schema_migrations"."version" FROM "schema_migrations" ORDER BY "schema_migrations"."version" ASC[0m
Started GET "/decks" for 127.0.0.1 at 2026-04-05 20:21:59 -0300
  [1m[36mActiveRecord::SchemaMigration Load (0.1ms)[0m  [1m[34mSELECT "schema_migrations"."version" FROM "schema_migrations" ORDER BY "schema_migrations"."version" ASC[0m
Processing by DecksController#index as HTML
  Rendering layout layouts/application.html.erb
  Rendering decks/index.html.erb within layouts/application
  Rendered shared/_landing_header.html.erb (Duration: 129.3ms | Allocations: 32788)
  [1m[36mDeck Exists? (0.1ms)[0m  [1m[34mSELECT 1 AS one FROM "decks" LIMIT ?[0m  [["LIMIT", 1]]
  ↳ app/views/decks/index.html.erb:10
  Rendered decks/index.html.erb within layouts/application (Duration: 131.2ms | Allocations: 34854)
  Rendered layout layouts/application.html.erb (Duration: 147.3ms | Allocations: 67763)
Completed 200 OK in 190ms (Views: 151.3ms | ActiveRecord: 1.2ms | Allocations: 83324)


Started GET "/" for 127.0.0.1 at 2026-04-05 20:22:02 -0300
Processing by HomeController#index as HTML
  Rendering layout layouts/application.html.erb
  Rendering home/index.html.erb within layouts/application
  Rendered shared/_landing_header.html.erb (Duration: 1.8ms | Allocations: 856)
  Rendered shared/_flashcard_flip.html.erb (Duration: 0.8ms | Allocations: 451)
  Rendered home/index.html.erb within layouts/application (Duration: 4.5ms | Allocations: 1854)
  Rendered layout layouts/application.html.erb (Duration: 7.7ms | Allocations: 3814)
Completed 200 OK in 12ms (Views: 9.3ms | ActiveRecord: 0.0ms | Allocations: 4357)


Started GET "/decks/new" for 127.0.0.1 at 2026-04-05 20:22:03 -0300
Processing by DecksController#new as HTML
  Rendering layout layouts/application.html.erb
  Rendering decks/new.html.erb within layouts/application
  Rendered shared/_landing_header.html.erb (Duration: 1.2ms | Allocations: 851)
  Rendered decks/_flashcard_item.html.erb (Duration: 0.4ms | Allocations: 376)
  Rendered decks/_flashcard_item.html.erb (Duration: 0.0ms | Allocations: 14)
  Rendered decks/new.html.erb within layouts/application (Duration: 3.9ms | Allocations: 2804)
  Rendered layout layouts/application.html.erb (Duration: 5.6ms | Allocations: 4562)
Completed 200 OK in 39ms (Views: 5.9ms | ActiveRecord: 0.3ms | Allocations: 22542)


Started GET "/decks/new" for 127.0.0.1 at 2026-04-05 20:22:03 -0300
Processing by DecksController#new as HTML
  Rendering layout layouts/application.html.erb
  Rendering decks/new.html.erb within layouts/application
  Rendered shared/_landing_header.html.erb (Duration: 2.7ms | Allocations: 741)
  Rendered decks/_flashcard_item.html.erb (Duration: 0.1ms | Allocations: 22)
  Rendered decks/_flashcard_item.html.erb (Duration: 0.0ms | Allocations: 14)
  Rendered decks/new.html.erb within layouts/application (Duration: 4.3ms | Allocations: 1351)
  Rendered layout layouts/application.html.erb (Duration: 8.1ms | Allocations: 2992)
Completed 200 OK in 12ms (Views: 8.7ms | ActiveRecord: 0.0ms | Allocations: 3724)


Started POST "/decks" for 127.0.0.1 at 2026-04-05 20:22:16 -0300
Processing by DecksController#create as TURBO_STREAM
  Parameters: {"authenticity_token"=>"[FILTERED]", "deck"=>{"title"=>"Test", "description"=>"", "flashcards_attributes"=>{"0"=>{"position"=>"0", "term"=>"aaa", "definition"=>"bbbb"}, "1"=>{"position"=>"1", "term"=>"errr", "definition"=>"ssss"}}}, "commit_action"=>"practice"}
  [1m[36mTRANSACTION (0.0ms)[0m  [1m[36mbegin transaction[0m
  ↳ app/controllers/decks_controller.rb:19:in `create'
  [1m[36mDeck Create (0.6ms)[0m  [1m[32mINSERT INTO "decks" ("title", "description", "created_at", "updated_at") VALUES (?, ?, ?, ?) RETURNING "id"[0m  [["title", "Test"], ["description", ""], ["created_at", "2026-04-05 23:22:16.468159"], ["updated_at", "2026-04-05 23:22:16.468159"]]
  ↳ app/controllers/decks_controller.rb:19:in `create'
  [1m[36mFlashcard Create (0.1ms)[0m  [1m[32mINSERT INTO "flashcards" ("deck_id", "term", "definition", "position", "created_at", "updated_at") VALUES (?, ?, ?, ?, ?, ?) RETURNING "id"[0m  [["deck_id", 1], ["term", "aaa"], ["definition", "bbbb"], ["position", 0], ["created_at", "2026-04-05 23:22:16.469703"], ["updated_at", "2026-04-05 23:22:16.469703"]]
  ↳ app/controllers/decks_controller.rb:19:in `create'
  [1m[36mFlashcard Create (0.0ms)[0m  [1m[32mINSERT INTO "flashcards" ("deck_id", "term", "definition", "position", "created_at", "updated_at") VALUES (?, ?, ?, ?, ?, ?) RETURNING "id"[0m  [["deck_id", 1], ["term", "errr"], ["definition", "ssss"], ["position", 1], ["created_at", "2026-04-05 23:22:16.470385"], ["updated_at", "2026-04-05 23:22:16.470385"]]
  ↳ app/controllers/decks_controller.rb:19:in `create'
  [1m[36mTRANSACTION (0.3ms)[0m  [1m[36mcommit transaction[0m
  ↳ app/controllers/decks_controller.rb:19:in `create'
Redirected to http://127.0.0.1:3000/decks/1/practice
Completed 302 Found in 5ms (ActiveRecord: 1.0ms | Allocations: 7151)


Started GET "/decks/1/practice" for 127.0.0.1 at 2026-04-05 20:22:16 -0300
Processing by DecksController#practice as TURBO_STREAM
  Parameters: {"id"=>"1"}
  [1m[36mDeck Load (0.1ms)[0m  [1m[34mSELECT "decks".* FROM "decks" WHERE "decks"."id" = ? LIMIT ?[0m  [["id", 1], ["LIMIT", 1]]
  ↳ app/controllers/decks_controller.rb:12:in `practice'
  [1m[36mFlashcard Load (0.1ms)[0m  [1m[34mSELECT "flashcards".* FROM "flashcards" WHERE "flashcards"."deck_id" = ? ORDER BY "flashcards"."position" ASC, "flashcards"."id" ASC[0m  [["deck_id", 1]]
  ↳ app/controllers/decks_controller.rb:12:in `practice'
  Rendering layout layouts/application.html.erb
  Rendering decks/practice.html.erb within layouts/application
  Rendered shared/_landing_header.html.erb (Duration: 0.9ms | Allocations: 849)
  Rendered shared/_flashcard_flip.html.erb (Duration: 0.0ms | Allocations: 44)
  Rendered decks/practice.html.erb within layouts/application (Duration: 1.4ms | Allocations: 1420)
  Rendered layout layouts/application.html.erb (Duration: 2.9ms | Allocations: 3338)
Completed 200 OK in 16ms (Views: 3.0ms | ActiveRecord: 0.2ms | Allocations: 8960)


Started GET "/" for 127.0.0.1 at 2026-04-05 20:22:22 -0300
Processing by HomeController#index as HTML
  Rendering layout layouts/application.html.erb
  Rendering home/index.html.erb within layouts/application
  Rendered shared/_landing_header.html.erb (Duration: 2.3ms | Allocations: 721)
  Rendered shared/_flashcard_flip.html.erb (Duration: 0.0ms | Allocations: 32)
  Rendered home/index.html.erb within layouts/application (Duration: 2.6ms | Allocations: 920)
  Rendered layout layouts/application.html.erb (Duration: 4.1ms | Allocations: 2742)
Completed 200 OK in 5ms (Views: 4.5ms | ActiveRecord: 0.0ms | Allocations: 2995)


Started GET "/decks" for 127.0.0.1 at 2026-04-05 20:22:29 -0300
Processing by DecksController#index as HTML
  Rendering layout layouts/application.html.erb
  Rendering decks/index.html.erb within layouts/application
  Rendered shared/_landing_header.html.erb (Duration: 1.4ms | Allocations: 721)
  [1m[36mDeck Exists? (0.1ms)[0m  [1m[34mSELECT 1 AS one FROM "decks" LIMIT ?[0m  [["LIMIT", 1]]
  ↳ app/views/decks/index.html.erb:10
  [1m[36mDeck Load (0.1ms)[0m  [1m[34mSELECT "decks".* FROM "decks" ORDER BY "decks"."updated_at" DESC[0m
  ↳ app/views/decks/index.html.erb:12
  [1m[36mFlashcard Load (0.0ms)[0m  [1m[34mSELECT "flashcards".* FROM "flashcards" WHERE "flashcards"."deck_id" = ? ORDER BY "flashcards"."position" ASC, "flashcards"."id" ASC[0m  [["deck_id", 1]]
  ↳ app/views/decks/index.html.erb:12
  Rendered decks/index.html.erb within layouts/application (Duration: 3.4ms | Allocations: 3113)
  Rendered layout layouts/application.html.erb (Duration: 5.4ms | Allocations: 4936)
Completed 200 OK in 7ms (Views: 5.5ms | ActiveRecord: 0.1ms | Allocations: 5239)


Started GET "/decks/1/practice" for 127.0.0.1 at 2026-04-05 20:22:30 -0300
Processing by DecksController#practice as HTML
  Parameters: {"id"=>"1"}
  [1m[36mDeck Load (0.1ms)[0m  [1m[34mSELECT "decks".* FROM "decks" WHERE "decks"."id" = ? LIMIT ?[0m  [["id", 1], ["LIMIT", 1]]
  ↳ app/controllers/decks_controller.rb:12:in `practice'
  [1m[36mFlashcard Load (0.0ms)[0m  [1m[34mSELECT "flashcards".* FROM "flashcards" WHERE "flashcards"."deck_id" = ? ORDER BY "flashcards"."position" ASC, "flashcards"."id" ASC[0m  [["deck_id", 1]]
  ↳ app/controllers/decks_controller.rb:12:in `practice'
  Rendering layout layouts/application.html.erb
  Rendering decks/practice.html.erb within layouts/application
  Rendered shared/_landing_header.html.erb (Duration: 2.1ms | Allocations: 721)
  Rendered shared/_flashcard_flip.html.erb (Duration: 0.1ms | Allocations: 30)
  Rendered decks/practice.html.erb within layouts/application (Duration: 2.5ms | Allocations: 947)
  Rendered layout layouts/application.html.erb (Duration: 5.3ms | Allocations: 2763)
Completed 200 OK in 9ms (Views: 5.8ms | ActiveRecord: 0.1ms | Allocations: 4691)


Started GET "/decks/1/practice" for 127.0.0.1 at 2026-04-05 20:22:35 -0300
Processing by DecksController#practice as HTML
  Parameters: {"id"=>"1"}
  [1m[36mDeck Load (0.1ms)[0m  [1m[34mSELECT "decks".* FROM "decks" WHERE "decks"."id" = ? LIMIT ?[0m  [["id", 1], ["LIMIT", 1]]
  ↳ app/controllers/decks_controller.rb:12:in `practice'
  [1m[36mFlashcard Load (0.1ms)[0m  [1m[34mSELECT "flashcards".* FROM "flashcards" WHERE "flashcards"."deck_id" = ? ORDER BY "flashcards"."position" ASC, "flashcards"."id" ASC[0m  [["deck_id", 1]]
  ↳ app/controllers/decks_controller.rb:12:in `practice'
  Rendering layout layouts/application.html.erb
  Rendering decks/practice.html.erb within layouts/application
  Rendered shared/_landing_header.html.erb (Duration: 1.1ms | Allocations: 721)
  Rendered shared/_flashcard_flip.html.erb (Duration: 0.0ms | Allocations: 30)
  Rendered decks/practice.html.erb within layouts/application (Duration: 1.3ms | Allocations: 947)
  Rendered layout layouts/application.html.erb (Duration: 2.8ms | Allocations: 2763)
Completed 200 OK in 8ms (Views: 3.0ms | ActiveRecord: 0.2ms | Allocations: 4681)


Started GET "/decks/1/practice" for 127.0.0.1 at 2026-04-05 20:22:36 -0300
Processing by DecksController#practice as HTML
  Parameters: {"id"=>"1"}
  [1m[36mDeck Load (0.1ms)[0m  [1m[34mSELECT "decks".* FROM "decks" WHERE "decks"."id" = ? LIMIT ?[0m  [["id", 1], ["LIMIT", 1]]
  ↳ app/controllers/decks_controller.rb:12:in `practice'
  [1m[36mFlashcard Load (0.1ms)[0m  [1m[34mSELECT "flashcards".* FROM "flashcards" WHERE "flashcards"."deck_id" = ? ORDER BY "flashcards"."position" ASC, "flashcards"."id" ASC[0m  [["deck_id", 1]]
  ↳ app/controllers/decks_controller.rb:12:in `practice'
  Rendering layout layouts/application.html.erb
  Rendering decks/practice.html.erb within layouts/application
  Rendered shared/_landing_header.html.erb (Duration: 1.2ms | Allocations: 721)
  Rendered shared/_flashcard_flip.html.erb (Duration: 0.0ms | Allocations: 30)
  Rendered decks/practice.html.erb within layouts/application (Duration: 1.5ms | Allocations: 947)
  Rendered layout layouts/application.html.erb (Duration: 3.0ms | Allocations: 2772)
Completed 200 OK in 8ms (Views: 3.3ms | ActiveRecord: 0.2ms | Allocations: 4694)


Started GET "/" for 127.0.0.1 at 2026-04-05 20:22:43 -0300
Processing by HomeController#index as HTML
  Rendering layout layouts/application.html.erb
  Rendering home/index.html.erb within layouts/application
  Rendered shared/_landing_header.html.erb (Duration: 1.7ms | Allocations: 721)
  Rendered shared/_flashcard_flip.html.erb (Duration: 0.1ms | Allocations: 32)
  Rendered home/index.html.erb within layouts/application (Duration: 2.1ms | Allocations: 920)
  Rendered layout layouts/application.html.erb (Duration: 4.1ms | Allocations: 2743)
Completed 200 OK in 6ms (Views: 4.6ms | ActiveRecord: 0.0ms | Allocations: 2990)


Started GET "/" for 127.0.0.1 at 2026-04-05 20:22:43 -0300
Processing by HomeController#index as HTML
  Rendering layout layouts/application.html.erb
  Rendering home/index.html.erb within layouts/application
  Rendered shared/_landing_header.html.erb (Duration: 2.0ms | Allocations: 721)
  Rendered shared/_flashcard_flip.html.erb (Duration: 0.0ms | Allocations: 32)
  Rendered home/index.html.erb within layouts/application (Duration: 2.4ms | Allocations: 920)
  Rendered layout layouts/application.html.erb (Duration: 4.6ms | Allocations: 2743)
Completed 200 OK in 6ms (Views: 5.0ms | ActiveRecord: 0.0ms | Allocations: 2990)


Started GET "/decks/new" for 127.0.0.1 at 2026-04-05 20:22:47 -0300
Processing by DecksController#new as HTML
  Rendering layout layouts/application.html.erb
  Rendering decks/new.html.erb within layouts/application
  Rendered shared/_landing_header.html.erb (Duration: 2.2ms | Allocations: 721)
  Rendered decks/_flashcard_item.html.erb (Duration: 0.0ms | Allocations: 22)
  Rendered decks/_flashcard_item.html.erb (Duration: 0.0ms | Allocations: 14)
  Rendered decks/new.html.erb within layouts/application (Duration: 3.2ms | Allocations: 1336)
  Rendered layout layouts/application.html.erb (Duration: 5.9ms | Allocations: 2976)
Completed 200 OK in 9ms (Views: 6.3ms | ActiveRecord: 0.0ms | Allocations: 3586)


Started GET "/decks/new" for 127.0.0.1 at 2026-04-05 20:23:42 -0300
Processing by DecksController#new as HTML
  Rendering layout layouts/application.html.erb
  Rendering decks/new.html.erb within layouts/application
  Rendered shared/_landing_header.html.erb (Duration: 1.5ms | Allocations: 1195)
  Rendered decks/_flashcard_item.html.erb (Duration: 0.3ms | Allocations: 321)
  Rendered decks/_flashcard_item.html.erb (Duration: 0.0ms | Allocations: 14)
  Rendered decks/new.html.erb within layouts/application (Duration: 3.8ms | Allocations: 2895)
  Rendered layout layouts/application.html.erb (Duration: 20.0ms | Allocations: 34266)
Completed 200 OK in 32ms (Views: 22.3ms | ActiveRecord: 1.9ms | Allocations: 45077)


Started GET "/" for 127.0.0.1 at 2026-04-05 20:23:50 -0300
Processing by HomeController#index as HTML
  Rendering layout layouts/application.html.erb
  Rendering home/index.html.erb within layouts/application
  Rendered shared/_landing_header.html.erb (Duration: 2.5ms | Allocations: 856)
  Rendered shared/_flashcard_flip.html.erb (Duration: 1.0ms | Allocations: 430)
  Rendered home/index.html.erb within layouts/application (Duration: 5.8ms | Allocations: 1809)
  Rendered layout layouts/application.html.erb (Duration: 9.3ms | Allocations: 3766)
Completed 200 OK in 14ms (Views: 11.6ms | ActiveRecord: 0.0ms | Allocations: 4308)


Started GET "/decks/start" for 127.0.0.1 at 2026-04-05 20:23:51 -0300
Processing by DecksController#start as HTML
  [1m[36mDeck Exists? (0.2ms)[0m  [1m[34mSELECT 1 AS one FROM "decks" LIMIT ?[0m  [["LIMIT", 1]]
  ↳ app/controllers/decks_controller.rb:3:in `start'
Redirected to http://127.0.0.1:3000/decks
Completed 302 Found in 3ms (ActiveRecord: 0.2ms | Allocations: 978)


Started GET "/decks" for 127.0.0.1 at 2026-04-05 20:23:51 -0300
Processing by DecksController#index as HTML
  Rendering layout layouts/application.html.erb
  Rendering decks/index.html.erb within layouts/application
  Rendered shared/_landing_header.html.erb (Duration: 1.4ms | Allocations: 721)
  [1m[36mDeck Exists? (0.1ms)[0m  [1m[34mSELECT 1 AS one FROM "decks" LIMIT ?[0m  [["LIMIT", 1]]
  ↳ app/views/decks/index.html.erb:10
  [1m[36mDeck Load (0.0ms)[0m  [1m[34mSELECT "decks".* FROM "decks" ORDER BY "decks"."updated_at" DESC[0m
  ↳ app/views/decks/index.html.erb:12
  [1m[36mFlashcard Load (0.1ms)[0m  [1m[34mSELECT "flashcards".* FROM "flashcards" WHERE "flashcards"."deck_id" = ? ORDER BY "flashcards"."position" ASC, "flashcards"."id" ASC[0m  [["deck_id", 1]]
  ↳ app/views/decks/index.html.erb:12
  Rendered decks/index.html.erb within layouts/application (Duration: 4.1ms | Allocations: 3634)
  Rendered layout layouts/application.html.erb (Duration: 6.0ms | Allocations: 5451)
Completed 200 OK in 8ms (Views: 6.1ms | ActiveRecord: 0.2ms | Allocations: 5842)


Started GET "/decks/1/practice" for 127.0.0.1 at 2026-04-05 20:23:53 -0300
Processing by DecksController#practice as HTML
  Parameters: {"id"=>"1"}
  [1m[36mDeck Load (0.1ms)[0m  [1m[34mSELECT "decks".* FROM "decks" WHERE "decks"."id" = ? LIMIT ?[0m  [["id", 1], ["LIMIT", 1]]
  ↳ app/controllers/decks_controller.rb:18:in `practice'
  [1m[36mFlashcard Load (0.1ms)[0m  [1m[34mSELECT "flashcards".* FROM "flashcards" WHERE "flashcards"."deck_id" = ? ORDER BY "flashcards"."position" ASC, "flashcards"."id" ASC[0m  [["deck_id", 1]]
  ↳ app/controllers/decks_controller.rb:18:in `practice'
  Rendering layout layouts/application.html.erb
  Rendering decks/practice.html.erb within layouts/application
  Rendered shared/_landing_header.html.erb (Duration: 1.0ms | Allocations: 721)
  Rendered shared/_flashcard_flip.html.erb (Duration: 0.0ms | Allocations: 30)
  Rendered decks/practice.html.erb within layouts/application (Duration: 1.7ms | Allocations: 1178)
  Rendered layout layouts/application.html.erb (Duration: 3.2ms | Allocations: 3006)
Completed 200 OK in 8ms (Views: 3.4ms | ActiveRecord: 0.2ms | Allocations: 5029)


Started GET "/decks/start" for 127.0.0.1 at 2026-04-05 20:23:57 -0300
Processing by DecksController#start as HTML
  [1m[36mDeck Exists? (0.1ms)[0m  [1m[34mSELECT 1 AS one FROM "decks" LIMIT ?[0m  [["LIMIT", 1]]
  ↳ app/controllers/decks_controller.rb:3:in `start'
Redirected to http://127.0.0.1:3000/decks
Completed 302 Found in 2ms (ActiveRecord: 0.1ms | Allocations: 688)


Started GET "/decks" for 127.0.0.1 at 2026-04-05 20:23:57 -0300
Processing by DecksController#index as HTML
  Rendering layout layouts/application.html.erb
  Rendering decks/index.html.erb within layouts/application
  Rendered shared/_landing_header.html.erb (Duration: 1.1ms | Allocations: 721)
  [1m[36mDeck Exists? (0.1ms)[0m  [1m[34mSELECT 1 AS one FROM "decks" LIMIT ?[0m  [["LIMIT", 1]]
  ↳ app/views/decks/index.html.erb:10
  [1m[36mDeck Load (0.0ms)[0m  [1m[34mSELECT "decks".* FROM "decks" ORDER BY "decks"."updated_at" DESC[0m
  ↳ app/views/decks/index.html.erb:12
  [1m[36mFlashcard Load (0.0ms)[0m  [1m[34mSELECT "flashcards".* FROM "flashcards" WHERE "flashcards"."deck_id" = ? ORDER BY "flashcards"."position" ASC, "flashcards"."id" ASC[0m  [["deck_id", 1]]
  ↳ app/views/decks/index.html.erb:12
  Rendered decks/index.html.erb within layouts/application (Duration: 2.8ms | Allocations: 3037)
  Rendered layout layouts/application.html.erb (Duration: 4.6ms | Allocations: 4857)
Completed 200 OK in 5ms (Views: 4.7ms | ActiveRecord: 0.1ms | Allocations: 5148)


Started GET "/" for 127.0.0.1 at 2026-04-05 20:23:58 -0300
Processing by HomeController#index as HTML
  Rendering layout layouts/application.html.erb
  Rendering home/index.html.erb within layouts/application
  Rendered shared/_landing_header.html.erb (Duration: 2.2ms | Allocations: 721)
  Rendered shared/_flashcard_flip.html.erb (Duration: 0.1ms | Allocations: 32)
  Rendered home/index.html.erb within layouts/application (Duration: 2.7ms | Allocations: 920)
  Rendered layout layouts/application.html.erb (Duration: 5.7ms | Allocations: 2758)
Completed 200 OK in 7ms (Views: 6.1ms | ActiveRecord: 0.0ms | Allocations: 3005)


Started GET "/decks/start" for 127.0.0.1 at 2026-04-05 20:23:59 -0300
Processing by DecksController#start as HTML
  [1m[36mDeck Exists? (0.1ms)[0m  [1m[34mSELECT 1 AS one FROM "decks" LIMIT ?[0m  [["LIMIT", 1]]
  ↳ app/controllers/decks_controller.rb:3:in `start'
Redirected to http://127.0.0.1:3000/decks
Completed 302 Found in 2ms (ActiveRecord: 0.1ms | Allocations: 688)


Started GET "/decks" for 127.0.0.1 at 2026-04-05 20:23:59 -0300
Processing by DecksController#index as HTML
  Rendering layout layouts/application.html.erb
  Rendering decks/index.html.erb within layouts/application
  Rendered shared/_landing_header.html.erb (Duration: 1.0ms | Allocations: 721)
  [1m[36mDeck Exists? (0.1ms)[0m  [1m[34mSELECT 1 AS one FROM "decks" LIMIT ?[0m  [["LIMIT", 1]]
  ↳ app/views/decks/index.html.erb:10
  [1m[36mDeck Load (0.0ms)[0m  [1m[34mSELECT "decks".* FROM "decks" ORDER BY "decks"."updated_at" DESC[0m
  ↳ app/views/decks/index.html.erb:12
  [1m[36mFlashcard Load (0.0ms)[0m  [1m[34mSELECT "flashcards".* FROM "flashcards" WHERE "flashcards"."deck_id" = ? ORDER BY "flashcards"."position" ASC, "flashcards"."id" ASC[0m  [["deck_id", 1]]
  ↳ app/views/decks/index.html.erb:12
  Rendered decks/index.html.erb within layouts/application (Duration: 2.5ms | Allocations: 3037)
  Rendered layout layouts/application.html.erb (Duration: 4.2ms | Allocations: 4854)
Completed 200 OK in 5ms (Views: 4.4ms | ActiveRecord: 0.1ms | Allocations: 5145)


Started GET "/" for 127.0.0.1 at 2026-04-05 20:24:59 -0300
Processing by HomeController#index as HTML
  [1m[36mDeck Exists? (0.0ms)[0m  [1m[34mSELECT 1 AS one FROM "decks" LIMIT ?[0m  [["LIMIT", 1]]
  ↳ app/controllers/home_controller.rb:3:in `index'
  Rendering layout layouts/application.html.erb
  Rendering home/index.html.erb within layouts/application
  Rendered shared/_landing_header.html.erb (Duration: 1.4ms | Allocations: 1189)
  Rendered shared/_flashcard_flip.html.erb (Duration: 0.4ms | Allocations: 429)
  Rendered home/index.html.erb within layouts/application (Duration: 2.9ms | Allocations: 2231)
  Rendered layout layouts/application.html.erb (Duration: 20.7ms | Allocations: 33821)
Completed 200 OK in 27ms (Views: 22.2ms | ActiveRecord: 1.5ms | Allocations: 37647)


Started GET "/decks/start" for 127.0.0.1 at 2026-04-05 20:25:01 -0300
Processing by DecksController#start as HTML
  [1m[36mDeck Exists? (0.2ms)[0m  [1m[34mSELECT 1 AS one FROM "decks" LIMIT ?[0m  [["LIMIT", 1]]
  ↳ app/controllers/decks_controller.rb:3:in `start'
Redirected to http://127.0.0.1:3000/decks
Completed 302 Found in 2ms (ActiveRecord: 0.2ms | Allocations: 891)


Started GET "/decks" for 127.0.0.1 at 2026-04-05 20:25:01 -0300
Processing by DecksController#index as HTML
  Rendering layout layouts/application.html.erb
  Rendering decks/index.html.erb within layouts/application
  Rendered shared/_landing_header.html.erb (Duration: 1.2ms | Allocations: 843)
  [1m[36mDeck Exists? (0.1ms)[0m  [1m[34mSELECT 1 AS one FROM "decks" LIMIT ?[0m  [["LIMIT", 1]]
  ↳ app/views/decks/index.html.erb:10
  [1m[36mDeck Load (0.1ms)[0m  [1m[34mSELECT "decks".* FROM "decks" ORDER BY "decks"."updated_at" DESC[0m
  ↳ app/views/decks/index.html.erb:12
  [1m[36mFlashcard Load (0.1ms)[0m  [1m[34mSELECT "flashcards".* FROM "flashcards" WHERE "flashcards"."deck_id" = ? ORDER BY "flashcards"."position" ASC, "flashcards"."id" ASC[0m  [["deck_id", 1]]
  ↳ app/views/decks/index.html.erb:12
  Rendered decks/index.html.erb within layouts/application (Duration: 10.0ms | Allocations: 11690)
  Rendered layout layouts/application.html.erb (Duration: 12.4ms | Allocations: 13719)
Completed 200 OK in 16ms (Views: 13.1ms | ActiveRecord: 0.6ms | Allocations: 14304)


Started GET "/decks/1/practice" for 127.0.0.1 at 2026-04-05 20:25:03 -0300
Processing by DecksController#practice as HTML
  Parameters: {"id"=>"1"}
  [1m[36mDeck Load (0.3ms)[0m  [1m[34mSELECT "decks".* FROM "decks" WHERE "decks"."id" = ? LIMIT ?[0m  [["id", 1], ["LIMIT", 1]]
  ↳ app/controllers/decks_controller.rb:18:in `practice'
  [1m[36mFlashcard Load (0.1ms)[0m  [1m[34mSELECT "flashcards".* FROM "flashcards" WHERE "flashcards"."deck_id" = ? ORDER BY "flashcards"."position" ASC, "flashcards"."id" ASC[0m  [["deck_id", 1]]
  ↳ app/controllers/decks_controller.rb:18:in `practice'
  Rendering layout layouts/application.html.erb
  Rendering decks/practice.html.erb within layouts/application
  Rendered shared/_landing_header.html.erb (Duration: 1.9ms | Allocations: 741)
  Rendered shared/_flashcard_flip.html.erb (Duration: 0.1ms | Allocations: 33)
  Rendered decks/practice.html.erb within layouts/application (Duration: 3.3ms | Allocations: 1246)
  Rendered layout layouts/application.html.erb (Duration: 6.5ms | Allocations: 3060)
Completed 200 OK in 14ms (Views: 7.0ms | ActiveRecord: 0.4ms | Allocations: 5159)


Started GET "/decks/start" for 127.0.0.1 at 2026-04-05 20:25:05 -0300
Processing by DecksController#start as HTML
  [1m[36mDeck Exists? (0.1ms)[0m  [1m[34mSELECT 1 AS one FROM "decks" LIMIT ?[0m  [["LIMIT", 1]]
  ↳ app/controllers/decks_controller.rb:3:in `start'
Redirected to http://127.0.0.1:3000/decks
Completed 302 Found in 1ms (ActiveRecord: 0.1ms | Allocations: 712)


Started GET "/decks" for 127.0.0.1 at 2026-04-05 20:25:05 -0300
Processing by DecksController#index as HTML
  Rendering layout layouts/application.html.erb
  Rendering decks/index.html.erb within layouts/application
  Rendered shared/_landing_header.html.erb (Duration: 1.0ms | Allocations: 721)
  [1m[36mDeck Exists? (0.1ms)[0m  [1m[34mSELECT 1 AS one FROM "decks" LIMIT ?[0m  [["LIMIT", 1]]
  ↳ app/views/decks/index.html.erb:10
  [1m[36mDeck Load (0.0ms)[0m  [1m[34mSELECT "decks".* FROM "decks" ORDER BY "decks"."updated_at" DESC[0m
  ↳ app/views/decks/index.html.erb:12
  [1m[36mFlashcard Load (0.0ms)[0m  [1m[34mSELECT "flashcards".* FROM "flashcards" WHERE "flashcards"."deck_id" = ? ORDER BY "flashcards"."position" ASC, "flashcards"."id" ASC[0m  [["deck_id", 1]]
  ↳ app/views/decks/index.html.erb:12
  Rendered decks/index.html.erb within layouts/application (Duration: 2.6ms | Allocations: 3037)
  Rendered layout layouts/application.html.erb (Duration: 4.6ms | Allocations: 4866)
Completed 200 OK in 5ms (Views: 4.7ms | ActiveRecord: 0.1ms | Allocations: 5166)


Started GET "/decks/1/practice" for 127.0.0.1 at 2026-04-05 20:25:07 -0300
Processing by DecksController#practice as HTML
  Parameters: {"id"=>"1"}
  [1m[36mDeck Load (0.2ms)[0m  [1m[34mSELECT "decks".* FROM "decks" WHERE "decks"."id" = ? LIMIT ?[0m  [["id", 1], ["LIMIT", 1]]
  ↳ app/controllers/decks_controller.rb:18:in `practice'
  [1m[36mFlashcard Load (0.0ms)[0m  [1m[34mSELECT "flashcards".* FROM "flashcards" WHERE "flashcards"."deck_id" = ? ORDER BY "flashcards"."position" ASC, "flashcards"."id" ASC[0m  [["deck_id", 1]]
  ↳ app/controllers/decks_controller.rb:18:in `practice'
  Rendering layout layouts/application.html.erb
  Rendering decks/practice.html.erb within layouts/application
  Rendered shared/_landing_header.html.erb (Duration: 1.4ms | Allocations: 721)
  Rendered shared/_flashcard_flip.html.erb (Duration: 0.0ms | Allocations: 30)
  Rendered decks/practice.html.erb within layouts/application (Duration: 1.6ms | Allocations: 947)
  Rendered layout layouts/application.html.erb (Duration: 3.2ms | Allocations: 2781)
Completed 200 OK in 6ms (Views: 3.4ms | ActiveRecord: 0.2ms | Allocations: 4700)


Started GET "/" for 127.0.0.1 at 2026-04-05 20:25:29 -0300
Processing by HomeController#index as HTML
  [1m[36mDeck Exists? (0.1ms)[0m  [1m[34mSELECT 1 AS one FROM "decks" LIMIT ?[0m  [["LIMIT", 1]]
  ↳ app/controllers/home_controller.rb:3:in `index'
  Rendering layout layouts/application.html.erb
  Rendering home/index.html.erb within layouts/application
  Rendered shared/_landing_header.html.erb (Duration: 2.3ms | Allocations: 724)
  Rendered shared/_flashcard_flip.html.erb (Duration: 0.0ms | Allocations: 32)
  Rendered home/index.html.erb within layouts/application (Duration: 2.6ms | Allocations: 925)
  Rendered layout layouts/application.html.erb (Duration: 5.1ms | Allocations: 2775)
Completed 200 OK in 8ms (Views: 5.4ms | ActiveRecord: 0.1ms | Allocations: 3567)


Started GET "/decks/start" for 127.0.0.1 at 2026-04-05 20:25:30 -0300
Processing by DecksController#start as HTML
  [1m[36mDeck Exists? (0.1ms)[0m  [1m[34mSELECT 1 AS one FROM "decks" LIMIT ?[0m  [["LIMIT", 1]]
  ↳ app/controllers/decks_controller.rb:3:in `start'
Redirected to http://127.0.0.1:3000/decks
Completed 302 Found in 2ms (ActiveRecord: 0.1ms | Allocations: 688)


Started GET "/decks" for 127.0.0.1 at 2026-04-05 20:25:30 -0300
Processing by DecksController#index as HTML
  Rendering layout layouts/application.html.erb
  Rendering decks/index.html.erb within layouts/application
  Rendered shared/_landing_header.html.erb (Duration: 1.0ms | Allocations: 721)
  [1m[36mDeck Exists? (0.1ms)[0m  [1m[34mSELECT 1 AS one FROM "decks" LIMIT ?[0m  [["LIMIT", 1]]
  ↳ app/views/decks/index.html.erb:10
  [1m[36mDeck Load (0.0ms)[0m  [1m[34mSELECT "decks".* FROM "decks" ORDER BY "decks"."updated_at" DESC[0m
  ↳ app/views/decks/index.html.erb:12
  [1m[36mFlashcard Load (0.1ms)[0m  [1m[34mSELECT "flashcards".* FROM "flashcards" WHERE "flashcards"."deck_id" = ? ORDER BY "flashcards"."position" ASC, "flashcards"."id" ASC[0m  [["deck_id", 1]]
  ↳ app/views/decks/index.html.erb:12
  Rendered decks/index.html.erb within layouts/application (Duration: 3.5ms | Allocations: 3037)
  Rendered layout layouts/application.html.erb (Duration: 5.5ms | Allocations: 4863)
Completed 200 OK in 7ms (Views: 5.6ms | ActiveRecord: 0.1ms | Allocations: 5154)


Started GET "/" for 127.0.0.1 at 2026-04-05 20:25:39 -0300
Processing by HomeController#index as HTML
  [1m[36mDeck Exists? (0.0ms)[0m  [1m[34mSELECT 1 AS one FROM "decks" LIMIT ?[0m  [["LIMIT", 1]]
  ↳ app/controllers/home_controller.rb:3:in `index'
  Rendering layout layouts/application.html.erb
  Rendering home/index.html.erb within layouts/application
  Rendered shared/_landing_header.html.erb (Duration: 1.5ms | Allocations: 1189)
  Rendered shared/_flashcard_flip.html.erb (Duration: 0.4ms | Allocations: 429)
  Rendered home/index.html.erb within layouts/application (Duration: 3.0ms | Allocations: 2230)
  Rendered layout layouts/application.html.erb (Duration: 19.8ms | Allocations: 33842)
Completed 200 OK in 26ms (Views: 21.5ms | ActiveRecord: 1.4ms | Allocations: 37682)


Started GET "/decks/new" for 127.0.0.1 at 2026-04-05 20:25:40 -0300
Processing by DecksController#new as HTML
  Rendering layout layouts/application.html.erb
  Rendering decks/new.html.erb within layouts/application
  Rendered shared/_landing_header.html.erb (Duration: 2.6ms | Allocations: 861)
  Rendered decks/_flashcard_item.html.erb (Duration: 0.7ms | Allocations: 321)
  Rendered decks/_flashcard_item.html.erb (Duration: 0.0ms | Allocations: 14)
  Rendered decks/new.html.erb within layouts/application (Duration: 6.0ms | Allocations: 2468)
  Rendered layout layouts/application.html.erb (Duration: 8.6ms | Allocations: 4147)
Completed 200 OK in 21ms (Views: 10.4ms | ActiveRecord: 0.4ms | Allocations: 12503)


Started GET "/" for 127.0.0.1 at 2026-04-05 20:25:58 -0300
Processing by HomeController#index as HTML
  [1m[36mDeck Exists? (0.1ms)[0m  [1m[34mSELECT 1 AS one FROM "decks" LIMIT ?[0m  [["LIMIT", 1]]
  ↳ app/controllers/home_controller.rb:3:in `index'
  Rendering layout layouts/application.html.erb
  Rendering home/index.html.erb within layouts/application
  Rendered shared/_landing_header.html.erb (Duration: 1.4ms | Allocations: 721)
  Rendered shared/_flashcard_flip.html.erb (Duration: 0.0ms | Allocations: 35)
  Rendered home/index.html.erb within layouts/application (Duration: 1.5ms | Allocations: 925)
  Rendered layout layouts/application.html.erb (Duration: 3.2ms | Allocations: 2763)
Completed 200 OK in 5ms (Views: 3.4ms | ActiveRecord: 0.1ms | Allocations: 3625)


Started GET "/decks/start" for 127.0.0.1 at 2026-04-05 20:26:01 -0300
Processing by DecksController#start as HTML
  [1m[36mDeck Exists? (0.1ms)[0m  [1m[34mSELECT 1 AS one FROM "decks" LIMIT ?[0m  [["LIMIT", 1]]
  ↳ app/controllers/decks_controller.rb:3:in `start'
Redirected to http://127.0.0.1:3000/decks
Completed 302 Found in 2ms (ActiveRecord: 0.1ms | Allocations: 715)


Started GET "/decks" for 127.0.0.1 at 2026-04-05 20:26:01 -0300
Processing by DecksController#index as HTML
  Rendering layout layouts/application.html.erb
  Rendering decks/index.html.erb within layouts/application
  Rendered shared/_landing_header.html.erb (Duration: 1.4ms | Allocations: 721)
  [1m[36mDeck Exists? (0.1ms)[0m  [1m[34mSELECT 1 AS one FROM "decks" LIMIT ?[0m  [["LIMIT", 1]]
  ↳ app/views/decks/index.html.erb:10
  [1m[36mDeck Load (0.1ms)[0m  [1m[34mSELECT "decks".* FROM "decks" ORDER BY "decks"."updated_at" DESC[0m
  ↳ app/views/decks/index.html.erb:12
  [1m[36mFlashcard Load (0.1ms)[0m  [1m[34mSELECT "flashcards".* FROM "flashcards" WHERE "flashcards"."deck_id" = ? ORDER BY "flashcards"."position" ASC, "flashcards"."id" ASC[0m  [["deck_id", 1]]
  ↳ app/views/decks/index.html.erb:12
  Rendered decks/index.html.erb within layouts/application (Duration: 4.7ms | Allocations: 3587)
  Rendered layout layouts/application.html.erb (Duration: 7.3ms | Allocations: 5429)
Completed 200 OK in 9ms (Views: 7.4ms | ActiveRecord: 0.2ms | Allocations: 5808)


Started GET "/decks/start" for 127.0.0.1 at 2026-04-05 20:26:03 -0300
Processing by DecksController#start as HTML
  [1m[36mDeck Exists? (0.1ms)[0m  [1m[34mSELECT 1 AS one FROM "decks" LIMIT ?[0m  [["LIMIT", 1]]
  ↳ app/controllers/decks_controller.rb:3:in `start'
Redirected to http://127.0.0.1:3000/decks
Completed 302 Found in 2ms (ActiveRecord: 0.1ms | Allocations: 688)


Started GET "/decks" for 127.0.0.1 at 2026-04-05 20:26:03 -0300
Processing by DecksController#index as HTML
  Rendering layout layouts/application.html.erb
  Rendering decks/index.html.erb within layouts/application
  Rendered shared/_landing_header.html.erb (Duration: 1.0ms | Allocations: 724)
  [1m[36mDeck Exists? (0.1ms)[0m  [1m[34mSELECT 1 AS one FROM "decks" LIMIT ?[0m  [["LIMIT", 1]]
  ↳ app/views/decks/index.html.erb:10
  [1m[36mDeck Load (0.0ms)[0m  [1m[34mSELECT "decks".* FROM "decks" ORDER BY "decks"."updated_at" DESC[0m
  ↳ app/views/decks/index.html.erb:12
  [1m[36mFlashcard Load (0.0ms)[0m  [1m[34mSELECT "flashcards".* FROM "flashcards" WHERE "flashcards"."deck_id" = ? ORDER BY "flashcards"."position" ASC, "flashcards"."id" ASC[0m  [["deck_id", 1]]
  ↳ app/views/decks/index.html.erb:12
  Rendered decks/index.html.erb within layouts/application (Duration: 2.5ms | Allocations: 3046)
  Rendered layout layouts/application.html.erb (Duration: 4.1ms | Allocations: 4874)
Completed 200 OK in 5ms (Views: 4.2ms | ActiveRecord: 0.1ms | Allocations: 5165)


Started GET "/decks/new" for 127.0.0.1 at 2026-04-05 20:26:21 -0300
Processing by DecksController#new as HTML
  Rendering layout layouts/application.html.erb
  Rendering decks/new.html.erb within layouts/application
  Rendered shared/_landing_header.html.erb (Duration: 1.4ms | Allocations: 721)
  Rendered decks/_flashcard_item.html.erb (Duration: 0.0ms | Allocations: 22)
  Rendered decks/_flashcard_item.html.erb (Duration: 0.0ms | Allocations: 14)
  Rendered decks/new.html.erb within layouts/application (Duration: 2.3ms | Allocations: 1312)
  Rendered layout layouts/application.html.erb (Duration: 4.0ms | Allocations: 2956)
Completed 200 OK in 6ms (Views: 4.3ms | ActiveRecord: 0.0ms | Allocations: 3528)


Started GET "/" for 127.0.0.1 at 2026-04-05 20:26:37 -0300
Processing by HomeController#index as HTML
  [1m[36mDeck Exists? (0.1ms)[0m  [1m[34mSELECT 1 AS one FROM "decks" LIMIT ?[0m  [["LIMIT", 1]]
  ↳ app/controllers/home_controller.rb:3:in `index'
  Rendering layout layouts/application.html.erb
  Rendering home/index.html.erb within layouts/application
  Rendered shared/_landing_header.html.erb (Duration: 1.8ms | Allocations: 721)
  Rendered shared/_flashcard_flip.html.erb (Duration: 0.0ms | Allocations: 32)
  Rendered home/index.html.erb within layouts/application (Duration: 2.2ms | Allocations: 922)
  Rendered layout layouts/application.html.erb (Duration: 4.1ms | Allocations: 2760)
Completed 200 OK in 7ms (Views: 4.4ms | ActiveRecord: 0.1ms | Allocations: 3550)


Started GET "/decks/start" for 127.0.0.1 at 2026-04-05 20:26:38 -0300
Processing by DecksController#start as HTML
  [1m[36mDeck Exists? (0.1ms)[0m  [1m[34mSELECT 1 AS one FROM "decks" LIMIT ?[0m  [["LIMIT", 1]]
  ↳ app/controllers/decks_controller.rb:3:in `start'
Redirected to http://127.0.0.1:3000/decks
Completed 302 Found in 2ms (ActiveRecord: 0.1ms | Allocations: 688)


Started GET "/decks" for 127.0.0.1 at 2026-04-05 20:26:38 -0300
Processing by DecksController#index as HTML
  Rendering layout layouts/application.html.erb
  Rendering decks/index.html.erb within layouts/application
  Rendered shared/_landing_header.html.erb (Duration: 1.6ms | Allocations: 721)
  [1m[36mDeck Exists? (0.1ms)[0m  [1m[34mSELECT 1 AS one FROM "decks" LIMIT ?[0m  [["LIMIT", 1]]
  ↳ app/views/decks/index.html.erb:10
  [1m[36mDeck Load (0.0ms)[0m  [1m[34mSELECT "decks".* FROM "decks" ORDER BY "decks"."updated_at" DESC[0m
  ↳ app/views/decks/index.html.erb:12
  [1m[36mFlashcard Load (0.0ms)[0m  [1m[34mSELECT "flashcards".* FROM "flashcards" WHERE "flashcards"."deck_id" = ? ORDER BY "flashcards"."position" ASC, "flashcards"."id" ASC[0m  [["deck_id", 1]]
  ↳ app/views/decks/index.html.erb:12
  Rendered decks/index.html.erb within layouts/application (Duration: 4.1ms | Allocations: 3037)
  Rendered layout layouts/application.html.erb (Duration: 6.8ms | Allocations: 4869)
Completed 200 OK in 8ms (Views: 7.1ms | ActiveRecord: 0.2ms | Allocations: 5160)


Started GET "/decks" for 127.0.0.1 at 2026-04-05 20:26:44 -0300
Processing by DecksController#index as HTML
  Rendering layout layouts/application.html.erb
  Rendering decks/index.html.erb within layouts/application
  Rendered shared/_landing_header.html.erb (Duration: 1.8ms | Allocations: 1191)
  [1m[36mDeck Exists? (0.1ms)[0m  [1m[34mSELECT 1 AS one FROM "decks" LIMIT ?[0m  [["LIMIT", 1]]
  ↳ app/views/decks/index.html.erb:10
  [1m[36mDeck Load (0.0ms)[0m  [1m[34mSELECT "decks".* FROM "decks" ORDER BY "decks"."updated_at" DESC[0m
  ↳ app/views/decks/index.html.erb:12
  [1m[36mFlashcard Load (0.0ms)[0m  [1m[34mSELECT "flashcards".* FROM "flashcards" WHERE "flashcards"."deck_id" = ? ORDER BY "flashcards"."position" ASC, "flashcards"."id" ASC[0m  [["deck_id", 1]]
  ↳ app/views/decks/index.html.erb:12
  Rendered decks/index.html.erb within layouts/application (Duration: 7.5ms | Allocations: 12272)
  Rendered layout layouts/application.html.erb (Duration: 20.4ms | Allocations: 44040)
Completed 200 OK in 26ms (Views: 21.9ms | ActiveRecord: 1.6ms | Allocations: 47205)


Started GET "/decks/new" for 127.0.0.1 at 2026-04-05 20:26:46 -0300
Processing by DecksController#new as HTML
  Rendering layout layouts/application.html.erb
  Rendering decks/new.html.erb within layouts/application
  Rendered shared/_landing_header.html.erb (Duration: 1.6ms | Allocations: 744)
  Rendered decks/_flashcard_item.html.erb (Duration: 0.4ms | Allocations: 319)
  Rendered decks/_flashcard_item.html.erb (Duration: 0.0ms | Allocations: 14)
  Rendered decks/new.html.erb within layouts/application (Duration: 4.3ms | Allocations: 2235)
  Rendered layout layouts/application.html.erb (Duration: 6.0ms | Allocations: 3881)
Completed 200 OK in 9ms (Views: 6.5ms | ActiveRecord: 0.0ms | Allocations: 4698)


Started GET "/decks/new" for 127.0.0.1 at 2026-04-05 20:27:10 -0300
Processing by DecksController#new as HTML
  Rendering layout layouts/application.html.erb
  Rendering decks/new.html.erb within layouts/application
  Rendered shared/_landing_header.html.erb (Duration: 2.0ms | Allocations: 721)
  Rendered decks/_flashcard_item.html.erb (Duration: 0.0ms | Allocations: 22)
  Rendered decks/_flashcard_item.html.erb (Duration: 0.0ms | Allocations: 14)
  Rendered decks/new.html.erb within layouts/application (Duration: 3.1ms | Allocations: 1324)
  Rendered layout layouts/application.html.erb (Duration: 4.7ms | Allocations: 2965)
Completed 200 OK in 7ms (Views: 5.2ms | ActiveRecord: 0.0ms | Allocations: 3536)


Started GET "/" for 127.0.0.1 at 2026-04-05 20:27:13 -0300
Processing by HomeController#index as HTML
  [1m[36mDeck Exists? (0.1ms)[0m  [1m[34mSELECT 1 AS one FROM "decks" LIMIT ?[0m  [["LIMIT", 1]]
  ↳ app/controllers/home_controller.rb:3:in `index'
  Rendering layout layouts/application.html.erb
  Rendering home/index.html.erb within layouts/application
  Rendered shared/_landing_header.html.erb (Duration: 1.4ms | Allocations: 860)
  Rendered shared/_flashcard_flip.html.erb (Duration: 0.6ms | Allocations: 429)
  Rendered home/index.html.erb within layouts/application (Duration: 3.4ms | Allocations: 1832)
  Rendered layout layouts/application.html.erb (Duration: 5.5ms | Allocations: 3783)
Completed 200 OK in 11ms (Views: 7.9ms | ActiveRecord: 0.1ms | Allocations: 4973)


Started GET "/decks/start" for 127.0.0.1 at 2026-04-05 20:27:17 -0300
Processing by DecksController#start as HTML
  [1m[36mDeck Exists? (0.1ms)[0m  [1m[34mSELECT 1 AS one FROM "decks" LIMIT ?[0m  [["LIMIT", 1]]
  ↳ app/controllers/decks_controller.rb:3:in `start'
Redirected to http://127.0.0.1:3000/decks
Completed 302 Found in 3ms (ActiveRecord: 0.1ms | Allocations: 720)


Started GET "/decks" for 127.0.0.1 at 2026-04-05 20:27:17 -0300
Processing by DecksController#index as HTML
  Rendering layout layouts/application.html.erb
  Rendering decks/index.html.erb within layouts/application
  Rendered shared/_landing_header.html.erb (Duration: 2.0ms | Allocations: 721)
  [1m[36mDeck Exists? (0.1ms)[0m  [1m[34mSELECT 1 AS one FROM "decks" LIMIT ?[0m  [["LIMIT", 1]]
  ↳ app/views/decks/index.html.erb:10
  [1m[36mDeck Load (0.0ms)[0m  [1m[34mSELECT "decks".* FROM "decks" ORDER BY "decks"."updated_at" DESC[0m
  ↳ app/views/decks/index.html.erb:12
  [1m[36mFlashcard Load (0.0ms)[0m  [1m[34mSELECT "flashcards".* FROM "flashcards" WHERE "flashcards"."deck_id" = ? ORDER BY "flashcards"."position" ASC, "flashcards"."id" ASC[0m  [["deck_id", 1]]
  ↳ app/views/decks/index.html.erb:12
  Rendered decks/index.html.erb within layouts/application (Duration: 4.7ms | Allocations: 3150)
  Rendered layout layouts/application.html.erb (Duration: 7.3ms | Allocations: 4981)
Completed 200 OK in 9ms (Views: 7.6ms | ActiveRecord: 0.2ms | Allocations: 5293)


Started GET "/decks/new" for 127.0.0.1 at 2026-04-05 20:27:17 -0300
Processing by DecksController#new as HTML
  Rendering layout layouts/application.html.erb
  Rendering decks/new.html.erb within layouts/application
  Rendered shared/_landing_header.html.erb (Duration: 2.1ms | Allocations: 723)
  Rendered decks/_flashcard_item.html.erb (Duration: 0.0ms | Allocations: 22)
  Rendered decks/_flashcard_item.html.erb (Duration: 0.0ms | Allocations: 14)
  Rendered decks/new.html.erb within layouts/application (Duration: 2.8ms | Allocations: 1330)
  Rendered layout layouts/application.html.erb (Duration: 4.9ms | Allocations: 2970)
Completed 200 OK in 8ms (Views: 5.4ms | ActiveRecord: 0.0ms | Allocations: 3581)


Started GET "/" for 127.0.0.1 at 2026-04-05 20:27:24 -0300
Processing by HomeController#index as HTML
  [1m[36mDeck Exists? (0.0ms)[0m  [1m[34mSELECT 1 AS one FROM "decks" LIMIT ?[0m  [["LIMIT", 1]]
  ↳ app/controllers/home_controller.rb:3:in `index'
  Rendering layout layouts/application.html.erb
  Rendering home/index.html.erb within layouts/application
  Rendered shared/_landing_header.html.erb (Duration: 1.4ms | Allocations: 1196)
  Rendered shared/_flashcard_flip.html.erb (Duration: 0.4ms | Allocations: 429)
  Rendered home/index.html.erb within layouts/application (Duration: 2.9ms | Allocations: 2237)
  Rendered layout layouts/application.html.erb (Duration: 16.9ms | Allocations: 33836)
Completed 200 OK in 23ms (Views: 18.3ms | ActiveRecord: 1.4ms | Allocations: 37666)


Started GET "/decks/start" for 127.0.0.1 at 2026-04-05 20:27:25 -0300
Processing by DecksController#start as HTML
  [1m[36mDeck Exists? (0.1ms)[0m  [1m[34mSELECT 1 AS one FROM "decks" LIMIT ?[0m  [["LIMIT", 1]]
  ↳ app/controllers/decks_controller.rb:3:in `start'
Redirected to http://127.0.0.1:3000/decks
Completed 302 Found in 2ms (ActiveRecord: 0.1ms | Allocations: 891)


Started GET "/decks" for 127.0.0.1 at 2026-04-05 20:27:25 -0300
Processing by DecksController#index as HTML
  Rendering layout layouts/application.html.erb
  Rendering decks/index.html.erb within layouts/application
  Rendered shared/_landing_header.html.erb (Duration: 1.4ms | Allocations: 839)
  [1m[36mDeck Exists? (0.1ms)[0m  [1m[34mSELECT 1 AS one FROM "decks" LIMIT ?[0m  [["LIMIT", 1]]
  ↳ app/views/decks/index.html.erb:10
  [1m[36mDeck Load (0.0ms)[0m  [1m[34mSELECT "decks".* FROM "decks" ORDER BY "decks"."updated_at" DESC[0m
  ↳ app/views/decks/index.html.erb:12
  [1m[36mFlashcard Load (0.1ms)[0m  [1m[34mSELECT "flashcards".* FROM "flashcards" WHERE "flashcards"."deck_id" = ? ORDER BY "flashcards"."position" ASC, "flashcards"."id" ASC[0m  [["deck_id", 1]]
  ↳ app/views/decks/index.html.erb:12
  Rendered decks/index.html.erb within layouts/application (Duration: 9.9ms | Allocations: 11733)
  Rendered layout layouts/application.html.erb (Duration: 12.4ms | Allocations: 13760)
Completed 200 OK in 15ms (Views: 13.2ms | ActiveRecord: 0.4ms | Allocations: 14344)


Started GET "/decks/new" for 127.0.0.1 at 2026-04-05 20:27:27 -0300
Processing by DecksController#new as HTML
  Rendering layout layouts/application.html.erb
  Rendering decks/new.html.erb within layouts/application
  Rendered shared/_landing_header.html.erb (Duration: 1.0ms | Allocations: 737)
  Rendered decks/_flashcard_item.html.erb (Duration: 0.3ms | Allocations: 319)
  Rendered decks/_flashcard_item.html.erb (Duration: 0.0ms | Allocations: 14)
  Rendered decks/new.html.erb within layouts/application (Duration: 5.9ms | Allocations: 2243)
  Rendered layout layouts/application.html.erb (Duration: 7.2ms | Allocations: 3893)
Completed 200 OK in 11ms (Views: 7.7ms | ActiveRecord: 0.0ms | Allocations: 4710)


Started GET "/decks/new" for 127.0.0.1 at 2026-04-05 20:27:30 -0300
Processing by DecksController#new as HTML
  Rendering layout layouts/application.html.erb
  Rendering decks/new.html.erb within layouts/application
  Rendered shared/_landing_header.html.erb (Duration: 2.1ms | Allocations: 728)
  Rendered decks/_flashcard_item.html.erb (Duration: 0.0ms | Allocations: 22)
  Rendered decks/_flashcard_item.html.erb (Duration: 0.0ms | Allocations: 14)
  Rendered decks/new.html.erb within layouts/application (Duration: 2.7ms | Allocations: 1340)
  Rendered layout layouts/application.html.erb (Duration: 4.2ms | Allocations: 2985)
Completed 200 OK in 7ms (Views: 4.7ms | ActiveRecord: 0.0ms | Allocations: 3562)


Started GET "/decks/1/practice" for 127.0.0.1 at 2026-04-05 20:27:31 -0300
Processing by DecksController#practice as HTML
  Parameters: {"id"=>"1"}
  [1m[36mDeck Load (0.2ms)[0m  [1m[34mSELECT "decks".* FROM "decks" WHERE "decks"."id" = ? LIMIT ?[0m  [["id", 1], ["LIMIT", 1]]
  ↳ app/controllers/decks_controller.rb:18:in `practice'
  [1m[36mFlashcard Load (0.1ms)[0m  [1m[34mSELECT "flashcards".* FROM "flashcards" WHERE "flashcards"."deck_id" = ? ORDER BY "flashcards"."position" ASC, "flashcards"."id" ASC[0m  [["deck_id", 1]]
  ↳ app/controllers/decks_controller.rb:18:in `practice'
  Rendering layout layouts/application.html.erb
  Rendering decks/practice.html.erb within layouts/application
  Rendered shared/_landing_header.html.erb (Duration: 2.4ms | Allocations: 721)
  Rendered shared/_flashcard_flip.html.erb (Duration: 0.1ms | Allocations: 33)
  Rendered decks/practice.html.erb within layouts/application (Duration: 4.0ms | Allocations: 1184)
  Rendered layout layouts/application.html.erb (Duration: 7.3ms | Allocations: 3019)
Completed 200 OK in 14ms (Views: 7.7ms | ActiveRecord: 0.2ms | Allocations: 5053)


Started GET "/decks/new" for 127.0.0.1 at 2026-04-05 20:27:32 -0300
Processing by DecksController#new as HTML
  Rendering layout layouts/application.html.erb
  Rendering decks/new.html.erb within layouts/application
  Rendered shared/_landing_header.html.erb (Duration: 1.5ms | Allocations: 728)
  Rendered decks/_flashcard_item.html.erb (Duration: 0.0ms | Allocations: 22)
  Rendered decks/_flashcard_item.html.erb (Duration: 0.0ms | Allocations: 14)
  Rendered decks/new.html.erb within layouts/application (Duration: 2.1ms | Allocations: 1328)
  Rendered layout layouts/application.html.erb (Duration: 3.9ms | Allocations: 2972)
Completed 200 OK in 6ms (Views: 4.2ms | ActiveRecord: 0.0ms | Allocations: 3543)


Started GET "/decks/new" for 127.0.0.1 at 2026-04-05 20:28:36 -0300
Processing by DecksController#new as HTML
  [1m[36mDeck Exists? (0.1ms)[0m  [1m[34mSELECT 1 AS one FROM "decks" LIMIT ?[0m  [["LIMIT", 1]]
  ↳ app/controllers/decks_controller.rb:13:in `new'
  Rendering layout layouts/application.html.erb
  Rendering decks/new.html.erb within layouts/application
  Rendered shared/_landing_header.html.erb (Duration: 1.5ms | Allocations: 1192)
  Rendered decks/_flashcard_item.html.erb (Duration: 0.4ms | Allocations: 321)
  Rendered decks/_flashcard_item.html.erb (Duration: 0.0ms | Allocations: 14)
  Rendered decks/new.html.erb within layouts/application (Duration: 4.0ms | Allocations: 2937)
  Rendered layout layouts/application.html.erb (Duration: 19.0ms | Allocations: 34302)
Completed 200 OK in 32ms (Views: 21.2ms | ActiveRecord: 1.6ms | Allocations: 45890)


Started GET "/decks" for 127.0.0.1 at 2026-04-05 20:28:53 -0300
Processing by DecksController#index as HTML
  Rendering layout layouts/application.html.erb
  Rendering decks/index.html.erb within layouts/application
  Rendered shared/_landing_header.html.erb (Duration: 1.3ms | Allocations: 724)
  [1m[36mDeck Exists? (0.1ms)[0m  [1m[34mSELECT 1 AS one FROM "decks" LIMIT ?[0m  [["LIMIT", 1]]
  ↳ app/views/decks/index.html.erb:10
  [1m[36mDeck Load (0.0ms)[0m  [1m[34mSELECT "decks".* FROM "decks" ORDER BY "decks"."updated_at" DESC[0m
  ↳ app/views/decks/index.html.erb:12
  [1m[36mFlashcard Load (0.0ms)[0m  [1m[34mSELECT "flashcards".* FROM "flashcards" WHERE "flashcards"."deck_id" = ? ORDER BY "flashcards"."position" ASC, "flashcards"."id" ASC[0m  [["deck_id", 1]]
  ↳ app/views/decks/index.html.erb:12
  Rendered decks/index.html.erb within layouts/application (Duration: 3.4ms | Allocations: 3762)
  Rendered layout layouts/application.html.erb (Duration: 5.5ms | Allocations: 5580)
Completed 200 OK in 7ms (Views: 5.6ms | ActiveRecord: 0.1ms | Allocations: 6003)


Started GET "/decks/new" for 127.0.0.1 at 2026-04-05 20:29:19 -0300
Processing by DecksController#new as HTML
  [1m[36mDeck Exists? (0.1ms)[0m  [1m[34mSELECT 1 AS one FROM "decks" LIMIT ?[0m  [["LIMIT", 1]]
  ↳ app/controllers/decks_controller.rb:13:in `new'
  Rendering layout layouts/application.html.erb
  Rendering decks/new.html.erb within layouts/application
  Rendered shared/_landing_header.html.erb (Duration: 1.9ms | Allocations: 1195)
  Rendered decks/_flashcard_item.html.erb (Duration: 0.5ms | Allocations: 321)
  Rendered decks/_flashcard_item.html.erb (Duration: 0.0ms | Allocations: 14)
  Rendered decks/new.html.erb within layouts/application (Duration: 4.3ms | Allocations: 2953)
  Rendered layout layouts/application.html.erb (Duration: 18.9ms | Allocations: 34281)
Completed 200 OK in 30ms (Views: 20.6ms | ActiveRecord: 1.6ms | Allocations: 45876)


Started GET "/decks" for 127.0.0.1 at 2026-04-05 20:29:22 -0300
Processing by DecksController#index as HTML
  Rendering layout layouts/application.html.erb
  Rendering decks/index.html.erb within layouts/application
  Rendered shared/_landing_header.html.erb (Duration: 1.8ms | Allocations: 724)
  [1m[36mDeck Exists? (0.1ms)[0m  [1m[34mSELECT 1 AS one FROM "decks" LIMIT ?[0m  [["LIMIT", 1]]
  ↳ app/views/decks/index.html.erb:10
  [1m[36mDeck Load (0.1ms)[0m  [1m[34mSELECT "decks".* FROM "decks" ORDER BY "decks"."updated_at" DESC[0m
  ↳ app/views/decks/index.html.erb:12
  [1m[36mFlashcard Load (0.1ms)[0m  [1m[34mSELECT "flashcards".* FROM "flashcards" WHERE "flashcards"."deck_id" = ? ORDER BY "flashcards"."position" ASC, "flashcards"."id" ASC[0m  [["deck_id", 1]]
  ↳ app/views/decks/index.html.erb:12
  Rendered decks/index.html.erb within layouts/application (Duration: 6.6ms | Allocations: 3762)
  Rendered layout layouts/application.html.erb (Duration: 8.5ms | Allocations: 5589)
Completed 200 OK in 11ms (Views: 8.6ms | ActiveRecord: 0.4ms | Allocations: 6012)


Started GET "/decks/1/practice" for 127.0.0.1 at 2026-04-05 20:29:25 -0300
Processing by DecksController#practice as HTML
  Parameters: {"id"=>"1"}
  [1m[36mDeck Load (0.2ms)[0m  [1m[34mSELECT "decks".* FROM "decks" WHERE "decks"."id" = ? LIMIT ?[0m  [["id", 1], ["LIMIT", 1]]
  ↳ app/controllers/decks_controller.rb:19:in `practice'
  [1m[36mFlashcard Load (0.1ms)[0m  [1m[34mSELECT "flashcards".* FROM "flashcards" WHERE "flashcards"."deck_id" = ? ORDER BY "flashcards"."position" ASC, "flashcards"."id" ASC[0m  [["deck_id", 1]]
  ↳ app/controllers/decks_controller.rb:19:in `practice'
  Rendering layout layouts/application.html.erb
  Rendering decks/practice.html.erb within layouts/application
  Rendered shared/_landing_header.html.erb (Duration: 1.8ms | Allocations: 721)
  Rendered shared/_flashcard_flip.html.erb (Duration: 0.4ms | Allocations: 416)
  Rendered decks/practice.html.erb within layouts/application (Duration: 3.7ms | Allocations: 1633)
  Rendered layout layouts/application.html.erb (Duration: 5.2ms | Allocations: 3470)
Completed 200 OK in 10ms (Views: 5.6ms | ActiveRecord: 0.2ms | Allocations: 5493)


Started GET "/" for 127.0.0.1 at 2026-04-05 20:29:30 -0300
Processing by HomeController#index as HTML
  [1m[36mDeck Exists? (0.2ms)[0m  [1m[34mSELECT 1 AS one FROM "decks" LIMIT ?[0m  [["LIMIT", 1]]
  ↳ app/controllers/home_controller.rb:3:in `index'
  Rendering layout layouts/application.html.erb
  Rendering home/index.html.erb within layouts/application
  Rendered shared/_landing_header.html.erb (Duration: 1.5ms | Allocations: 853)
  Rendered shared/_flashcard_flip.html.erb (Duration: 0.0ms | Allocations: 46)
  Rendered home/index.html.erb within layouts/application (Duration: 2.6ms | Allocations: 1374)
  Rendered layout layouts/application.html.erb (Duration: 4.5ms | Allocations: 3312)
Completed 200 OK in 9ms (Views: 6.0ms | ActiveRecord: 0.2ms | Allocations: 4495)


Started GET "/decks/start" for 127.0.0.1 at 2026-04-05 20:29:32 -0300
Processing by DecksController#start as HTML
  [1m[36mDeck Exists? (0.1ms)[0m  [1m[34mSELECT 1 AS one FROM "decks" LIMIT ?[0m  [["LIMIT", 1]]
  ↳ app/controllers/decks_controller.rb:3:in `start'
Redirected to http://127.0.0.1:3000/decks
Completed 302 Found in 2ms (ActiveRecord: 0.1ms | Allocations: 720)


Started GET "/decks" for 127.0.0.1 at 2026-04-05 20:29:32 -0300
Processing by DecksController#index as HTML
  Rendering layout layouts/application.html.erb
  Rendering decks/index.html.erb within layouts/application
  Rendered shared/_landing_header.html.erb (Duration: 1.3ms | Allocations: 721)
  [1m[36mDeck Exists? (0.1ms)[0m  [1m[34mSELECT 1 AS one FROM "decks" LIMIT ?[0m  [["LIMIT", 1]]
  ↳ app/views/decks/index.html.erb:10
  [1m[36mDeck Load (0.0ms)[0m  [1m[34mSELECT "decks".* FROM "decks" ORDER BY "decks"."updated_at" DESC[0m
  ↳ app/views/decks/index.html.erb:12
  [1m[36mFlashcard Load (0.0ms)[0m  [1m[34mSELECT "flashcards".* FROM "flashcards" WHERE "flashcards"."deck_id" = ? ORDER BY "flashcards"."position" ASC, "flashcards"."id" ASC[0m  [["deck_id", 1]]
  ↳ app/views/decks/index.html.erb:12
  Rendered decks/index.html.erb within layouts/application (Duration: 2.9ms | Allocations: 3143)
  Rendered layout layouts/application.html.erb (Duration: 4.7ms | Allocations: 4960)
Completed 200 OK in 6ms (Views: 4.8ms | ActiveRecord: 0.1ms | Allocations: 5273)


Started GET "/decks/new" for 127.0.0.1 at 2026-04-05 20:29:33 -0300
Processing by DecksController#new as HTML
  [1m[36mDeck Exists? (0.1ms)[0m  [1m[34mSELECT 1 AS one FROM "decks" LIMIT ?[0m  [["LIMIT", 1]]
  ↳ app/controllers/decks_controller.rb:13:in `new'
  Rendering layout layouts/application.html.erb
  Rendering decks/new.html.erb within layouts/application
  Rendered shared/_landing_header.html.erb (Duration: 1.8ms | Allocations: 724)
  Rendered decks/_flashcard_item.html.erb (Duration: 0.0ms | Allocations: 22)
  Rendered decks/_flashcard_item.html.erb (Duration: 0.0ms | Allocations: 14)
  Rendered decks/new.html.erb within layouts/application (Duration: 2.4ms | Allocations: 1358)
  Rendered layout layouts/application.html.erb (Duration: 4.5ms | Allocations: 2999)
Completed 200 OK in 7ms (Views: 4.8ms | ActiveRecord: 0.1ms | Allocations: 4154)


Started GET "/decks/new" for 127.0.0.1 at 2026-04-05 20:31:46 -0300
Processing by DecksController#new as HTML
  [1m[36mDeck Exists? (0.1ms)[0m  [1m[34mSELECT 1 AS one FROM "decks" LIMIT ?[0m  [["LIMIT", 1]]
  ↳ app/controllers/decks_controller.rb:13:in `new'
  Rendering layout layouts/application.html.erb
  Rendering decks/new.html.erb within layouts/application
  Rendered shared/_landing_header.html.erb (Duration: 2.1ms | Allocations: 1195)
  Rendered decks/_flashcard_item.html.erb (Duration: 0.4ms | Allocations: 325)
  Rendered decks/_flashcard_item.html.erb (Duration: 0.0ms | Allocations: 14)
  Rendered decks/new.html.erb within layouts/application (Duration: 5.3ms | Allocations: 3012)
  Rendered layout layouts/application.html.erb (Duration: 20.7ms | Allocations: 34342)
Completed 200 OK in 34ms (Views: 23.1ms | ActiveRecord: 1.8ms | Allocations: 45981)


Started GET "/decks/new" for 127.0.0.1 at 2026-04-05 20:31:58 -0300
Processing by DecksController#new as HTML
  [1m[36mDeck Exists? (0.2ms)[0m  [1m[34mSELECT 1 AS one FROM "decks" LIMIT ?[0m  [["LIMIT", 1]]
  ↳ app/controllers/decks_controller.rb:13:in `new'
  Rendering layout layouts/application.html.erb
  Rendering decks/new.html.erb within layouts/application
  Rendered shared/_landing_header.html.erb (Duration: 1.8ms | Allocations: 721)
  Rendered decks/_flashcard_item.html.erb (Duration: 0.0ms | Allocations: 22)
  Rendered decks/_flashcard_item.html.erb (Duration: 0.0ms | Allocations: 14)
  Rendered decks/new.html.erb within layouts/application (Duration: 2.5ms | Allocations: 1373)
  Rendered layout layouts/application.html.erb (Duration: 23.6ms | Allocations: 33722)
Completed 200 OK in 27ms (Views: 24.1ms | ActiveRecord: 0.2ms | Allocations: 35047)


Started GET "/decks/new" for 127.0.0.1 at 2026-04-05 20:32:23 -0300
Processing by DecksController#new as HTML
  [1m[36mDeck Exists? (0.1ms)[0m  [1m[34mSELECT 1 AS one FROM "decks" LIMIT ?[0m  [["LIMIT", 1]]
  ↳ app/controllers/decks_controller.rb:13:in `new'
  Rendering layout layouts/application.html.erb
  Rendering decks/new.html.erb within layouts/application
  Rendered shared/_landing_header.html.erb (Duration: 2.2ms | Allocations: 727)
  Rendered decks/_flashcard_item.html.erb (Duration: 0.0ms | Allocations: 22)
  Rendered decks/_flashcard_item.html.erb (Duration: 0.0ms | Allocations: 14)
  Rendered decks/new.html.erb within layouts/application (Duration: 3.3ms | Allocations: 1361)
  Rendered layout layouts/application.html.erb (Duration: 6.2ms | Allocations: 3006)
Completed 200 OK in 10ms (Views: 6.6ms | ActiveRecord: 0.1ms | Allocations: 4123)


Started GET "/decks/new" for 127.0.0.1 at 2026-04-05 20:33:49 -0300
Processing by DecksController#new as HTML
  [1m[36mDeck Exists? (0.1ms)[0m  [1m[34mSELECT 1 AS one FROM "decks" LIMIT ?[0m  [["LIMIT", 1]]
  ↳ app/controllers/decks_controller.rb:13:in `new'
  Rendering layout layouts/application.html.erb
  Rendering decks/new.html.erb within layouts/application
  Rendered shared/_landing_header.html.erb (Duration: 2.3ms | Allocations: 721)
  Rendered decks/_flashcard_item.html.erb (Duration: 0.0ms | Allocations: 22)
  Rendered decks/_flashcard_item.html.erb (Duration: 0.0ms | Allocations: 14)
  Rendered decks/new.html.erb within layouts/application (Duration: 3.6ms | Allocations: 1355)
  Rendered layout layouts/application.html.erb (Duration: 6.3ms | Allocations: 2995)
Completed 200 OK in 10ms (Views: 6.7ms | ActiveRecord: 0.1ms | Allocations: 4108)


Started GET "/decks/new" for 127.0.0.1 at 2026-04-05 20:33:59 -0300
Processing by DecksController#new as HTML
  [1m[36mDeck Exists? (0.1ms)[0m  [1m[34mSELECT 1 AS one FROM "decks" LIMIT ?[0m  [["LIMIT", 1]]
  ↳ app/controllers/decks_controller.rb:13:in `new'
  Rendering layout layouts/application.html.erb
  Rendering decks/new.html.erb within layouts/application
  Rendered shared/_landing_header.html.erb (Duration: 1.7ms | Allocations: 1195)
  Rendered decks/_flashcard_item.html.erb (Duration: 0.4ms | Allocations: 323)
  Rendered decks/_flashcard_item.html.erb (Duration: 0.0ms | Allocations: 14)
  Rendered decks/new.html.erb within layouts/application (Duration: 5.0ms | Allocations: 2988)
  Rendered layout layouts/application.html.erb (Duration: 22.9ms | Allocations: 34317)
Completed 200 OK in 36ms (Views: 25.2ms | ActiveRecord: 1.9ms | Allocations: 45949)


Started GET "/decks/new" for 127.0.0.1 at 2026-04-05 20:34:02 -0300
Processing by DecksController#new as HTML
  [1m[36mDeck Exists? (0.2ms)[0m  [1m[34mSELECT 1 AS one FROM "decks" LIMIT ?[0m  [["LIMIT", 1]]
  ↳ app/controllers/decks_controller.rb:13:in `new'
  Rendering layout layouts/application.html.erb
  Rendering decks/new.html.erb within layouts/application
  Rendered shared/_landing_header.html.erb (Duration: 1.6ms | Allocations: 728)
  Rendered decks/_flashcard_item.html.erb (Duration: 0.0ms | Allocations: 22)
  Rendered decks/_flashcard_item.html.erb (Duration: 0.0ms | Allocations: 14)
  Rendered decks/new.html.erb within layouts/application (Duration: 2.2ms | Allocations: 1347)
  Rendered layout layouts/application.html.erb (Duration: 4.1ms | Allocations: 2992)
Completed 200 OK in 12ms (Views: 8.6ms | ActiveRecord: 0.2ms | Allocations: 4314)


Started GET "/decks/new" for 127.0.0.1 at 2026-04-05 20:34:43 -0300
Processing by DecksController#new as HTML
  [1m[36mDeck Exists? (0.1ms)[0m  [1m[34mSELECT 1 AS one FROM "decks" LIMIT ?[0m  [["LIMIT", 1]]
  ↳ app/controllers/decks_controller.rb:13:in `new'
  Rendering layout layouts/application.html.erb
  Rendering decks/new.html.erb within layouts/application
  Rendered shared/_landing_header.html.erb (Duration: 2.1ms | Allocations: 721)
  Rendered decks/_flashcard_item.html.erb (Duration: 0.0ms | Allocations: 22)
  Rendered decks/_flashcard_item.html.erb (Duration: 0.0ms | Allocations: 14)
  Rendered decks/new.html.erb within layouts/application (Duration: 2.7ms | Allocations: 1364)
  Rendered layout layouts/application.html.erb (Duration: 32.8ms | Allocations: 35188)
Completed 200 OK in 35ms (Views: 33.1ms | ActiveRecord: 0.1ms | Allocations: 36308)


Started GET "/decks/new" for 127.0.0.1 at 2026-04-05 20:36:29 -0300
Processing by DecksController#new as HTML
  [1m[36mDeck Exists? (0.1ms)[0m  [1m[34mSELECT 1 AS one FROM "decks" LIMIT ?[0m  [["LIMIT", 1]]
  ↳ app/controllers/decks_controller.rb:13:in `new'
  Rendering layout layouts/application.html.erb
  Rendering decks/new.html.erb within layouts/application
  Rendered shared/_landing_header.html.erb (Duration: 1.4ms | Allocations: 1195)
  Rendered decks/_flashcard_item.html.erb (Duration: 0.3ms | Allocations: 323)
  Rendered decks/_flashcard_item.html.erb (Duration: 0.0ms | Allocations: 14)
  Rendered decks/new.html.erb within layouts/application (Duration: 3.3ms | Allocations: 3031)
  Rendered layout layouts/application.html.erb (Duration: 15.5ms | Allocations: 34474)
Completed 200 OK in 28ms (Views: 19.5ms | ActiveRecord: 1.5ms | Allocations: 46107)


Started GET "/decks/new" for 127.0.0.1 at 2026-04-05 20:36:40 -0300
Processing by DecksController#new as HTML
  [1m[36mDeck Exists? (0.2ms)[0m  [1m[34mSELECT 1 AS one FROM "decks" LIMIT ?[0m  [["LIMIT", 1]]
  ↳ app/controllers/decks_controller.rb:13:in `new'
  Rendering layout layouts/application.html.erb
  Rendering decks/new.html.erb within layouts/application
  Rendered shared/_landing_header.html.erb (Duration: 3.6ms | Allocations: 721)
  Rendered decks/_flashcard_item.html.erb (Duration: 0.1ms | Allocations: 22)
  Rendered decks/_flashcard_item.html.erb (Duration: 0.0ms | Allocations: 14)
  Rendered decks/new.html.erb within layouts/application (Duration: 5.9ms | Allocations: 1355)
  Rendered layout layouts/application.html.erb (Duration: 23.3ms | Allocations: 33676)
Completed 200 OK in 28ms (Views: 24.1ms | ActiveRecord: 0.2ms | Allocations: 35005)


Started GET "/decks/new" for 127.0.0.1 at 2026-04-05 20:38:42 -0300
Processing by DecksController#new as HTML
  [1m[36mDeck Exists? (0.1ms)[0m  [1m[34mSELECT 1 AS one FROM "decks" LIMIT ?[0m  [["LIMIT", 1]]
  ↳ app/controllers/decks_controller.rb:13:in `new'
  Rendering layout layouts/application.html.erb
  Rendering decks/new.html.erb within layouts/application
  Rendered shared/_landing_header.html.erb (Duration: 4.0ms | Allocations: 1195)
  Rendered decks/_flashcard_item.html.erb (Duration: 0.7ms | Allocations: 323)
  Rendered decks/_flashcard_item.html.erb (Duration: 0.0ms | Allocations: 14)
  Rendered decks/new.html.erb within layouts/application (Duration: 10.6ms | Allocations: 3018)
  Rendered layout layouts/application.html.erb (Duration: 31.5ms | Allocations: 34354)
Completed 200 OK in 70ms (Views: 36.6ms | ActiveRecord: 6.6ms | Allocations: 45989)


Started POST "/decks" for 127.0.0.1 at 2026-04-05 20:39:53 -0300
Processing by DecksController#create as TURBO_STREAM
  Parameters: {"authenticity_token"=>"[FILTERED]", "deck"=>{"title"=>"aaaaa", "description"=>"", "flashcards_attributes"=>{"0"=>{"position"=>"0", "term"=>"", "definition"=>""}}}, "commit_action"=>"create"}
  [1m[36mTRANSACTION (0.0ms)[0m  [1m[36mbegin transaction[0m
  ↳ app/controllers/decks_controller.rb:26:in `create'
  [1m[36mDeck Create (0.5ms)[0m  [1m[32mINSERT INTO "decks" ("title", "description", "created_at", "updated_at") VALUES (?, ?, ?, ?) RETURNING "id"[0m  [["title", "aaaaa"], ["description", ""], ["created_at", "2026-04-05 23:39:53.910904"], ["updated_at", "2026-04-05 23:39:53.910904"]]
  ↳ app/controllers/decks_controller.rb:26:in `create'
  [1m[36mTRANSACTION (0.3ms)[0m  [1m[36mcommit transaction[0m
  ↳ app/controllers/decks_controller.rb:26:in `create'
Redirected to http://127.0.0.1:3000/decks
Completed 302 Found in 8ms (ActiveRecord: 2.2ms | Allocations: 9426)


Started GET "/decks" for 127.0.0.1 at 2026-04-05 20:39:53 -0300
Processing by DecksController#index as TURBO_STREAM
  Rendering layout layouts/application.html.erb
  Rendering decks/index.html.erb within layouts/application
  Rendered shared/_landing_header.html.erb (Duration: 1.8ms | Allocations: 1183)
  [1m[36mDeck Exists? (0.1ms)[0m  [1m[34mSELECT 1 AS one FROM "decks" LIMIT ?[0m  [["LIMIT", 1]]
  ↳ app/views/decks/index.html.erb:10
  [1m[36mDeck Load (0.0ms)[0m  [1m[34mSELECT "decks".* FROM "decks" ORDER BY "decks"."updated_at" DESC[0m
  ↳ app/views/decks/index.html.erb:12
  [1m[36mFlashcard Load (0.1ms)[0m  [1m[34mSELECT "flashcards".* FROM "flashcards" WHERE "flashcards"."deck_id" IN (?, ?) ORDER BY "flashcards"."position" ASC, "flashcards"."id" ASC[0m  [["deck_id", 2], ["deck_id", 1]]
  ↳ app/views/decks/index.html.erb:12
  Rendered decks/index.html.erb within layouts/application (Duration: 6.4ms | Allocations: 7973)
  Rendered layout layouts/application.html.erb (Duration: 24.9ms | Allocations: 39554)
Completed 200 OK in 28ms (Views: 26.4ms | ActiveRecord: 0.2ms | Allocations: 40755)


Started GET "/decks/2/practice" for 127.0.0.1 at 2026-04-05 20:39:55 -0300
Processing by DecksController#practice as HTML
  Parameters: {"id"=>"2"}
  [1m[36mDeck Load (0.2ms)[0m  [1m[34mSELECT "decks".* FROM "decks" WHERE "decks"."id" = ? LIMIT ?[0m  [["id", 2], ["LIMIT", 1]]
  ↳ app/controllers/decks_controller.rb:19:in `practice'
  [1m[36mFlashcard Load (0.1ms)[0m  [1m[34mSELECT "flashcards".* FROM "flashcards" WHERE "flashcards"."deck_id" = ? ORDER BY "flashcards"."position" ASC, "flashcards"."id" ASC[0m  [["deck_id", 2]]
  ↳ app/controllers/decks_controller.rb:19:in `practice'
  Rendering layout layouts/application.html.erb
  Rendering decks/practice.html.erb within layouts/application
  Rendered shared/_landing_header.html.erb (Duration: 1.6ms | Allocations: 724)
  Rendered decks/practice.html.erb within layouts/application (Duration: 2.3ms | Allocations: 1074)
  Rendered layout layouts/application.html.erb (Duration: 4.1ms | Allocations: 2894)
Completed 200 OK in 9ms (Views: 4.3ms | ActiveRecord: 0.2ms | Allocations: 4924)


Started GET "/" for 127.0.0.1 at 2026-04-05 20:40:02 -0300
Processing by HomeController#index as HTML
  [1m[36mDeck Exists? (0.1ms)[0m  [1m[34mSELECT 1 AS one FROM "decks" LIMIT ?[0m  [["LIMIT", 1]]
  ↳ app/controllers/home_controller.rb:3:in `index'
  Rendering layout layouts/application.html.erb
  Rendering home/index.html.erb within layouts/application
  Rendered shared/_landing_header.html.erb (Duration: 1.3ms | Allocations: 853)
  Rendered shared/_flashcard_flip.html.erb (Duration: 0.4ms | Allocations: 429)
  Rendered home/index.html.erb within layouts/application (Duration: 2.8ms | Allocations: 1827)
  Rendered layout layouts/application.html.erb (Duration: 4.8ms | Allocations: 3753)
Completed 200 OK in 9ms (Views: 6.2ms | ActiveRecord: 0.1ms | Allocations: 4943)


Started GET "/decks/start" for 127.0.0.1 at 2026-04-05 20:40:03 -0300
Processing by DecksController#start as HTML
  [1m[36mDeck Exists? (0.3ms)[0m  [1m[34mSELECT 1 AS one FROM "decks" LIMIT ?[0m  [["LIMIT", 1]]
  ↳ app/controllers/decks_controller.rb:3:in `start'
Redirected to http://127.0.0.1:3000/decks
Completed 302 Found in 5ms (ActiveRecord: 0.3ms | Allocations: 704)


Started GET "/decks" for 127.0.0.1 at 2026-04-05 20:40:03 -0300
Processing by DecksController#index as HTML
  Rendering layout layouts/application.html.erb
  Rendering decks/index.html.erb within layouts/application
  Rendered shared/_landing_header.html.erb (Duration: 1.4ms | Allocations: 728)
  [1m[36mDeck Exists? (0.1ms)[0m  [1m[34mSELECT 1 AS one FROM "decks" LIMIT ?[0m  [["LIMIT", 1]]
  ↳ app/views/decks/index.html.erb:10
  [1m[36mDeck Load (0.0ms)[0m  [1m[34mSELECT "decks".* FROM "decks" ORDER BY "decks"."updated_at" DESC[0m
  ↳ app/views/decks/index.html.erb:12
  [1m[36mFlashcard Load (0.1ms)[0m  [1m[34mSELECT "flashcards".* FROM "flashcards" WHERE "flashcards"."deck_id" IN (?, ?) ORDER BY "flashcards"."position" ASC, "flashcards"."id" ASC[0m  [["deck_id", 2], ["deck_id", 1]]
  ↳ app/views/decks/index.html.erb:12
  Rendered decks/index.html.erb within layouts/application (Duration: 3.7ms | Allocations: 3242)
  Rendered layout layouts/application.html.erb (Duration: 5.6ms | Allocations: 5076)
Completed 200 OK in 7ms (Views: 5.8ms | ActiveRecord: 0.2ms | Allocations: 5389)


Started GET "/decks/start" for 127.0.0.1 at 2026-04-05 20:40:17 -0300
Processing by DecksController#start as HTML
  [1m[36mDeck Exists? (0.1ms)[0m  [1m[34mSELECT 1 AS one FROM "decks" LIMIT ?[0m  [["LIMIT", 1]]
  ↳ app/controllers/decks_controller.rb:3:in `start'
Redirected to http://127.0.0.1:3000/decks
Completed 302 Found in 3ms (ActiveRecord: 0.1ms | Allocations: 688)


Started GET "/decks" for 127.0.0.1 at 2026-04-05 20:40:17 -0300
Processing by DecksController#index as HTML
  Rendering layout layouts/application.html.erb
  Rendering decks/index.html.erb within layouts/application
  Rendered shared/_landing_header.html.erb (Duration: 1.4ms | Allocations: 721)
  [1m[36mDeck Exists? (0.1ms)[0m  [1m[34mSELECT 1 AS one FROM "decks" LIMIT ?[0m  [["LIMIT", 1]]
  ↳ app/views/decks/index.html.erb:10
  [1m[36mDeck Load (0.0ms)[0m  [1m[34mSELECT "decks".* FROM "decks" ORDER BY "decks"."updated_at" DESC[0m
  ↳ app/views/decks/index.html.erb:12
  [1m[36mFlashcard Load (0.1ms)[0m  [1m[34mSELECT "flashcards".* FROM "flashcards" WHERE "flashcards"."deck_id" IN (?, ?) ORDER BY "flashcards"."position" ASC, "flashcards"."id" ASC[0m  [["deck_id", 2], ["deck_id", 1]]
  ↳ app/views/decks/index.html.erb:12
  Rendered decks/index.html.erb within layouts/application (Duration: 3.6ms | Allocations: 3157)
  Rendered layout layouts/application.html.erb (Duration: 5.9ms | Allocations: 4986)
Completed 200 OK in 7ms (Views: 5.9ms | ActiveRecord: 0.2ms | Allocations: 5277)


Started GET "/decks/new" for 127.0.0.1 at 2026-04-05 20:40:23 -0300
Processing by DecksController#new as HTML
  [1m[36mDeck Exists? (0.1ms)[0m  [1m[34mSELECT 1 AS one FROM "decks" LIMIT ?[0m  [["LIMIT", 1]]
  ↳ app/controllers/decks_controller.rb:13:in `new'
  Rendering layout layouts/application.html.erb
  Rendering decks/new.html.erb within layouts/application
  Rendered shared/_landing_header.html.erb (Duration: 1.5ms | Allocations: 721)
  Rendered decks/_flashcard_item.html.erb (Duration: 0.4ms | Allocations: 321)
  Rendered decks/_flashcard_item.html.erb (Duration: 0.0ms | Allocations: 14)
  Rendered decks/new.html.erb within layouts/application (Duration: 4.2ms | Allocations: 2328)
  Rendered layout layouts/application.html.erb (Duration: 6.0ms | Allocations: 3968)
Completed 200 OK in 11ms (Views: 6.5ms | ActiveRecord: 0.1ms | Allocations: 5274)


Started GET "/decks/new" for 127.0.0.1 at 2026-04-05 20:40:24 -0300
Processing by DecksController#new as HTML
  [1m[36mDeck Exists? (0.2ms)[0m  [1m[34mSELECT 1 AS one FROM "decks" LIMIT ?[0m  [["LIMIT", 1]]
  ↳ app/controllers/decks_controller.rb:13:in `new'
  Rendering layout layouts/application.html.erb
  Rendering decks/new.html.erb within layouts/application
  Rendered shared/_landing_header.html.erb (Duration: 2.2ms | Allocations: 721)
  Rendered decks/_flashcard_item.html.erb (Duration: 0.0ms | Allocations: 22)
  Rendered decks/_flashcard_item.html.erb (Duration: 0.0ms | Allocations: 14)
  Rendered decks/new.html.erb within layouts/application (Duration: 3.1ms | Allocations: 1355)
  Rendered layout layouts/application.html.erb (Duration: 4.6ms | Allocations: 2995)
Completed 200 OK in 9ms (Views: 5.0ms | ActiveRecord: 0.2ms | Allocations: 4108)


Started GET "/decks/new" for 127.0.0.1 at 2026-04-05 20:40:31 -0300
Processing by DecksController#new as HTML
  [1m[36mDeck Exists? (0.1ms)[0m  [1m[34mSELECT 1 AS one FROM "decks" LIMIT ?[0m  [["LIMIT", 1]]
  ↳ app/controllers/decks_controller.rb:13:in `new'
  Rendering layout layouts/application.html.erb
  Rendering decks/new.html.erb within layouts/application
  Rendered shared/_landing_header.html.erb (Duration: 1.6ms | Allocations: 1188)
  Rendered decks/_flashcard_item.html.erb (Duration: 0.3ms | Allocations: 323)
  Rendered decks/_flashcard_item.html.erb (Duration: 0.0ms | Allocations: 14)
  Rendered decks/new.html.erb within layouts/application (Duration: 4.0ms | Allocations: 3030)
  Rendered layout layouts/application.html.erb (Duration: 21.8ms | Allocations: 34493)
Completed 200 OK in 36ms (Views: 23.5ms | ActiveRecord: 1.9ms | Allocations: 46215)


Started POST "/decks" for 127.0.0.1 at 2026-04-05 20:41:45 -0300
Processing by DecksController#create as TURBO_STREAM
  Parameters: {"authenticity_token"=>"[FILTERED]", "deck"=>{"title"=>"aaaa", "description"=>"", "flashcards_attributes"=>{"0"=>{"position"=>"0", "term"=>"", "definition"=>""}}}, "commit_action"=>"create"}
  [1m[36mDeck Exists? (0.1ms)[0m  [1m[34mSELECT 1 AS one FROM "decks" LIMIT ?[0m  [["LIMIT", 1]]
  ↳ app/controllers/decks_controller.rb:31:in `create'
  Rendering layout layouts/application.html.erb
  Rendering decks/new.html.erb within layouts/application
  Rendered shared/_landing_header.html.erb (Duration: 1.7ms | Allocations: 716)
  Rendered decks/_flashcard_item.html.erb (Duration: 0.0ms | Allocations: 22)
  Rendered decks/_flashcard_item.html.erb (Duration: 0.0ms | Allocations: 14)
  Rendered decks/new.html.erb within layouts/application (Duration: 2.1ms | Allocations: 1233)
  Rendered layout layouts/application.html.erb (Duration: 4.1ms | Allocations: 2870)
Completed 422 Unprocessable Content in 7ms (Views: 4.3ms | ActiveRecord: 0.1ms | Allocations: 5438)


Started GET "/decks/new" for 127.0.0.1 at 2026-04-05 20:43:09 -0300
Processing by DecksController#new as HTML
  [1m[36mDeck Exists? (0.1ms)[0m  [1m[34mSELECT 1 AS one FROM "decks" LIMIT ?[0m  [["LIMIT", 1]]
  ↳ app/controllers/decks_controller.rb:13:in `new'
  Rendering layout layouts/application.html.erb
  Rendering decks/new.html.erb within layouts/application
  Rendered shared/_landing_header.html.erb (Duration: 3.7ms | Allocations: 1195)
  Rendered decks/_flashcard_item.html.erb (Duration: 1.4ms | Allocations: 374)
  Rendered decks/_flashcard_item.html.erb (Duration: 0.1ms | Allocations: 14)
  Rendered decks/new.html.erb within layouts/application (Duration: 11.0ms | Allocations: 3060)
  Rendered layout layouts/application.html.erb (Duration: 46.6ms | Allocations: 34299)
Completed 200 OK in 78ms (Views: 51.0ms | ActiveRecord: 4.0ms | Allocations: 45908)


Started GET "/decks/new" for 127.0.0.1 at 2026-04-05 20:43:27 -0300
Processing by DecksController#new as HTML
  [1m[36mDeck Exists? (0.3ms)[0m  [1m[34mSELECT 1 AS one FROM "decks" LIMIT ?[0m  [["LIMIT", 1]]
  ↳ app/controllers/decks_controller.rb:13:in `new'
  Rendering layout layouts/application.html.erb
  Rendering decks/new.html.erb within layouts/application
  Rendered shared/_landing_header.html.erb (Duration: 1.6ms | Allocations: 1195)
  Rendered decks/_flashcard_item.html.erb (Duration: 2.8ms | Allocations: 374)
  Rendered decks/_flashcard_item.html.erb (Duration: 0.0ms | Allocations: 14)
  Rendered decks/new.html.erb within layouts/application (Duration: 10.2ms | Allocations: 3068)
  Rendered layout layouts/application.html.erb (Duration: 39.0ms | Allocations: 35826)
Completed 200 OK in 58ms (Views: 42.6ms | ActiveRecord: 2.7ms | Allocations: 47438)


Started GET "/decks" for 127.0.0.1 at 2026-04-05 20:43:41 -0300
Processing by DecksController#index as HTML
  Rendering layout layouts/application.html.erb
  Rendering decks/index.html.erb within layouts/application
  Rendered shared/_landing_header.html.erb (Duration: 4.0ms | Allocations: 728)
  [1m[36mDeck Exists? (0.6ms)[0m  [1m[34mSELECT 1 AS one FROM "decks" LIMIT ?[0m  [["LIMIT", 1]]
  ↳ app/views/decks/index.html.erb:10
  [1m[36mDeck Load (0.1ms)[0m  [1m[34mSELECT "decks".* FROM "decks" ORDER BY "decks"."updated_at" DESC[0m
  ↳ app/views/decks/index.html.erb:12
  [1m[36mFlashcard Load (0.3ms)[0m  [1m[34mSELECT "flashcards".* FROM "flashcards" WHERE "flashcards"."deck_id" IN (?, ?) ORDER BY "flashcards"."position" ASC, "flashcards"."id" ASC[0m  [["deck_id", 2], ["deck_id", 1]]
  ↳ app/views/decks/index.html.erb:12
  Rendered decks/index.html.erb within layouts/application (Duration: 14.0ms | Allocations: 3833)
  Rendered layout layouts/application.html.erb (Duration: 21.2ms | Allocations: 5664)
Completed 200 OK in 25ms (Views: 21.4ms | ActiveRecord: 1.0ms | Allocations: 6087)


Started GET "/decks/new" for 127.0.0.1 at 2026-04-05 20:43:42 -0300
Processing by DecksController#new as HTML
  [1m[36mDeck Exists? (0.1ms)[0m  [1m[34mSELECT 1 AS one FROM "decks" LIMIT ?[0m  [["LIMIT", 1]]
  ↳ app/controllers/decks_controller.rb:13:in `new'
  Rendering layout layouts/application.html.erb
  Rendering decks/new.html.erb within layouts/application
  Rendered shared/_landing_header.html.erb (Duration: 2.3ms | Allocations: 721)
  Rendered decks/_flashcard_item.html.erb (Duration: 0.0ms | Allocations: 26)
  Rendered decks/_flashcard_item.html.erb (Duration: 0.0ms | Allocations: 14)
  Rendered decks/new.html.erb within layouts/application (Duration: 3.5ms | Allocations: 1362)
  Rendered layout layouts/application.html.erb (Duration: 5.4ms | Allocations: 3002)
Completed 200 OK in 9ms (Views: 5.9ms | ActiveRecord: 0.1ms | Allocations: 4168)


Started GET "/decks/new" for 127.0.0.1 at 2026-04-05 20:43:43 -0300
Processing by DecksController#new as HTML
  [1m[36mDeck Exists? (0.1ms)[0m  [1m[34mSELECT 1 AS one FROM "decks" LIMIT ?[0m  [["LIMIT", 1]]
  ↳ app/controllers/decks_controller.rb:13:in `new'
  Rendering layout layouts/application.html.erb
  Rendering decks/new.html.erb within layouts/application
  Rendered shared/_landing_header.html.erb (Duration: 1.6ms | Allocations: 721)
  Rendered decks/_flashcard_item.html.erb (Duration: 0.0ms | Allocations: 26)
  Rendered decks/_flashcard_item.html.erb (Duration: 0.0ms | Allocations: 14)
  Rendered decks/new.html.erb within layouts/application (Duration: 2.3ms | Allocations: 1365)
  Rendered layout layouts/application.html.erb (Duration: 3.7ms | Allocations: 3005)
Completed 200 OK in 8ms (Views: 4.6ms | ActiveRecord: 0.1ms | Allocations: 4118)


Started GET "/decks/new" for 127.0.0.1 at 2026-04-05 20:43:54 -0300
Processing by DecksController#new as HTML
  [1m[36mDeck Exists? (0.1ms)[0m  [1m[34mSELECT 1 AS one FROM "decks" LIMIT ?[0m  [["LIMIT", 1]]
  ↳ app/controllers/decks_controller.rb:13:in `new'
  Rendering layout layouts/application.html.erb
  Rendering decks/new.html.erb within layouts/application
  Rendered shared/_landing_header.html.erb (Duration: 2.1ms | Allocations: 1195)
  Rendered decks/_flashcard_item.html.erb (Duration: 0.4ms | Allocations: 374)
  Rendered decks/_flashcard_item.html.erb (Duration: 0.0ms | Allocations: 14)
  Rendered decks/new.html.erb within layouts/application (Duration: 4.9ms | Allocations: 3067)
  Rendered layout layouts/application.html.erb (Duration: 18.2ms | Allocations: 34527)
Completed 200 OK in 30ms (Views: 20.1ms | ActiveRecord: 1.6ms | Allocations: 46140)


Started GET "/decks" for 127.0.0.1 at 2026-04-05 20:44:40 -0300
Processing by DecksController#index as HTML
  Rendering layout layouts/application.html.erb
  Rendering decks/index.html.erb within layouts/application
  Rendered shared/_landing_header.html.erb (Duration: 1.9ms | Allocations: 724)
  [1m[36mDeck Exists? (0.1ms)[0m  [1m[34mSELECT 1 AS one FROM "decks" LIMIT ?[0m  [["LIMIT", 1]]
  ↳ app/views/decks/index.html.erb:10
  [1m[36mDeck Load (0.0ms)[0m  [1m[34mSELECT "decks".* FROM "decks" ORDER BY "decks"."updated_at" DESC[0m
  ↳ app/views/decks/index.html.erb:12
  [1m[36mFlashcard Load (0.1ms)[0m  [1m[34mSELECT "flashcards".* FROM "flashcards" WHERE "flashcards"."deck_id" IN (?, ?) ORDER BY "flashcards"."position" ASC, "flashcards"."id" ASC[0m  [["deck_id", 2], ["deck_id", 1]]
  ↳ app/views/decks/index.html.erb:12
  Rendered decks/index.html.erb within layouts/application (Duration: 5.3ms | Allocations: 3829)
  Rendered layout layouts/application.html.erb (Duration: 7.2ms | Allocations: 5650)
Completed 200 OK in 10ms (Views: 7.4ms | ActiveRecord: 0.2ms | Allocations: 6073)


Started GET "/decks" for 127.0.0.1 at 2026-04-05 20:44:42 -0300
Processing by DecksController#index as HTML
  Rendering layout layouts/application.html.erb
  Rendering decks/index.html.erb within layouts/application
  Rendered shared/_landing_header.html.erb (Duration: 2.3ms | Allocations: 721)
  [1m[36mDeck Exists? (0.1ms)[0m  [1m[34mSELECT 1 AS one FROM "decks" LIMIT ?[0m  [["LIMIT", 1]]
  ↳ app/views/decks/index.html.erb:10
  [1m[36mDeck Load (0.1ms)[0m  [1m[34mSELECT "decks".* FROM "decks" ORDER BY "decks"."updated_at" DESC[0m
  ↳ app/views/decks/index.html.erb:12
  [1m[36mFlashcard Load (0.2ms)[0m  [1m[34mSELECT "flashcards".* FROM "flashcards" WHERE "flashcards"."deck_id" IN (?, ?) ORDER BY "flashcards"."position" ASC, "flashcards"."id" ASC[0m  [["deck_id", 2], ["deck_id", 1]]
  ↳ app/views/decks/index.html.erb:12
  Rendered decks/index.html.erb within layouts/application (Duration: 6.5ms | Allocations: 3163)
  Rendered layout layouts/application.html.erb (Duration: 9.1ms | Allocations: 4981)
Completed 200 OK in 11ms (Views: 9.2ms | ActiveRecord: 0.3ms | Allocations: 5272)


Started GET "/decks/2/practice" for 127.0.0.1 at 2026-04-05 20:44:43 -0300
Processing by DecksController#practice as HTML
  Parameters: {"id"=>"2"}
  [1m[36mDeck Load (0.1ms)[0m  [1m[34mSELECT "decks".* FROM "decks" WHERE "decks"."id" = ? LIMIT ?[0m  [["id", 2], ["LIMIT", 1]]
  ↳ app/controllers/decks_controller.rb:19:in `practice'
  [1m[36mFlashcard Load (0.1ms)[0m  [1m[34mSELECT "flashcards".* FROM "flashcards" WHERE "flashcards"."deck_id" = ? ORDER BY "flashcards"."position" ASC, "flashcards"."id" ASC[0m  [["deck_id", 2]]
  ↳ app/controllers/decks_controller.rb:19:in `practice'
  Rendering layout layouts/application.html.erb
  Rendering decks/practice.html.erb within layouts/application
  Rendered shared/_landing_header.html.erb (Duration: 1.2ms | Allocations: 724)
  Rendered decks/practice.html.erb within layouts/application (Duration: 2.2ms | Allocations: 1072)
  Rendered layout layouts/application.html.erb (Duration: 4.0ms | Allocations: 2893)
Completed 200 OK in 9ms (Views: 4.3ms | ActiveRecord: 0.2ms | Allocations: 4898)


Started GET "/decks/1/practice" for 127.0.0.1 at 2026-04-05 20:44:46 -0300
Processing by DecksController#practice as HTML
  Parameters: {"id"=>"1"}
  [1m[36mDeck Load (0.1ms)[0m  [1m[34mSELECT "decks".* FROM "decks" WHERE "decks"."id" = ? LIMIT ?[0m  [["id", 1], ["LIMIT", 1]]
  ↳ app/controllers/decks_controller.rb:19:in `practice'
  [1m[36mFlashcard Load (0.1ms)[0m  [1m[34mSELECT "flashcards".* FROM "flashcards" WHERE "flashcards"."deck_id" = ? ORDER BY "flashcards"."position" ASC, "flashcards"."id" ASC[0m  [["deck_id", 1]]
  ↳ app/controllers/decks_controller.rb:19:in `practice'
  Rendering layout layouts/application.html.erb
  Rendering decks/practice.html.erb within layouts/application
  Rendered shared/_landing_header.html.erb (Duration: 1.7ms | Allocations: 721)
  Rendered shared/_flashcard_flip.html.erb (Duration: 0.5ms | Allocations: 416)
  Rendered decks/practice.html.erb within layouts/application (Duration: 3.2ms | Allocations: 1412)
  Rendered layout layouts/application.html.erb (Duration: 5.2ms | Allocations: 3225)
Completed 200 OK in 9ms (Views: 5.4ms | ActiveRecord: 0.2ms | Allocations: 5143)


Started GET "/" for 127.0.0.1 at 2026-04-05 20:44:48 -0300
Processing by HomeController#index as HTML
  [1m[36mDeck Exists? (0.1ms)[0m  [1m[34mSELECT 1 AS one FROM "decks" LIMIT ?[0m  [["LIMIT", 1]]
  ↳ app/controllers/home_controller.rb:3:in `index'
  Rendering layout layouts/application.html.erb
  Rendering home/index.html.erb within layouts/application
  Rendered shared/_landing_header.html.erb (Duration: 1.2ms | Allocations: 1196)
  Rendered shared/_flashcard_flip.html.erb (Duration: 0.3ms | Allocations: 429)
  Rendered home/index.html.erb within layouts/application (Duration: 2.5ms | Allocations: 2240)
  Rendered layout layouts/application.html.erb (Duration: 14.9ms | Allocations: 34006)
Completed 200 OK in 21ms (Views: 16.1ms | ActiveRecord: 1.2ms | Allocations: 37872)


Started GET "/decks/start" for 127.0.0.1 at 2026-04-05 20:44:49 -0300
Processing by DecksController#start as HTML
  [1m[36mDeck Exists? (0.2ms)[0m  [1m[34mSELECT 1 AS one FROM "decks" LIMIT ?[0m  [["LIMIT", 1]]
  ↳ app/controllers/decks_controller.rb:3:in `start'
Redirected to http://127.0.0.1:3000/decks
Completed 302 Found in 2ms (ActiveRecord: 0.2ms | Allocations: 891)


Started GET "/decks" for 127.0.0.1 at 2026-04-05 20:44:49 -0300
Processing by DecksController#index as HTML
  Rendering layout layouts/application.html.erb
  Rendering decks/index.html.erb within layouts/application
  Rendered shared/_landing_header.html.erb (Duration: 2.6ms | Allocations: 839)
  [1m[36mDeck Exists? (0.2ms)[0m  [1m[34mSELECT 1 AS one FROM "decks" LIMIT ?[0m  [["LIMIT", 1]]
  ↳ app/views/decks/index.html.erb:10
  [1m[36mDeck Load (0.1ms)[0m  [1m[34mSELECT "decks".* FROM "decks" ORDER BY "decks"."updated_at" DESC[0m
  ↳ app/views/decks/index.html.erb:12
  [1m[36mFlashcard Load (0.1ms)[0m  [1m[34mSELECT "flashcards".* FROM "flashcards" WHERE "flashcards"."deck_id" IN (?, ?) ORDER BY "flashcards"."position" ASC, "flashcards"."id" ASC[0m  [["deck_id", 2], ["deck_id", 1]]
  ↳ app/views/decks/index.html.erb:12
  Rendered decks/index.html.erb within layouts/application (Duration: 19.6ms | Allocations: 11798)
  Rendered layout layouts/application.html.erb (Duration: 24.6ms | Allocations: 13851)
Completed 200 OK in 29ms (Views: 26.0ms | ActiveRecord: 0.9ms | Allocations: 14436)


Started GET "/decks/new" for 127.0.0.1 at 2026-04-05 20:44:50 -0300
Processing by DecksController#new as HTML
  [1m[36mDeck Exists? (0.1ms)[0m  [1m[34mSELECT 1 AS one FROM "decks" LIMIT ?[0m  [["LIMIT", 1]]
  ↳ app/controllers/decks_controller.rb:13:in `new'
  Rendering layout layouts/application.html.erb
  Rendering decks/new.html.erb within layouts/application
  Rendered shared/_landing_header.html.erb (Duration: 1.6ms | Allocations: 740)
  Rendered decks/_flashcard_item.html.erb (Duration: 0.5ms | Allocations: 372)
  Rendered decks/_flashcard_item.html.erb (Duration: 0.0ms | Allocations: 14)
  Rendered decks/new.html.erb within layouts/application (Duration: 4.2ms | Allocations: 2445)
  Rendered layout layouts/application.html.erb (Duration: 6.6ms | Allocations: 4088)
Completed 200 OK in 11ms (Views: 7.0ms | ActiveRecord: 0.1ms | Allocations: 5470)


Started GET "/decks/new" for 127.0.0.1 at 2026-04-05 20:44:54 -0300
Processing by DecksController#new as HTML
  [1m[36mDeck Exists? (0.1ms)[0m  [1m[34mSELECT 1 AS one FROM "decks" LIMIT ?[0m  [["LIMIT", 1]]
  ↳ app/controllers/decks_controller.rb:13:in `new'
  Rendering layout layouts/application.html.erb
  Rendering decks/new.html.erb within layouts/application
  Rendered shared/_landing_header.html.erb (Duration: 1.7ms | Allocations: 721)
  Rendered decks/_flashcard_item.html.erb (Duration: 0.0ms | Allocations: 26)
  Rendered decks/_flashcard_item.html.erb (Duration: 0.0ms | Allocations: 14)
  Rendered decks/new.html.erb within layouts/application (Duration: 2.3ms | Allocations: 1362)
  Rendered layout layouts/application.html.erb (Duration: 3.8ms | Allocations: 3002)
Completed 200 OK in 8ms (Views: 4.2ms | ActiveRecord: 0.1ms | Allocations: 4115)


Started GET "/decks/new" for 127.0.0.1 at 2026-04-05 20:46:02 -0300
Processing by DecksController#new as HTML
  [1m[36mDeck Exists? (0.2ms)[0m  [1m[34mSELECT 1 AS one FROM "decks" LIMIT ?[0m  [["LIMIT", 1]]
  ↳ app/controllers/decks_controller.rb:13:in `new'
  Rendering layout layouts/application.html.erb
  Rendering decks/new.html.erb within layouts/application
  Rendered shared/_landing_header.html.erb (Duration: 2.2ms | Allocations: 1195)
  Rendered decks/_flashcard_item.html.erb (Duration: 0.7ms | Allocations: 374)
  Rendered decks/_flashcard_item.html.erb (Duration: 0.0ms | Allocations: 14)
  Rendered decks/new.html.erb within layouts/application (Duration: 6.5ms | Allocations: 3093)
  Rendered layout layouts/application.html.erb (Duration: 26.3ms | Allocations: 34434)
Completed 200 OK in 51ms (Views: 29.8ms | ActiveRecord: 2.4ms | Allocations: 46055)


Started POST "/decks" for 127.0.0.1 at 2026-04-05 20:46:11 -0300
Processing by DecksController#create as TURBO_STREAM
  Parameters: {"authenticity_token"=>"[FILTERED]", "deck"=>{"title"=>"aaa", "description"=>"dddd", "flashcards_attributes"=>{"0"=>{"position"=>"0", "term"=>"fff", "definition"=>"gggg"}}}, "commit_action"=>"create"}
  [1m[36mTRANSACTION (0.1ms)[0m  [1m[36mbegin transaction[0m
  ↳ app/controllers/decks_controller.rb:26:in `create'
  [1m[36mDeck Create (1.0ms)[0m  [1m[32mINSERT INTO "decks" ("title", "description", "created_at", "updated_at") VALUES (?, ?, ?, ?) RETURNING "id"[0m  [["title", "aaa"], ["description", "dddd"], ["created_at", "2026-04-05 23:46:11.329511"], ["updated_at", "2026-04-05 23:46:11.329511"]]
  ↳ app/controllers/decks_controller.rb:26:in `create'
  [1m[36mFlashcard Create (0.2ms)[0m  [1m[32mINSERT INTO "flashcards" ("deck_id", "term", "definition", "position", "created_at", "updated_at") VALUES (?, ?, ?, ?, ?, ?) RETURNING "id"[0m  [["deck_id", 3], ["term", "fff"], ["definition", "gggg"], ["position", 0], ["created_at", "2026-04-05 23:46:11.331891"], ["updated_at", "2026-04-05 23:46:11.331891"]]
  ↳ app/controllers/decks_controller.rb:26:in `create'
  [1m[36mTRANSACTION (0.6ms)[0m  [1m[36mcommit transaction[0m
  ↳ app/controllers/decks_controller.rb:26:in `create'
Redirected to http://127.0.0.1:3000/decks/new
Completed 302 Found in 9ms (ActiveRecord: 1.8ms | Allocations: 4584)


Started GET "/decks/new" for 127.0.0.1 at 2026-04-05 20:46:11 -0300
Processing by DecksController#new as TURBO_STREAM
  [1m[36mDeck Exists? (0.1ms)[0m  [1m[34mSELECT 1 AS one FROM "decks" LIMIT ?[0m  [["LIMIT", 1]]
  ↳ app/controllers/decks_controller.rb:13:in `new'
  Rendering layout layouts/application.html.erb
  Rendering decks/new.html.erb within layouts/application
  Rendered shared/_landing_header.html.erb (Duration: 1.2ms | Allocations: 727)
  Rendered decks/_flashcard_item.html.erb (Duration: 0.0ms | Allocations: 26)
  Rendered decks/_flashcard_item.html.erb (Duration: 0.0ms | Allocations: 14)
  Rendered decks/new.html.erb within layouts/application (Duration: 1.8ms | Allocations: 1423)
  Rendered layout layouts/application.html.erb (Duration: 3.3ms | Allocations: 3068)
Completed 200 OK in 5ms (Views: 3.5ms | ActiveRecord: 0.1ms | Allocations: 4275)


Started GET "/decks" for 127.0.0.1 at 2026-04-05 20:48:08 -0300
Processing by DecksController#index as HTML
  Rendering layout layouts/application.html.erb
  Rendering decks/index.html.erb within layouts/application
  Rendered shared/_landing_header.html.erb (Duration: 3.3ms | Allocations: 721)
  [1m[36mDeck Exists? (0.1ms)[0m  [1m[34mSELECT 1 AS one FROM "decks" LIMIT ?[0m  [["LIMIT", 1]]
  ↳ app/views/decks/index.html.erb:10
  [1m[36mDeck Load (0.2ms)[0m  [1m[34mSELECT "decks".* FROM "decks" ORDER BY "decks"."updated_at" DESC[0m
  ↳ app/views/decks/index.html.erb:12
  [1m[36mFlashcard Load (0.3ms)[0m  [1m[34mSELECT "flashcards".* FROM "flashcards" WHERE "flashcards"."deck_id" IN (?, ?, ?) ORDER BY "flashcards"."position" ASC, "flashcards"."id" ASC[0m  [["deck_id", 3], ["deck_id", 2], ["deck_id", 1]]
  ↳ app/views/decks/index.html.erb:12
  Rendered decks/index.html.erb within layouts/application (Duration: 13.2ms | Allocations: 3794)
  Rendered layout layouts/application.html.erb (Duration: 18.6ms | Allocations: 5617)
Completed 200 OK in 24ms (Views: 18.9ms | ActiveRecord: 0.6ms | Allocations: 5996)


Started GET "/decks/3/practice" for 127.0.0.1 at 2026-04-05 20:48:10 -0300
Processing by DecksController#practice as HTML
  Parameters: {"id"=>"3"}
  [1m[36mDeck Load (0.2ms)[0m  [1m[34mSELECT "decks".* FROM "decks" WHERE "decks"."id" = ? LIMIT ?[0m  [["id", 3], ["LIMIT", 1]]
  ↳ app/controllers/decks_controller.rb:19:in `practice'
  [1m[36mFlashcard Load (0.1ms)[0m  [1m[34mSELECT "flashcards".* FROM "flashcards" WHERE "flashcards"."deck_id" = ? ORDER BY "flashcards"."position" ASC, "flashcards"."id" ASC[0m  [["deck_id", 3]]
  ↳ app/controllers/decks_controller.rb:19:in `practice'
  Rendering layout layouts/application.html.erb
  Rendering decks/practice.html.erb within layouts/application
  Rendered shared/_landing_header.html.erb (Duration: 1.0ms | Allocations: 728)
  Rendered shared/_flashcard_flip.html.erb (Duration: 0.5ms | Allocations: 413)
  Rendered decks/practice.html.erb within layouts/application (Duration: 2.4ms | Allocations: 1637)
  Rendered layout layouts/application.html.erb (Duration: 3.9ms | Allocations: 3446)
Completed 200 OK in 10ms (Views: 4.2ms | ActiveRecord: 0.3ms | Allocations: 5476)


Started GET "/" for 127.0.0.1 at 2026-04-05 20:48:13 -0300
Processing by HomeController#index as HTML
  [1m[36mDeck Exists? (0.1ms)[0m  [1m[34mSELECT 1 AS one FROM "decks" LIMIT ?[0m  [["LIMIT", 1]]
  ↳ app/controllers/home_controller.rb:3:in `index'
  Rendering layout layouts/application.html.erb
  Rendering home/index.html.erb within layouts/application
  Rendered shared/_landing_header.html.erb (Duration: 1.2ms | Allocations: 853)
  Rendered shared/_flashcard_flip.html.erb (Duration: 0.0ms | Allocations: 46)
  Rendered home/index.html.erb within layouts/application (Duration: 1.9ms | Allocations: 1374)
  Rendered layout layouts/application.html.erb (Duration: 3.9ms | Allocations: 3309)
Completed 200 OK in 6ms (Views: 4.7ms | ActiveRecord: 0.1ms | Allocations: 4493)


Started GET "/decks/start" for 127.0.0.1 at 2026-04-05 20:48:14 -0300
Processing by DecksController#start as HTML
  [1m[36mDeck Exists? (0.1ms)[0m  [1m[34mSELECT 1 AS one FROM "decks" LIMIT ?[0m  [["LIMIT", 1]]
  ↳ app/controllers/decks_controller.rb:3:in `start'
Redirected to http://127.0.0.1:3000/decks
Completed 302 Found in 3ms (ActiveRecord: 0.1ms | Allocations: 706)


Started GET "/decks" for 127.0.0.1 at 2026-04-05 20:48:14 -0300
Processing by DecksController#index as HTML
  Rendering layout layouts/application.html.erb
  Rendering decks/index.html.erb within layouts/application
  Rendered shared/_landing_header.html.erb (Duration: 1.5ms | Allocations: 721)
  [1m[36mDeck Exists? (0.1ms)[0m  [1m[34mSELECT 1 AS one FROM "decks" LIMIT ?[0m  [["LIMIT", 1]]
  ↳ app/views/decks/index.html.erb:10
  [1m[36mDeck Load (0.0ms)[0m  [1m[34mSELECT "decks".* FROM "decks" ORDER BY "decks"."updated_at" DESC[0m
  ↳ app/views/decks/index.html.erb:12
  [1m[36mFlashcard Load (0.1ms)[0m  [1m[34mSELECT "flashcards".* FROM "flashcards" WHERE "flashcards"."deck_id" IN (?, ?, ?) ORDER BY "flashcards"."position" ASC, "flashcards"."id" ASC[0m  [["deck_id", 3], ["deck_id", 2], ["deck_id", 1]]
  ↳ app/views/decks/index.html.erb:12
  Rendered decks/index.html.erb within layouts/application (Duration: 3.6ms | Allocations: 3323)
  Rendered layout layouts/application.html.erb (Duration: 5.3ms | Allocations: 5140)
Completed 200 OK in 7ms (Views: 5.4ms | ActiveRecord: 0.2ms | Allocations: 5452)


Started GET "/decks/new" for 127.0.0.1 at 2026-04-05 20:48:16 -0300
Processing by DecksController#new as HTML
  [1m[36mDeck Exists? (0.1ms)[0m  [1m[34mSELECT 1 AS one FROM "decks" LIMIT ?[0m  [["LIMIT", 1]]
  ↳ app/controllers/decks_controller.rb:13:in `new'
  Rendering layout layouts/application.html.erb
  Rendering decks/new.html.erb within layouts/application
  Rendered shared/_landing_header.html.erb (Duration: 2.4ms | Allocations: 728)
  Rendered decks/_flashcard_item.html.erb (Duration: 0.0ms | Allocations: 26)
  Rendered decks/_flashcard_item.html.erb (Duration: 0.0ms | Allocations: 14)
  Rendered decks/new.html.erb within layouts/application (Duration: 3.2ms | Allocations: 1396)
  Rendered layout layouts/application.html.erb (Duration: 5.4ms | Allocations: 3041)
Completed 200 OK in 9ms (Views: 5.8ms | ActiveRecord: 0.1ms | Allocations: 4213)


Started GET "/decks/new" for 127.0.0.1 at 2026-04-05 20:48:35 -0300
Processing by DecksController#new as HTML
  [1m[36mDeck Exists? (0.0ms)[0m  [1m[34mSELECT 1 AS one FROM "decks" LIMIT ?[0m  [["LIMIT", 1]]
  ↳ app/controllers/decks_controller.rb:13:in `new'
  [1m[36mDeck Maximum (0.0ms)[0m  [1m[34mSELECT MAX("decks"."created_at") FROM "decks"[0m
  ↳ app/controllers/decks_controller.rb:14:in `new'
  Rendering layout layouts/application.html.erb
  Rendering decks/new.html.erb within layouts/application
  Rendered shared/_landing_header.html.erb (Duration: 4.5ms | Allocations: 1195)
  Rendered decks/_flashcard_item.html.erb (Duration: 3.8ms | Allocations: 373)
  Rendered decks/_flashcard_item.html.erb (Duration: 0.0ms | Allocations: 14)
  Rendered decks/new.html.erb within layouts/application (Duration: 13.5ms | Allocations: 3145)
  Rendered layout layouts/application.html.erb (Duration: 51.5ms | Allocations: 34506)
Completed 200 OK in 62ms (Views: 53.4ms | ActiveRecord: 1.3ms | Allocations: 46819)


Started GET "/decks/new" for 127.0.0.1 at 2026-04-05 20:48:38 -0300
Processing by DecksController#new as HTML
  [1m[36mDeck Exists? (0.2ms)[0m  [1m[34mSELECT 1 AS one FROM "decks" LIMIT ?[0m  [["LIMIT", 1]]
  ↳ app/controllers/decks_controller.rb:13:in `new'
  [1m[36mDeck Maximum (0.1ms)[0m  [1m[34mSELECT MAX("decks"."created_at") FROM "decks"[0m
  ↳ app/controllers/decks_controller.rb:14:in `new'
  Rendering layout layouts/application.html.erb
  Rendering decks/new.html.erb within layouts/application
  Rendered shared/_landing_header.html.erb (Duration: 2.2ms | Allocations: 724)
  Rendered decks/_flashcard_item.html.erb (Duration: 0.0ms | Allocations: 26)
  Rendered decks/_flashcard_item.html.erb (Duration: 0.0ms | Allocations: 14)
  Rendered decks/new.html.erb within layouts/application (Duration: 3.5ms | Allocations: 1390)
  Rendered layout layouts/application.html.erb (Duration: 5.9ms | Allocations: 3031)
Completed 200 OK in 11ms (Views: 6.3ms | ActiveRecord: 0.2ms | Allocations: 4940)


Started GET "/decks/new" for 127.0.0.1 at 2026-04-05 20:49:13 -0300
Processing by DecksController#new as HTML
  [1m[36mDeck Exists? (0.1ms)[0m  [1m[34mSELECT 1 AS one FROM "decks" LIMIT ?[0m  [["LIMIT", 1]]
  ↳ app/controllers/decks_controller.rb:13:in `new'
  [1m[36mDeck Maximum (0.0ms)[0m  [1m[34mSELECT MAX("decks"."created_at") FROM "decks"[0m
  ↳ app/controllers/decks_controller.rb:14:in `new'
  Rendering layout layouts/application.html.erb
  Rendering decks/new.html.erb within layouts/application
  Rendered shared/_landing_header.html.erb (Duration: 1.4ms | Allocations: 721)
  Rendered decks/_flashcard_item.html.erb (Duration: 0.0ms | Allocations: 26)
  Rendered decks/_flashcard_item.html.erb (Duration: 0.0ms | Allocations: 14)
  Rendered decks/new.html.erb within layouts/application (Duration: 2.1ms | Allocations: 1360)
  Rendered layout layouts/application.html.erb (Duration: 36.5ms | Allocations: 60169)
Completed 200 OK in 40ms (Views: 36.7ms | ActiveRecord: 0.2ms | Allocations: 61846)


Started GET "/decks/new" for 127.0.0.1 at 2026-04-05 20:49:14 -0300
Processing by DecksController#new as HTML
  [1m[36mDeck Exists? (0.1ms)[0m  [1m[34mSELECT 1 AS one FROM "decks" LIMIT ?[0m  [["LIMIT", 1]]
  ↳ app/controllers/decks_controller.rb:13:in `new'
  [1m[36mDeck Maximum (0.1ms)[0m  [1m[34mSELECT MAX("decks"."created_at") FROM "decks"[0m
  ↳ app/controllers/decks_controller.rb:14:in `new'
  Rendering layout layouts/application.html.erb
  Rendering decks/new.html.erb within layouts/application
  Rendered shared/_landing_header.html.erb (Duration: 1.8ms | Allocations: 724)
  Rendered decks/_flashcard_item.html.erb (Duration: 0.0ms | Allocations: 26)
  Rendered decks/_flashcard_item.html.erb (Duration: 0.0ms | Allocations: 14)
  Rendered decks/new.html.erb within layouts/application (Duration: 2.6ms | Allocations: 1375)
  Rendered layout layouts/application.html.erb (Duration: 4.0ms | Allocations: 3040)
Completed 200 OK in 10ms (Views: 4.5ms | ActiveRecord: 0.2ms | Allocations: 4718)


Started GET "/decks/new" for 127.0.0.1 at 2026-04-05 20:50:10 -0300
Processing by DecksController#new as HTML
  [1m[36mDeck Exists? (0.2ms)[0m  [1m[34mSELECT 1 AS one FROM "decks" LIMIT ?[0m  [["LIMIT", 1]]
  ↳ app/controllers/decks_controller.rb:13:in `new'
  [1m[36mDeck Maximum (0.1ms)[0m  [1m[34mSELECT MAX("decks"."created_at") FROM "decks"[0m
  ↳ app/controllers/decks_controller.rb:14:in `new'
  Rendering layout layouts/application.html.erb
  Rendering decks/new.html.erb within layouts/application
  Rendered shared/_landing_header.html.erb (Duration: 1.5ms | Allocations: 1195)
  Rendered decks/_flashcard_item.html.erb (Duration: 0.4ms | Allocations: 373)
  Rendered decks/_flashcard_item.html.erb (Duration: 0.0ms | Allocations: 14)
  Rendered decks/new.html.erb within layouts/application (Duration: 4.4ms | Allocations: 3135)
  Rendered layout layouts/application.html.erb (Duration: 19.1ms | Allocations: 38171)
Completed 200 OK in 49ms (Views: 20.7ms | ActiveRecord: 5.0ms | Allocations: 50444)


Started GET "/decks/new" for 127.0.0.1 at 2026-04-05 20:50:11 -0300
Processing by DecksController#new as HTML
  [1m[36mDeck Exists? (0.1ms)[0m  [1m[34mSELECT 1 AS one FROM "decks" LIMIT ?[0m  [["LIMIT", 1]]
  ↳ app/controllers/decks_controller.rb:13:in `new'
  [1m[36mDeck Maximum (0.0ms)[0m  [1m[34mSELECT MAX("decks"."created_at") FROM "decks"[0m
  ↳ app/controllers/decks_controller.rb:14:in `new'
  Rendering layout layouts/application.html.erb
  Rendering decks/new.html.erb within layouts/application
  Rendered shared/_landing_header.html.erb (Duration: 1.9ms | Allocations: 724)
  Rendered decks/_flashcard_item.html.erb (Duration: 0.0ms | Allocations: 26)
  Rendered decks/_flashcard_item.html.erb (Duration: 0.0ms | Allocations: 14)
  Rendered decks/new.html.erb within layouts/application (Duration: 2.9ms | Allocations: 1372)
  Rendered layout layouts/application.html.erb (Duration: 21.6ms | Allocations: 37283)
Completed 200 OK in 25ms (Views: 22.0ms | ActiveRecord: 0.2ms | Allocations: 39193)


Started GET "/decks" for 127.0.0.1 at 2026-04-05 20:50:25 -0300
Processing by DecksController#index as HTML
  Rendering layout layouts/application.html.erb
  Rendering decks/index.html.erb within layouts/application
  Rendered shared/_landing_header.html.erb (Duration: 2.7ms | Allocations: 724)
  [1m[36mDeck Exists? (0.1ms)[0m  [1m[34mSELECT 1 AS one FROM "decks" LIMIT ?[0m  [["LIMIT", 1]]
  ↳ app/views/decks/index.html.erb:10
  [1m[36mDeck Load (0.1ms)[0m  [1m[34mSELECT "decks".* FROM "decks" ORDER BY "decks"."updated_at" DESC[0m
  ↳ app/views/decks/index.html.erb:12
  [1m[36mFlashcard Load (0.1ms)[0m  [1m[34mSELECT "flashcards".* FROM "flashcards" WHERE "flashcards"."deck_id" IN (?, ?, ?) ORDER BY "flashcards"."position" ASC, "flashcards"."id" ASC[0m  [["deck_id", 3], ["deck_id", 2], ["deck_id", 1]]
  ↳ app/views/decks/index.html.erb:12
  Rendered decks/index.html.erb within layouts/application (Duration: 7.2ms | Allocations: 3800)
  Rendered layout layouts/application.html.erb (Duration: 9.7ms | Allocations: 5642)
Completed 200 OK in 13ms (Views: 10.0ms | ActiveRecord: 0.3ms | Allocations: 6021)


Started GET "/decks/2/practice" for 127.0.0.1 at 2026-04-05 20:50:28 -0300
Processing by DecksController#practice as HTML
  Parameters: {"id"=>"2"}
  [1m[36mDeck Load (0.2ms)[0m  [1m[34mSELECT "decks".* FROM "decks" WHERE "decks"."id" = ? LIMIT ?[0m  [["id", 2], ["LIMIT", 1]]
  ↳ app/controllers/decks_controller.rb:20:in `practice'
  [1m[36mFlashcard Load (0.1ms)[0m  [1m[34mSELECT "flashcards".* FROM "flashcards" WHERE "flashcards"."deck_id" = ? ORDER BY "flashcards"."position" ASC, "flashcards"."id" ASC[0m  [["deck_id", 2]]
  ↳ app/controllers/decks_controller.rb:20:in `practice'
  Rendering layout layouts/application.html.erb
  Rendering decks/practice.html.erb within layouts/application
  Rendered shared/_landing_header.html.erb (Duration: 1.7ms | Allocations: 721)
  Rendered decks/practice.html.erb within layouts/application (Duration: 2.6ms | Allocations: 1068)
  Rendered layout layouts/application.html.erb (Duration: 4.5ms | Allocations: 2896)
Completed 200 OK in 10ms (Views: 4.9ms | ActiveRecord: 0.3ms | Allocations: 4899)


Started GET "/" for 127.0.0.1 at 2026-04-05 20:50:45 -0300
Processing by HomeController#index as HTML
  [1m[36mDeck Exists? (0.1ms)[0m  [1m[34mSELECT 1 AS one FROM "decks" LIMIT ?[0m  [["LIMIT", 1]]
  ↳ app/controllers/home_controller.rb:3:in `index'
  Rendering layout layouts/application.html.erb
  Rendering home/index.html.erb within layouts/application
  Rendered shared/_landing_header.html.erb (Duration: 1.3ms | Allocations: 860)
  Rendered shared/_flashcard_flip.html.erb (Duration: 0.5ms | Allocations: 429)
  Rendered home/index.html.erb within layouts/application (Duration: 2.9ms | Allocations: 1836)
  Rendered layout layouts/application.html.erb (Duration: 4.8ms | Allocations: 3818)
Completed 200 OK in 8ms (Views: 6.0ms | ActiveRecord: 0.1ms | Allocations: 5007)


Started GET "/decks/start" for 127.0.0.1 at 2026-04-05 20:50:46 -0300
Processing by DecksController#start as HTML
  [1m[36mDeck Exists? (0.1ms)[0m  [1m[34mSELECT 1 AS one FROM "decks" LIMIT ?[0m  [["LIMIT", 1]]
  ↳ app/controllers/decks_controller.rb:3:in `start'
Redirected to http://127.0.0.1:3000/decks
Completed 302 Found in 2ms (ActiveRecord: 0.1ms | Allocations: 723)


Started GET "/decks" for 127.0.0.1 at 2026-04-05 20:50:46 -0300
Processing by DecksController#index as HTML
  Rendering layout layouts/application.html.erb
  Rendering decks/index.html.erb within layouts/application
  Rendered shared/_landing_header.html.erb (Duration: 1.4ms | Allocations: 721)
  [1m[36mDeck Exists? (0.2ms)[0m  [1m[34mSELECT 1 AS one FROM "decks" LIMIT ?[0m  [["LIMIT", 1]]
  ↳ app/views/decks/index.html.erb:10
  [1m[36mDeck Load (0.0ms)[0m  [1m[34mSELECT "decks".* FROM "decks" ORDER BY "decks"."updated_at" DESC[0m
  ↳ app/views/decks/index.html.erb:12
  [1m[36mFlashcard Load (0.1ms)[0m  [1m[34mSELECT "flashcards".* FROM "flashcards" WHERE "flashcards"."deck_id" IN (?, ?, ?) ORDER BY "flashcards"."position" ASC, "flashcards"."id" ASC[0m  [["deck_id", 3], ["deck_id", 2], ["deck_id", 1]]
  ↳ app/views/decks/index.html.erb:12
  Rendered decks/index.html.erb within layouts/application (Duration: 4.0ms | Allocations: 3323)
  Rendered layout layouts/application.html.erb (Duration: 6.4ms | Allocations: 5167)
Completed 200 OK in 8ms (Views: 6.4ms | ActiveRecord: 0.3ms | Allocations: 5482)


Started GET "/decks/new" for 127.0.0.1 at 2026-04-05 20:50:48 -0300
Processing by DecksController#new as HTML
  [1m[36mDeck Exists? (0.1ms)[0m  [1m[34mSELECT 1 AS one FROM "decks" LIMIT ?[0m  [["LIMIT", 1]]
  ↳ app/controllers/decks_controller.rb:13:in `new'
  [1m[36mDeck Maximum (0.1ms)[0m  [1m[34mSELECT MAX("decks"."created_at") FROM "decks"[0m
  ↳ app/controllers/decks_controller.rb:14:in `new'
  Rendering layout layouts/application.html.erb
  Rendering decks/new.html.erb within layouts/application
  Rendered shared/_landing_header.html.erb (Duration: 1.8ms | Allocations: 721)
  Rendered decks/_flashcard_item.html.erb (Duration: 0.0ms | Allocations: 26)
  Rendered decks/_flashcard_item.html.erb (Duration: 0.0ms | Allocations: 14)
  Rendered decks/new.html.erb within layouts/application (Duration: 3.2ms | Allocations: 1400)
  Rendered layout layouts/application.html.erb (Duration: 5.4ms | Allocations: 3068)
Completed 200 OK in 10ms (Views: 5.9ms | ActiveRecord: 0.2ms | Allocations: 4825)


Started GET "/decks" for 127.0.0.1 at 2026-04-05 20:50:59 -0300
Processing by DecksController#index as HTML
  Rendering layout layouts/application.html.erb
  Rendering decks/index.html.erb within layouts/application
  Rendered shared/_landing_header.html.erb (Duration: 2.1ms | Allocations: 724)
  [1m[36mDeck Exists? (0.1ms)[0m  [1m[34mSELECT 1 AS one FROM "decks" LIMIT ?[0m  [["LIMIT", 1]]
  ↳ app/views/decks/index.html.erb:10
  [1m[36mDeck Load (0.0ms)[0m  [1m[34mSELECT "decks".* FROM "decks" ORDER BY "decks"."updated_at" DESC[0m
  ↳ app/views/decks/index.html.erb:12
  [1m[36mFlashcard Load (0.1ms)[0m  [1m[34mSELECT "flashcards".* FROM "flashcards" WHERE "flashcards"."deck_id" IN (?, ?, ?) ORDER BY "flashcards"."position" ASC, "flashcards"."id" ASC[0m  [["deck_id", 3], ["deck_id", 2], ["deck_id", 1]]
  ↳ app/views/decks/index.html.erb:12
  Rendered decks/index.html.erb within layouts/application (Duration: 4.6ms | Allocations: 3248)
  Rendered layout layouts/application.html.erb (Duration: 7.0ms | Allocations: 5085)
Completed 200 OK in 9ms (Views: 7.2ms | ActiveRecord: 0.2ms | Allocations: 5379)


Started GET "/decks/1/practice" for 127.0.0.1 at 2026-04-05 20:51:00 -0300
Processing by DecksController#practice as HTML
  Parameters: {"id"=>"1"}
  [1m[36mDeck Load (0.1ms)[0m  [1m[34mSELECT "decks".* FROM "decks" WHERE "decks"."id" = ? LIMIT ?[0m  [["id", 1], ["LIMIT", 1]]
  ↳ app/controllers/decks_controller.rb:20:in `practice'
  [1m[36mFlashcard Load (0.1ms)[0m  [1m[34mSELECT "flashcards".* FROM "flashcards" WHERE "flashcards"."deck_id" = ? ORDER BY "flashcards"."position" ASC, "flashcards"."id" ASC[0m  [["deck_id", 1]]
  ↳ app/controllers/decks_controller.rb:20:in `practice'
  Rendering layout layouts/application.html.erb
  Rendering decks/practice.html.erb within layouts/application
  Rendered shared/_landing_header.html.erb (Duration: 1.3ms | Allocations: 721)
  Rendered shared/_flashcard_flip.html.erb (Duration: 0.0ms | Allocations: 30)
  Rendered decks/practice.html.erb within layouts/application (Duration: 1.6ms | Allocations: 955)
  Rendered layout layouts/application.html.erb (Duration: 3.2ms | Allocations: 2799)
Completed 200 OK in 8ms (Views: 3.4ms | ActiveRecord: 0.2ms | Allocations: 4725)


Started GET "/decks/2/practice" for 127.0.0.1 at 2026-04-05 20:51:00 -0300
Processing by DecksController#practice as HTML
  Parameters: {"id"=>"2"}
  [1m[36mDeck Load (0.1ms)[0m  [1m[34mSELECT "decks".* FROM "decks" WHERE "decks"."id" = ? LIMIT ?[0m  [["id", 2], ["LIMIT", 1]]
  ↳ app/controllers/decks_controller.rb:20:in `practice'
  [1m[36mFlashcard Load (0.0ms)[0m  [1m[34mSELECT "flashcards".* FROM "flashcards" WHERE "flashcards"."deck_id" = ? ORDER BY "flashcards"."position" ASC, "flashcards"."id" ASC[0m  [["deck_id", 2]]
  ↳ app/controllers/decks_controller.rb:20:in `practice'
  Rendering layout layouts/application.html.erb
  Rendering decks/practice.html.erb within layouts/application
  Rendered shared/_landing_header.html.erb (Duration: 3.0ms | Allocations: 724)
  Rendered decks/practice.html.erb within layouts/application (Duration: 3.7ms | Allocations: 849)
  Rendered layout layouts/application.html.erb (Duration: 10.2ms | Allocations: 2689)
Completed 200 OK in 14ms (Views: 10.8ms | ActiveRecord: 0.1ms | Allocations: 4560)


Started GET "/decks/new" for 127.0.0.1 at 2026-04-05 20:51:08 -0300
Processing by DecksController#new as HTML
  [1m[36mDeck Exists? (0.1ms)[0m  [1m[34mSELECT 1 AS one FROM "decks" LIMIT ?[0m  [["LIMIT", 1]]
  ↳ app/controllers/decks_controller.rb:13:in `new'
  [1m[36mDeck Maximum (0.2ms)[0m  [1m[34mSELECT MAX("decks"."created_at") FROM "decks"[0m
  ↳ app/controllers/decks_controller.rb:14:in `new'
  Rendering layout layouts/application.html.erb
  Rendering decks/new.html.erb within layouts/application
  Rendered shared/_landing_header.html.erb (Duration: 2.3ms | Allocations: 721)
  Rendered decks/_flashcard_item.html.erb (Duration: 0.0ms | Allocations: 26)
  Rendered decks/_flashcard_item.html.erb (Duration: 0.0ms | Allocations: 14)
  Rendered decks/new.html.erb within layouts/application (Duration: 3.1ms | Allocations: 1375)
  Rendered layout layouts/application.html.erb (Duration: 5.0ms | Allocations: 3043)
Completed 200 OK in 11ms (Views: 5.7ms | ActiveRecord: 0.4ms | Allocations: 4721)


Started GET "/decks" for 127.0.0.1 at 2026-04-05 20:51:14 -0300
Processing by DecksController#index as HTML
  Rendering layout layouts/application.html.erb
  Rendering decks/index.html.erb within layouts/application
  Rendered shared/_landing_header.html.erb (Duration: 2.1ms | Allocations: 721)
  [1m[36mDeck Exists? (0.1ms)[0m  [1m[34mSELECT 1 AS one FROM "decks" LIMIT ?[0m  [["LIMIT", 1]]
  ↳ app/views/decks/index.html.erb:10
  [1m[36mDeck Load (0.1ms)[0m  [1m[34mSELECT "decks".* FROM "decks" ORDER BY "decks"."updated_at" DESC[0m
  ↳ app/views/decks/index.html.erb:12
  [1m[36mFlashcard Load (0.1ms)[0m  [1m[34mSELECT "flashcards".* FROM "flashcards" WHERE "flashcards"."deck_id" IN (?, ?, ?) ORDER BY "flashcards"."position" ASC, "flashcards"."id" ASC[0m  [["deck_id", 3], ["deck_id", 2], ["deck_id", 1]]
  ↳ app/views/decks/index.html.erb:12
  Rendered decks/index.html.erb within layouts/application (Duration: 5.1ms | Allocations: 3245)
  Rendered layout layouts/application.html.erb (Duration: 7.3ms | Allocations: 5086)
Completed 200 OK in 9ms (Views: 7.4ms | ActiveRecord: 0.2ms | Allocations: 5380)


Started GET "/decks/1/practice" for 127.0.0.1 at 2026-04-05 20:51:15 -0300
Processing by DecksController#practice as HTML
  Parameters: {"id"=>"1"}
  [1m[36mDeck Load (0.1ms)[0m  [1m[34mSELECT "decks".* FROM "decks" WHERE "decks"."id" = ? LIMIT ?[0m  [["id", 1], ["LIMIT", 1]]
  ↳ app/controllers/decks_controller.rb:20:in `practice'
  [1m[36mFlashcard Load (0.1ms)[0m  [1m[34mSELECT "flashcards".* FROM "flashcards" WHERE "flashcards"."deck_id" = ? ORDER BY "flashcards"."position" ASC, "flashcards"."id" ASC[0m  [["deck_id", 1]]
  ↳ app/controllers/decks_controller.rb:20:in `practice'
  Rendering layout layouts/application.html.erb
  Rendering decks/practice.html.erb within layouts/application
  Rendered shared/_landing_header.html.erb (Duration: 1.8ms | Allocations: 721)
  Rendered shared/_flashcard_flip.html.erb (Duration: 0.1ms | Allocations: 30)
  Rendered decks/practice.html.erb within layouts/application (Duration: 2.3ms | Allocations: 947)
  Rendered layout layouts/application.html.erb (Duration: 4.7ms | Allocations: 2805)
Completed 200 OK in 9ms (Views: 5.0ms | ActiveRecord: 0.2ms | Allocations: 4727)


Started GET "/decks/new" for 127.0.0.1 at 2026-04-05 20:51:23 -0300
Processing by DecksController#new as HTML
  [1m[36mDeck Exists? (0.1ms)[0m  [1m[34mSELECT 1 AS one FROM "decks" LIMIT ?[0m  [["LIMIT", 1]]
  ↳ app/controllers/decks_controller.rb:13:in `new'
  [1m[36mDeck Maximum (0.1ms)[0m  [1m[34mSELECT MAX("decks"."created_at") FROM "decks"[0m
  ↳ app/controllers/decks_controller.rb:14:in `new'
  Rendering layout layouts/application.html.erb
  Rendering decks/new.html.erb within layouts/application
  Rendered shared/_landing_header.html.erb (Duration: 2.1ms | Allocations: 724)
  Rendered decks/_flashcard_item.html.erb (Duration: 0.0ms | Allocations: 26)
  Rendered decks/_flashcard_item.html.erb (Duration: 0.0ms | Allocations: 14)
  Rendered decks/new.html.erb within layouts/application (Duration: 3.1ms | Allocations: 1375)
  Rendered layout layouts/application.html.erb (Duration: 5.5ms | Allocations: 3040)
Completed 200 OK in 10ms (Views: 6.0ms | ActiveRecord: 0.2ms | Allocations: 4719)


Started GET "/decks" for 127.0.0.1 at 2026-04-05 20:51:33 -0300
Processing by DecksController#index as HTML
  Rendering layout layouts/application.html.erb
  Rendering decks/index.html.erb within layouts/application
  Rendered shared/_landing_header.html.erb (Duration: 1.3ms | Allocations: 721)
  [1m[36mDeck Exists? (0.1ms)[0m  [1m[34mSELECT 1 AS one FROM "decks" LIMIT ?[0m  [["LIMIT", 1]]
  ↳ app/views/decks/index.html.erb:10
  [1m[36mDeck Load (0.0ms)[0m  [1m[34mSELECT "decks".* FROM "decks" ORDER BY "decks"."updated_at" DESC[0m
  ↳ app/views/decks/index.html.erb:12
  [1m[36mFlashcard Load (0.1ms)[0m  [1m[34mSELECT "flashcards".* FROM "flashcards" WHERE "flashcards"."deck_id" IN (?, ?, ?) ORDER BY "flashcards"."position" ASC, "flashcards"."id" ASC[0m  [["deck_id", 3], ["deck_id", 2], ["deck_id", 1]]
  ↳ app/views/decks/index.html.erb:12
  Rendered decks/index.html.erb within layouts/application (Duration: 3.4ms | Allocations: 3245)
  Rendered layout layouts/application.html.erb (Duration: 5.1ms | Allocations: 5098)
Completed 200 OK in 7ms (Views: 5.5ms | ActiveRecord: 0.2ms | Allocations: 5392)


Started GET "/decks/new" for 127.0.0.1 at 2026-04-05 20:51:33 -0300
Processing by DecksController#new as HTML
  [1m[36mDeck Exists? (0.2ms)[0m  [1m[34mSELECT 1 AS one FROM "decks" LIMIT ?[0m  [["LIMIT", 1]]
  ↳ app/controllers/decks_controller.rb:13:in `new'
  [1m[36mDeck Maximum (0.1ms)[0m  [1m[34mSELECT MAX("decks"."created_at") FROM "decks"[0m
  ↳ app/controllers/decks_controller.rb:14:in `new'
  Rendering layout layouts/application.html.erb
  Rendering decks/new.html.erb within layouts/application
  Rendered shared/_landing_header.html.erb (Duration: 2.3ms | Allocations: 721)
  Rendered decks/_flashcard_item.html.erb (Duration: 0.1ms | Allocations: 26)
  Rendered decks/_flashcard_item.html.erb (Duration: 0.0ms | Allocations: 14)
  Rendered decks/new.html.erb within layouts/application (Duration: 3.5ms | Allocations: 1378)
  Rendered layout layouts/application.html.erb (Duration: 5.5ms | Allocations: 3042)
Completed 200 OK in 12ms (Views: 6.0ms | ActiveRecord: 0.3ms | Allocations: 4719)


Started GET "/decks/1/practice" for 127.0.0.1 at 2026-04-05 20:52:04 -0300
Processing by DecksController#practice as HTML
  Parameters: {"id"=>"1"}
  [1m[36mDeck Load (0.0ms)[0m  [1m[34mSELECT "decks".* FROM "decks" WHERE "decks"."id" = ? LIMIT ?[0m  [["id", 1], ["LIMIT", 1]]
  ↳ app/controllers/decks_controller.rb:20:in `practice'
  [1m[36mFlashcard Load (0.2ms)[0m  [1m[34mSELECT "flashcards".* FROM "flashcards" WHERE "flashcards"."deck_id" = ? ORDER BY "flashcards"."position" ASC, "flashcards"."id" ASC[0m  [["deck_id", 1]]
  ↳ app/controllers/decks_controller.rb:20:in `practice'
  Rendering layout layouts/application.html.erb
  Rendering decks/practice.html.erb within layouts/application
  Rendered shared/_landing_header.html.erb (Duration: 1.7ms | Allocations: 1195)
  Rendered shared/_flashcard_flip.html.erb (Duration: 0.4ms | Allocations: 427)
  Rendered decks/practice.html.erb within layouts/application (Duration: 3.5ms | Allocations: 2322)
  Rendered layout layouts/application.html.erb (Duration: 24.8ms | Allocations: 37605)
Completed 200 OK in 39ms (Views: 26.6ms | ActiveRecord: 1.7ms | Allocations: 50490)


Started GET "/decks" for 127.0.0.1 at 2026-04-05 20:52:06 -0300
Processing by DecksController#index as HTML
  Rendering layout layouts/application.html.erb
  Rendering decks/index.html.erb within layouts/application
  Rendered shared/_landing_header.html.erb (Duration: 1.7ms | Allocations: 724)
  [1m[36mDeck Exists? (0.1ms)[0m  [1m[34mSELECT 1 AS one FROM "decks" LIMIT ?[0m  [["LIMIT", 1]]
  ↳ app/views/decks/index.html.erb:10
  [1m[36mDeck Load (0.1ms)[0m  [1m[34mSELECT "decks".* FROM "decks" ORDER BY "decks"."updated_at" DESC[0m
  ↳ app/views/decks/index.html.erb:12
  [1m[36mFlashcard Load (0.1ms)[0m  [1m[34mSELECT "flashcards".* FROM "flashcards" WHERE "flashcards"."deck_id" IN (?, ?, ?) ORDER BY "flashcards"."position" ASC, "flashcards"."id" ASC[0m  [["deck_id", 3], ["deck_id", 2], ["deck_id", 1]]
  ↳ app/views/decks/index.html.erb:12
  Rendered decks/index.html.erb within layouts/application (Duration: 4.9ms | Allocations: 3785)
  Rendered layout layouts/application.html.erb (Duration: 7.4ms | Allocations: 5642)
Completed 200 OK in 10ms (Views: 7.6ms | ActiveRecord: 0.2ms | Allocations: 6043)


Started GET "/decks" for 127.0.0.1 at 2026-04-05 20:52:08 -0300
Processing by DecksController#index as HTML
  Rendering layout layouts/application.html.erb
  Rendering decks/index.html.erb within layouts/application
  Rendered shared/_landing_header.html.erb (Duration: 2.3ms | Allocations: 721)
  [1m[36mDeck Exists? (0.1ms)[0m  [1m[34mSELECT 1 AS one FROM "decks" LIMIT ?[0m  [["LIMIT", 1]]
  ↳ app/views/decks/index.html.erb:10
  [1m[36mDeck Load (0.1ms)[0m  [1m[34mSELECT "decks".* FROM "decks" ORDER BY "decks"."updated_at" DESC[0m
  ↳ app/views/decks/index.html.erb:12
  [1m[36mFlashcard Load (0.2ms)[0m  [1m[34mSELECT "flashcards".* FROM "flashcards" WHERE "flashcards"."deck_id" IN (?, ?, ?) ORDER BY "flashcards"."position" ASC, "flashcards"."id" ASC[0m  [["deck_id", 3], ["deck_id", 2], ["deck_id", 1]]
  ↳ app/views/decks/index.html.erb:12
  Rendered decks/index.html.erb within layouts/application (Duration: 7.0ms | Allocations: 3248)
  Rendered layout layouts/application.html.erb (Duration: 11.4ms | Allocations: 5110)
Completed 200 OK in 14ms (Views: 11.7ms | ActiveRecord: 0.4ms | Allocations: 5405)


Started GET "/decks/new" for 127.0.0.1 at 2026-04-05 20:52:09 -0300
Processing by DecksController#new as HTML
  [1m[36mDeck Exists? (0.1ms)[0m  [1m[34mSELECT 1 AS one FROM "decks" LIMIT ?[0m  [["LIMIT", 1]]
  ↳ app/controllers/decks_controller.rb:13:in `new'
  [1m[36mDeck Maximum (0.1ms)[0m  [1m[34mSELECT MAX("decks"."created_at") FROM "decks"[0m
  ↳ app/controllers/decks_controller.rb:14:in `new'
  Rendering layout layouts/application.html.erb
  Rendering decks/new.html.erb within layouts/application
  Rendered shared/_landing_header.html.erb (Duration: 1.5ms | Allocations: 724)
  Rendered decks/_flashcard_item.html.erb (Duration: 0.6ms | Allocations: 367)
  Rendered decks/_flashcard_item.html.erb (Duration: 0.0ms | Allocations: 14)
  Rendered decks/new.html.erb within layouts/application (Duration: 4.2ms | Allocations: 2453)
  Rendered layout layouts/application.html.erb (Duration: 5.7ms | Allocations: 4118)
Completed 200 OK in 11ms (Views: 6.1ms | ActiveRecord: 0.2ms | Allocations: 6045)


Started POST "/decks" for 127.0.0.1 at 2026-04-05 20:52:26 -0300
Processing by DecksController#create as TURBO_STREAM
  Parameters: {"authenticity_token"=>"[FILTERED]", "deck"=>{"title"=>"aaaavdvdvdv", "description"=>"", "flashcards_attributes"=>{"0"=>{"position"=>"0", "term"=>"aaaavdvdvdv", "definition"=>"aaaavdvdvdv"}, "1"=>{"position"=>"1", "term"=>"", "definition"=>""}}}, "commit_action"=>"practice"}
  [1m[36mTRANSACTION (0.0ms)[0m  [1m[36mbegin transaction[0m
  ↳ app/controllers/decks_controller.rb:27:in `create'
  [1m[36mDeck Create (0.6ms)[0m  [1m[32mINSERT INTO "decks" ("title", "description", "created_at", "updated_at") VALUES (?, ?, ?, ?) RETURNING "id"[0m  [["title", "aaaavdvdvdv"], ["description", ""], ["created_at", "2026-04-05 23:52:26.154428"], ["updated_at", "2026-04-05 23:52:26.154428"]]
  ↳ app/controllers/decks_controller.rb:27:in `create'
  [1m[36mFlashcard Create (0.0ms)[0m  [1m[32mINSERT INTO "flashcards" ("deck_id", "term", "definition", "position", "created_at", "updated_at") VALUES (?, ?, ?, ?, ?, ?) RETURNING "id"[0m  [["deck_id", 4], ["term", "aaaavdvdvdv"], ["definition", "aaaavdvdvdv"], ["position", 0], ["created_at", "2026-04-05 23:52:26.155698"], ["updated_at", "2026-04-05 23:52:26.155698"]]
  ↳ app/controllers/decks_controller.rb:27:in `create'
  [1m[36mTRANSACTION (0.3ms)[0m  [1m[36mcommit transaction[0m
  ↳ app/controllers/decks_controller.rb:27:in `create'
Redirected to http://127.0.0.1:3000/decks/4/practice
Completed 302 Found in 5ms (ActiveRecord: 0.9ms | Allocations: 4509)


Started GET "/decks/4/practice" for 127.0.0.1 at 2026-04-05 20:52:26 -0300
Processing by DecksController#practice as TURBO_STREAM
  Parameters: {"id"=>"4"}
  [1m[36mDeck Load (0.1ms)[0m  [1m[34mSELECT "decks".* FROM "decks" WHERE "decks"."id" = ? LIMIT ?[0m  [["id", 4], ["LIMIT", 1]]
  ↳ app/controllers/decks_controller.rb:20:in `practice'
  [1m[36mFlashcard Load (0.0ms)[0m  [1m[34mSELECT "flashcards".* FROM "flashcards" WHERE "flashcards"."deck_id" = ? ORDER BY "flashcards"."position" ASC, "flashcards"."id" ASC[0m  [["deck_id", 4]]
  ↳ app/controllers/decks_controller.rb:20:in `practice'
  Rendering layout layouts/application.html.erb
  Rendering decks/practice.html.erb within layouts/application
  Rendered shared/_landing_header.html.erb (Duration: 1.2ms | Allocations: 721)
  Rendered shared/_flashcard_flip.html.erb (Duration: 0.0ms | Allocations: 27)
  Rendered decks/practice.html.erb within layouts/application (Duration: 1.5ms | Allocations: 1005)
  Rendered layout layouts/application.html.erb (Duration: 3.1ms | Allocations: 2860)
Completed 200 OK in 6ms (Views: 3.3ms | ActiveRecord: 0.1ms | Allocations: 4813)


Started GET "/decks" for 127.0.0.1 at 2026-04-05 20:52:28 -0300
Processing by DecksController#index as HTML
  Rendering layout layouts/application.html.erb
  Rendering decks/index.html.erb within layouts/application
  Rendered shared/_landing_header.html.erb (Duration: 2.3ms | Allocations: 721)
  [1m[36mDeck Exists? (0.2ms)[0m  [1m[34mSELECT 1 AS one FROM "decks" LIMIT ?[0m  [["LIMIT", 1]]
  ↳ app/views/decks/index.html.erb:10
  [1m[36mDeck Load (0.1ms)[0m  [1m[34mSELECT "decks".* FROM "decks" ORDER BY "decks"."updated_at" DESC[0m
  ↳ app/views/decks/index.html.erb:12
  [1m[36mFlashcard Load (0.3ms)[0m  [1m[34mSELECT "flashcards".* FROM "flashcards" WHERE "flashcards"."deck_id" IN (?, ?, ?, ?) ORDER BY "flashcards"."position" ASC, "flashcards"."id" ASC[0m  [["deck_id", 4], ["deck_id", 3], ["deck_id", 2], ["deck_id", 1]]
  ↳ app/views/decks/index.html.erb:12
  Rendered decks/index.html.erb within layouts/application (Duration: 8.9ms | Allocations: 3335)
  Rendered layout layouts/application.html.erb (Duration: 13.9ms | Allocations: 5179)
Completed 200 OK in 17ms (Views: 14.2ms | ActiveRecord: 0.6ms | Allocations: 5473)


Started GET "/decks" for 127.0.0.1 at 2026-04-05 20:52:30 -0300
Processing by DecksController#index as HTML
  Rendering layout layouts/application.html.erb
  Rendering decks/index.html.erb within layouts/application
  Rendered shared/_landing_header.html.erb (Duration: 1.5ms | Allocations: 721)
  [1m[36mDeck Exists? (0.1ms)[0m  [1m[34mSELECT 1 AS one FROM "decks" LIMIT ?[0m  [["LIMIT", 1]]
  ↳ app/views/decks/index.html.erb:10
  [1m[36mDeck Load (0.1ms)[0m  [1m[34mSELECT "decks".* FROM "decks" ORDER BY "decks"."updated_at" DESC[0m
  ↳ app/views/decks/index.html.erb:12
  [1m[36mFlashcard Load (0.1ms)[0m  [1m[34mSELECT "flashcards".* FROM "flashcards" WHERE "flashcards"."deck_id" IN (?, ?, ?, ?) ORDER BY "flashcards"."position" ASC, "flashcards"."id" ASC[0m  [["deck_id", 4], ["deck_id", 3], ["deck_id", 2], ["deck_id", 1]]
  ↳ app/views/decks/index.html.erb:12
  Rendered decks/index.html.erb within layouts/application (Duration: 3.4ms | Allocations: 3335)
  Rendered layout layouts/application.html.erb (Duration: 5.6ms | Allocations: 5188)
Completed 200 OK in 7ms (Views: 5.7ms | ActiveRecord: 0.2ms | Allocations: 5482)


Started GET "/decks/4/practice" for 127.0.0.1 at 2026-04-05 20:52:44 -0300
Processing by DecksController#practice as HTML
  Parameters: {"id"=>"4"}
  [1m[36mDeck Load (0.1ms)[0m  [1m[34mSELECT "decks".* FROM "decks" WHERE "decks"."id" = ? LIMIT ?[0m  [["id", 4], ["LIMIT", 1]]
  ↳ app/controllers/decks_controller.rb:20:in `practice'
  [1m[36mFlashcard Load (0.0ms)[0m  [1m[34mSELECT "flashcards".* FROM "flashcards" WHERE "flashcards"."deck_id" = ? ORDER BY "flashcards"."position" ASC, "flashcards"."id" ASC[0m  [["deck_id", 4]]
  ↳ app/controllers/decks_controller.rb:20:in `practice'
  Rendering layout layouts/application.html.erb
  Rendering decks/practice.html.erb within layouts/application
  Rendered shared/_landing_header.html.erb (Duration: 1.3ms | Allocations: 721)
  Rendered shared/_flashcard_flip.html.erb (Duration: 0.0ms | Allocations: 27)
  Rendered decks/practice.html.erb within layouts/application (Duration: 1.5ms | Allocations: 962)
  Rendered layout layouts/application.html.erb (Duration: 3.5ms | Allocations: 2811)
Completed 200 OK in 7ms (Views: 3.8ms | ActiveRecord: 0.1ms | Allocations: 4712)


Started GET "/decks" for 127.0.0.1 at 2026-04-05 20:53:53 -0300
Processing by DecksController#index as HTML
  Rendering layout layouts/application.html.erb
  Rendering decks/index.html.erb within layouts/application
  Rendered shared/_landing_header.html.erb (Duration: 1.9ms | Allocations: 1196)
  [1m[36mDeck Exists? (0.1ms)[0m  [1m[34mSELECT 1 AS one FROM "decks" LIMIT ?[0m  [["LIMIT", 1]]
  ↳ app/views/decks/index.html.erb:10
  [1m[36mDeck Load (0.1ms)[0m  [1m[34mSELECT "decks".* FROM "decks" ORDER BY "decks"."updated_at" DESC[0m
  ↳ app/views/decks/index.html.erb:12
  [1m[36mFlashcard Load (0.1ms)[0m  [1m[34mSELECT "flashcards".* FROM "flashcards" WHERE "flashcards"."deck_id" IN (?, ?, ?, ?) ORDER BY "flashcards"."position" ASC, "flashcards"."id" ASC[0m  [["deck_id", 4], ["deck_id", 3], ["deck_id", 2], ["deck_id", 1]]
  ↳ app/views/decks/index.html.erb:12
  Rendered decks/index.html.erb within layouts/application (Duration: 15.3ms | Allocations: 12531)
  Rendered layout layouts/application.html.erb (Duration: 36.7ms | Allocations: 47924)
Completed 200 OK in 45ms (Views: 38.7ms | ActiveRecord: 2.6ms | Allocations: 51119)


Started GET "/decks/4/practice" for 127.0.0.1 at 2026-04-05 20:53:55 -0300
Processing by DecksController#practice as HTML
  Parameters: {"id"=>"4"}
  [1m[36mDeck Load (0.2ms)[0m  [1m[34mSELECT "decks".* FROM "decks" WHERE "decks"."id" = ? LIMIT ?[0m  [["id", 4], ["LIMIT", 1]]
  ↳ app/controllers/decks_controller.rb:20:in `practice'
  [1m[36mFlashcard Load (0.1ms)[0m  [1m[34mSELECT "flashcards".* FROM "flashcards" WHERE "flashcards"."deck_id" = ? ORDER BY "flashcards"."position" ASC, "flashcards"."id" ASC[0m  [["deck_id", 4]]
  ↳ app/controllers/decks_controller.rb:20:in `practice'
  Rendering layout layouts/application.html.erb
  Rendering decks/practice.html.erb within layouts/application
  Rendered shared/_landing_header.html.erb (Duration: 1.7ms | Allocations: 743)
  Rendered shared/_flashcard_flip.html.erb (Duration: 0.4ms | Allocations: 413)
  Rendered decks/practice.html.erb within layouts/application (Duration: 3.7ms | Allocations: 1726)
  Rendered layout layouts/application.html.erb (Duration: 5.4ms | Allocations: 3592)
Completed 200 OK in 10ms (Views: 5.7ms | ActiveRecord: 0.2ms | Allocations: 5709)


Started GET "/decks/4/practice" for 127.0.0.1 at 2026-04-05 20:54:00 -0300
Processing by DecksController#practice as HTML
  Parameters: {"id"=>"4"}
  [1m[36mDeck Load (0.1ms)[0m  [1m[34mSELECT "decks".* FROM "decks" WHERE "decks"."id" = ? LIMIT ?[0m  [["id", 4], ["LIMIT", 1]]
  ↳ app/controllers/decks_controller.rb:20:in `practice'
  [1m[36mFlashcard Load (0.1ms)[0m  [1m[34mSELECT "flashcards".* FROM "flashcards" WHERE "flashcards"."deck_id" = ? ORDER BY "flashcards"."position" ASC, "flashcards"."id" ASC[0m  [["deck_id", 4]]
  ↳ app/controllers/decks_controller.rb:20:in `practice'
  Rendering layout layouts/application.html.erb
  Rendering decks/practice.html.erb within layouts/application
  Rendered shared/_landing_header.html.erb (Duration: 2.3ms | Allocations: 721)
  Rendered shared/_flashcard_flip.html.erb (Duration: 0.1ms | Allocations: 27)
  Rendered decks/practice.html.erb within layouts/application (Duration: 3.1ms | Allocations: 962)
  Rendered layout layouts/application.html.erb (Duration: 5.3ms | Allocations: 2805)
Completed 200 OK in 11ms (Views: 5.7ms | ActiveRecord: 0.2ms | Allocations: 4706)


Started GET "/decks/4/practice" for 127.0.0.1 at 2026-04-05 20:54:24 -0300
Processing by DecksController#practice as HTML
  Parameters: {"id"=>"4"}
  [1m[36mDeck Load (0.1ms)[0m  [1m[34mSELECT "decks".* FROM "decks" WHERE "decks"."id" = ? LIMIT ?[0m  [["id", 4], ["LIMIT", 1]]
  ↳ app/controllers/decks_controller.rb:20:in `practice'
  [1m[36mFlashcard Load (0.0ms)[0m  [1m[34mSELECT "flashcards".* FROM "flashcards" WHERE "flashcards"."deck_id" = ? ORDER BY "flashcards"."position" ASC, "flashcards"."id" ASC[0m  [["deck_id", 4]]
  ↳ app/controllers/decks_controller.rb:20:in `practice'
  Rendering layout layouts/application.html.erb
  Rendering decks/practice.html.erb within layouts/application
  Rendered shared/_landing_header.html.erb (Duration: 1.5ms | Allocations: 721)
  Rendered shared/_flashcard_flip.html.erb (Duration: 0.0ms | Allocations: 27)
  Rendered decks/practice.html.erb within layouts/application (Duration: 1.9ms | Allocations: 962)
  Rendered layout layouts/application.html.erb (Duration: 4.0ms | Allocations: 2826)
Completed 200 OK in 8ms (Views: 4.3ms | ActiveRecord: 0.1ms | Allocations: 4727)


Started GET "/decks/3/practice" for 127.0.0.1 at 2026-04-05 20:54:25 -0300
Processing by DecksController#practice as HTML
  Parameters: {"id"=>"3"}
  [1m[36mDeck Load (0.1ms)[0m  [1m[34mSELECT "decks".* FROM "decks" WHERE "decks"."id" = ? LIMIT ?[0m  [["id", 3], ["LIMIT", 1]]
  ↳ app/controllers/decks_controller.rb:20:in `practice'
  [1m[36mFlashcard Load (0.0ms)[0m  [1m[34mSELECT "flashcards".* FROM "flashcards" WHERE "flashcards"."deck_id" = ? ORDER BY "flashcards"."position" ASC, "flashcards"."id" ASC[0m  [["deck_id", 3]]
  ↳ app/controllers/decks_controller.rb:20:in `practice'
  Rendering layout layouts/application.html.erb
  Rendering decks/practice.html.erb within layouts/application
  Rendered shared/_landing_header.html.erb (Duration: 1.3ms | Allocations: 721)
  Rendered shared/_flashcard_flip.html.erb (Duration: 0.0ms | Allocations: 27)
  Rendered decks/practice.html.erb within layouts/application (Duration: 1.6ms | Allocations: 962)
  Rendered layout layouts/application.html.erb (Duration: 3.1ms | Allocations: 2814)
Completed 200 OK in 6ms (Views: 3.3ms | ActiveRecord: 0.1ms | Allocations: 4715)


Started GET "/decks/2/practice" for 127.0.0.1 at 2026-04-05 20:54:25 -0300
Processing by DecksController#practice as HTML
  Parameters: {"id"=>"2"}
  [1m[36mDeck Load (0.1ms)[0m  [1m[34mSELECT "decks".* FROM "decks" WHERE "decks"."id" = ? LIMIT ?[0m  [["id", 2], ["LIMIT", 1]]
  ↳ app/controllers/decks_controller.rb:20:in `practice'
  [1m[36mFlashcard Load (5.7ms)[0m  [1m[34mSELECT "flashcards".* FROM "flashcards" WHERE "flashcards"."deck_id" = ? ORDER BY "flashcards"."position" ASC, "flashcards"."id" ASC[0m  [["deck_id", 2]]
  ↳ app/controllers/decks_controller.rb:20:in `practice'
  Rendering layout layouts/application.html.erb
  Rendering decks/practice.html.erb within layouts/application
  Rendered shared/_landing_header.html.erb (Duration: 2.2ms | Allocations: 728)
  Rendered decks/practice.html.erb within layouts/application (Duration: 2.7ms | Allocations: 874)
  Rendered layout layouts/application.html.erb (Duration: 8.5ms | Allocations: 2707)
Completed 200 OK in 20ms (Views: 9.0ms | ActiveRecord: 5.8ms | Allocations: 4580)


Started GET "/decks/1/practice" for 127.0.0.1 at 2026-04-05 20:54:26 -0300
Processing by DecksController#practice as HTML
  Parameters: {"id"=>"1"}
  [1m[36mDeck Load (0.1ms)[0m  [1m[34mSELECT "decks".* FROM "decks" WHERE "decks"."id" = ? LIMIT ?[0m  [["id", 1], ["LIMIT", 1]]
  ↳ app/controllers/decks_controller.rb:20:in `practice'
  [1m[36mFlashcard Load (0.1ms)[0m  [1m[34mSELECT "flashcards".* FROM "flashcards" WHERE "flashcards"."deck_id" = ? ORDER BY "flashcards"."position" ASC, "flashcards"."id" ASC[0m  [["deck_id", 1]]
  ↳ app/controllers/decks_controller.rb:20:in `practice'
  Rendering layout layouts/application.html.erb
  Rendering decks/practice.html.erb within layouts/application
  Rendered shared/_landing_header.html.erb (Duration: 1.4ms | Allocations: 721)
  Rendered shared/_flashcard_flip.html.erb (Duration: 0.0ms | Allocations: 30)
  Rendered decks/practice.html.erb within layouts/application (Duration: 1.6ms | Allocations: 968)
  Rendered layout layouts/application.html.erb (Duration: 3.1ms | Allocations: 2817)
Completed 200 OK in 8ms (Views: 3.3ms | ActiveRecord: 0.2ms | Allocations: 4738)


Started GET "/decks/new" for 127.0.0.1 at 2026-04-05 20:54:37 -0300
Processing by DecksController#new as HTML
  [1m[36mDeck Exists? (0.0ms)[0m  [1m[34mSELECT 1 AS one FROM "decks" LIMIT ?[0m  [["LIMIT", 1]]
  ↳ app/controllers/decks_controller.rb:13:in `new'
  [1m[36mDeck Maximum (0.0ms)[0m  [1m[34mSELECT MAX("decks"."created_at") FROM "decks"[0m
  ↳ app/controllers/decks_controller.rb:14:in `new'
  Rendering layout layouts/application.html.erb
  Rendering decks/new.html.erb within layouts/application
  Rendered shared/_landing_header.html.erb (Duration: 1.7ms | Allocations: 1195)
  Rendered decks/_flashcard_item.html.erb (Duration: 0.4ms | Allocations: 373)
  Rendered decks/_flashcard_item.html.erb (Duration: 0.0ms | Allocations: 14)
  Rendered decks/new.html.erb within layouts/application (Duration: 4.5ms | Allocations: 3133)
  Rendered layout layouts/application.html.erb (Duration: 18.0ms | Allocations: 38139)
Completed 200 OK in 30ms (Views: 20.0ms | ActiveRecord: 2.0ms | Allocations: 50416)


Started GET "/decks" for 127.0.0.1 at 2026-04-05 20:54:38 -0300
Processing by DecksController#index as HTML
  Rendering layout layouts/application.html.erb
  Rendering decks/index.html.erb within layouts/application
  Rendered shared/_landing_header.html.erb (Duration: 1.1ms | Allocations: 724)
  [1m[36mDeck Exists? (0.1ms)[0m  [1m[34mSELECT 1 AS one FROM "decks" LIMIT ?[0m  [["LIMIT", 1]]
  ↳ app/views/decks/index.html.erb:10
  [1m[36mDeck Load (0.1ms)[0m  [1m[34mSELECT "decks".* FROM "decks" ORDER BY "decks"."updated_at" DESC[0m
  ↳ app/views/decks/index.html.erb:12
  [1m[36mFlashcard Load (0.1ms)[0m  [1m[34mSELECT "flashcards".* FROM "flashcards" WHERE "flashcards"."deck_id" IN (?, ?, ?, ?) ORDER BY "flashcards"."position" ASC, "flashcards"."id" ASC[0m  [["deck_id", 4], ["deck_id", 3], ["deck_id", 2], ["deck_id", 1]]
  ↳ app/views/decks/index.html.erb:12
  Rendered decks/index.html.erb within layouts/application (Duration: 6.8ms | Allocations: 3951)
  Rendered layout layouts/application.html.erb (Duration: 8.6ms | Allocations: 5816)
Completed 200 OK in 10ms (Views: 8.6ms | ActiveRecord: 0.2ms | Allocations: 6239)


Started GET "/decks/new" for 127.0.0.1 at 2026-04-05 20:54:41 -0300
Processing by DecksController#new as HTML
  [1m[36mDeck Exists? (0.2ms)[0m  [1m[34mSELECT 1 AS one FROM "decks" LIMIT ?[0m  [["LIMIT", 1]]
  ↳ app/controllers/decks_controller.rb:13:in `new'
  [1m[36mDeck Maximum (0.1ms)[0m  [1m[34mSELECT MAX("decks"."created_at") FROM "decks"[0m
  ↳ app/controllers/decks_controller.rb:14:in `new'
  Rendering layout layouts/application.html.erb
  Rendering decks/new.html.erb within layouts/application
  Rendered shared/_landing_header.html.erb (Duration: 2.5ms | Allocations: 724)
  Rendered decks/_flashcard_item.html.erb (Duration: 0.0ms | Allocations: 26)
  Rendered decks/_flashcard_item.html.erb (Duration: 0.0ms | Allocations: 14)
  Rendered decks/new.html.erb within layouts/application (Duration: 3.3ms | Allocations: 1369)
  Rendered layout layouts/application.html.erb (Duration: 5.3ms | Allocations: 3033)
Completed 200 OK in 11ms (Views: 5.8ms | ActiveRecord: 0.3ms | Allocations: 4787)


Started GET "/decks" for 127.0.0.1 at 2026-04-05 20:54:45 -0300
Processing by DecksController#index as HTML
  Rendering layout layouts/application.html.erb
  Rendering decks/index.html.erb within layouts/application
  Rendered shared/_landing_header.html.erb (Duration: 2.1ms | Allocations: 721)
  [1m[36mDeck Exists? (0.1ms)[0m  [1m[34mSELECT 1 AS one FROM "decks" LIMIT ?[0m  [["LIMIT", 1]]
  ↳ app/views/decks/index.html.erb:10
  [1m[36mDeck Load (0.0ms)[0m  [1m[34mSELECT "decks".* FROM "decks" ORDER BY "decks"."updated_at" DESC[0m
  ↳ app/views/decks/index.html.erb:12
  [1m[36mFlashcard Load (0.1ms)[0m  [1m[34mSELECT "flashcards".* FROM "flashcards" WHERE "flashcards"."deck_id" IN (?, ?, ?, ?) ORDER BY "flashcards"."position" ASC, "flashcards"."id" ASC[0m  [["deck_id", 4], ["deck_id", 3], ["deck_id", 2], ["deck_id", 1]]
  ↳ app/views/decks/index.html.erb:12
  Rendered decks/index.html.erb within layouts/application (Duration: 4.9ms | Allocations: 3292)
  Rendered layout layouts/application.html.erb (Duration: 6.8ms | Allocations: 5145)
Completed 200 OK in 9ms (Views: 7.1ms | ActiveRecord: 0.3ms | Allocations: 5439)


Started GET "/decks/new" for 127.0.0.1 at 2026-04-05 20:54:49 -0300
Processing by DecksController#new as HTML
  [1m[36mDeck Exists? (0.1ms)[0m  [1m[34mSELECT 1 AS one FROM "decks" LIMIT ?[0m  [["LIMIT", 1]]
  ↳ app/controllers/decks_controller.rb:13:in `new'
  [1m[36mDeck Maximum (0.1ms)[0m  [1m[34mSELECT MAX("decks"."created_at") FROM "decks"[0m
  ↳ app/controllers/decks_controller.rb:14:in `new'
  Rendering layout layouts/application.html.erb
  Rendering decks/new.html.erb within layouts/application
  Rendered shared/_landing_header.html.erb (Duration: 1.5ms | Allocations: 721)
  Rendered decks/_flashcard_item.html.erb (Duration: 0.0ms | Allocations: 26)
  Rendered decks/_flashcard_item.html.erb (Duration: 0.0ms | Allocations: 14)
  Rendered decks/new.html.erb within layouts/application (Duration: 2.2ms | Allocations: 1378)
  Rendered layout layouts/application.html.erb (Duration: 3.8ms | Allocations: 3042)
Completed 200 OK in 7ms (Views: 4.0ms | ActiveRecord: 0.2ms | Allocations: 4719)


Started GET "/decks" for 127.0.0.1 at 2026-04-05 20:55:11 -0300
Processing by DecksController#index as HTML
  Rendering layout layouts/application.html.erb
  Rendering decks/index.html.erb within layouts/application
  Rendered shared/_landing_header.html.erb (Duration: 1.2ms | Allocations: 721)
  [1m[36mDeck Exists? (0.1ms)[0m  [1m[34mSELECT 1 AS one FROM "decks" LIMIT ?[0m  [["LIMIT", 1]]
  ↳ app/views/decks/index.html.erb:10
  [1m[36mDeck Load (0.0ms)[0m  [1m[34mSELECT "decks".* FROM "decks" ORDER BY "decks"."updated_at" DESC[0m
  ↳ app/views/decks/index.html.erb:12
  [1m[36mFlashcard Load (0.2ms)[0m  [1m[34mSELECT "flashcards".* FROM "flashcards" WHERE "flashcards"."deck_id" IN (?, ?, ?, ?) ORDER BY "flashcards"."position" ASC, "flashcards"."id" ASC[0m  [["deck_id", 4], ["deck_id", 3], ["deck_id", 2], ["deck_id", 1]]
  ↳ app/views/decks/index.html.erb:12
  Rendered decks/index.html.erb within layouts/application (Duration: 3.7ms | Allocations: 3286)
  Rendered layout layouts/application.html.erb (Duration: 6.1ms | Allocations: 5130)
Completed 200 OK in 7ms (Views: 6.2ms | ActiveRecord: 0.2ms | Allocations: 5424)


Started GET "/decks" for 127.0.0.1 at 2026-04-05 20:55:43 -0300
Processing by DecksController#index as HTML
  Rendering layout layouts/application.html.erb
  Rendering decks/index.html.erb within layouts/application
  Rendered shared/_landing_header.html.erb (Duration: 1.9ms | Allocations: 1196)
  [1m[36mDeck Exists? (0.1ms)[0m  [1m[34mSELECT 1 AS one FROM "decks" LIMIT ?[0m  [["LIMIT", 1]]
  ↳ app/views/decks/index.html.erb:10
  [1m[36mDeck Load (0.1ms)[0m  [1m[34mSELECT "decks".* FROM "decks" ORDER BY "decks"."updated_at" DESC[0m
  ↳ app/views/decks/index.html.erb:12
  [1m[36mFlashcard Load (0.1ms)[0m  [1m[34mSELECT "flashcards".* FROM "flashcards" WHERE "flashcards"."deck_id" IN (?, ?, ?, ?) ORDER BY "flashcards"."position" ASC, "flashcards"."id" ASC[0m  [["deck_id", 4], ["deck_id", 3], ["deck_id", 2], ["deck_id", 1]]
  ↳ app/views/decks/index.html.erb:12
  Rendered decks/index.html.erb within layouts/application (Duration: 10.3ms | Allocations: 12527)
  Rendered layout layouts/application.html.erb (Duration: 31.0ms | Allocations: 47976)
Completed 200 OK in 38ms (Views: 32.7ms | ActiveRecord: 2.0ms | Allocations: 51169)


Started GET "/decks/new" for 127.0.0.1 at 2026-04-05 20:56:17 -0300
Processing by DecksController#new as HTML
  [1m[36mDeck Exists? (0.1ms)[0m  [1m[34mSELECT 1 AS one FROM "decks" LIMIT ?[0m  [["LIMIT", 1]]
  ↳ app/controllers/decks_controller.rb:13:in `new'
  [1m[36mDeck Maximum (0.1ms)[0m  [1m[34mSELECT MAX("decks"."created_at") FROM "decks"[0m
  ↳ app/controllers/decks_controller.rb:14:in `new'
  Rendering layout layouts/application.html.erb
  Rendering decks/new.html.erb within layouts/application
  Rendered shared/_landing_header.html.erb (Duration: 1.5ms | Allocations: 743)
  Rendered decks/_flashcard_item.html.erb (Duration: 0.6ms | Allocations: 372)
  Rendered decks/_flashcard_item.html.erb (Duration: 0.0ms | Allocations: 14)
  Rendered decks/new.html.erb within layouts/application (Duration: 4.4ms | Allocations: 2502)
  Rendered layout layouts/application.html.erb (Duration: 5.9ms | Allocations: 4168)
Completed 200 OK in 9ms (Views: 6.1ms | ActiveRecord: 0.1ms | Allocations: 6168)


Started GET "/decks" for 127.0.0.1 at 2026-04-05 20:56:52 -0300
Processing by DecksController#index as HTML
  Rendering layout layouts/application.html.erb
  Rendering decks/index.html.erb within layouts/application
  Rendered shared/_landing_header.html.erb (Duration: 1.2ms | Allocations: 721)
  [1m[36mDeck Exists? (0.1ms)[0m  [1m[34mSELECT 1 AS one FROM "decks" LIMIT ?[0m  [["LIMIT", 1]]
  ↳ app/views/decks/index.html.erb:10
  [1m[36mDeck Load (0.0ms)[0m  [1m[34mSELECT "decks".* FROM "decks" ORDER BY "decks"."updated_at" DESC[0m
  ↳ app/views/decks/index.html.erb:12
  [1m[36mFlashcard Load (0.1ms)[0m  [1m[34mSELECT "flashcards".* FROM "flashcards" WHERE "flashcards"."deck_id" IN (?, ?, ?, ?) ORDER BY "flashcards"."position" ASC, "flashcards"."id" ASC[0m  [["deck_id", 4], ["deck_id", 3], ["deck_id", 2], ["deck_id", 1]]
  ↳ app/views/decks/index.html.erb:12
  Rendered decks/index.html.erb within layouts/application (Duration: 3.6ms | Allocations: 3298)
  Rendered layout layouts/application.html.erb (Duration: 5.8ms | Allocations: 5160)
Completed 200 OK in 7ms (Views: 5.8ms | ActiveRecord: 0.2ms | Allocations: 5463)


Started GET "/decks/4/practice" for 127.0.0.1 at 2026-04-05 20:57:01 -0300
Processing by DecksController#practice as HTML
  Parameters: {"id"=>"4"}
  [1m[36mDeck Load (0.2ms)[0m  [1m[34mSELECT "decks".* FROM "decks" WHERE "decks"."id" = ? LIMIT ?[0m  [["id", 4], ["LIMIT", 1]]
  ↳ app/controllers/decks_controller.rb:20:in `practice'
  [1m[36mFlashcard Load (0.1ms)[0m  [1m[34mSELECT "flashcards".* FROM "flashcards" WHERE "flashcards"."deck_id" = ? ORDER BY "flashcards"."position" ASC, "flashcards"."id" ASC[0m  [["deck_id", 4]]
  ↳ app/controllers/decks_controller.rb:20:in `practice'
  Rendering layout layouts/application.html.erb
  Rendering decks/practice.html.erb within layouts/application
  Rendered shared/_landing_header.html.erb (Duration: 1.4ms | Allocations: 721)
  Rendered shared/_flashcard_flip.html.erb (Duration: 0.5ms | Allocations: 413)
  Rendered decks/practice.html.erb within layouts/application (Duration: 3.4ms | Allocations: 1674)
  Rendered layout layouts/application.html.erb (Duration: 4.7ms | Allocations: 3523)
Completed 200 OK in 10ms (Views: 5.1ms | ActiveRecord: 0.3ms | Allocations: 5550)


Started GET "/decks/4/practice" for 127.0.0.1 at 2026-04-05 20:57:02 -0300
Processing by DecksController#practice as HTML
  Parameters: {"id"=>"4"}
  [1m[36mDeck Load (0.1ms)[0m  [1m[34mSELECT "decks".* FROM "decks" WHERE "decks"."id" = ? LIMIT ?[0m  [["id", 4], ["LIMIT", 1]]
  ↳ app/controllers/decks_controller.rb:20:in `practice'
  [1m[36mFlashcard Load (0.1ms)[0m  [1m[34mSELECT "flashcards".* FROM "flashcards" WHERE "flashcards"."deck_id" = ? ORDER BY "flashcards"."position" ASC, "flashcards"."id" ASC[0m  [["deck_id", 4]]
  ↳ app/controllers/decks_controller.rb:20:in `practice'
  Rendering layout layouts/application.html.erb
  Rendering decks/practice.html.erb within layouts/application
  Rendered shared/_landing_header.html.erb (Duration: 2.3ms | Allocations: 721)
  Rendered shared/_flashcard_flip.html.erb (Duration: 0.1ms | Allocations: 27)
  Rendered decks/practice.html.erb within layouts/application (Duration: 3.4ms | Allocations: 962)
  Rendered layout layouts/application.html.erb (Duration: 7.5ms | Allocations: 2805)
Completed 200 OK in 14ms (Views: 7.9ms | ActiveRecord: 0.2ms | Allocations: 4706)


Started GET "/decks" for 127.0.0.1 at 2026-04-05 20:57:39 -0300
Processing by DecksController#index as HTML
  Rendering layout layouts/application.html.erb
  Rendering decks/index.html.erb within layouts/application
  Rendered shared/_landing_header.html.erb (Duration: 2.6ms | Allocations: 1196)
  [1m[36mDeck Exists? (0.1ms)[0m  [1m[34mSELECT 1 AS one FROM "decks" LIMIT ?[0m  [["LIMIT", 1]]
  ↳ app/views/decks/index.html.erb:10
  [1m[36mDeck Load (0.1ms)[0m  [1m[34mSELECT "decks".* FROM "decks" ORDER BY "decks"."updated_at" DESC[0m
  ↳ app/views/decks/index.html.erb:12
  [1m[36mFlashcard Load (0.1ms)[0m  [1m[34mSELECT "flashcards".* FROM "flashcards" WHERE "flashcards"."deck_id" IN (?, ?, ?, ?) ORDER BY "flashcards"."position" ASC, "flashcards"."id" ASC[0m  [["deck_id", 4], ["deck_id", 3], ["deck_id", 2], ["deck_id", 1]]
  ↳ app/views/decks/index.html.erb:12
  Rendered decks/index.html.erb within layouts/application (Duration: 13.1ms | Allocations: 12525)
  Rendered layout layouts/application.html.erb (Duration: 29.5ms | Allocations: 47940)
Completed 200 OK in 36ms (Views: 30.5ms | ActiveRecord: 2.1ms | Allocations: 51137)


Started GET "/decks" for 127.0.0.1 at 2026-04-05 20:57:40 -0300
Processing by DecksController#index as HTML
  Rendering layout layouts/application.html.erb
  Rendering decks/index.html.erb within layouts/application
  Rendered shared/_landing_header.html.erb (Duration: 1.4ms | Allocations: 743)
  [1m[36mDeck Exists? (0.1ms)[0m  [1m[34mSELECT 1 AS one FROM "decks" LIMIT ?[0m  [["LIMIT", 1]]
  ↳ app/views/decks/index.html.erb:10
  [1m[36mDeck Load (0.0ms)[0m  [1m[34mSELECT "decks".* FROM "decks" ORDER BY "decks"."updated_at" DESC[0m
  ↳ app/views/decks/index.html.erb:12
  [1m[36mFlashcard Load (0.1ms)[0m  [1m[34mSELECT "flashcards".* FROM "flashcards" WHERE "flashcards"."deck_id" IN (?, ?, ?, ?) ORDER BY "flashcards"."position" ASC, "flashcards"."id" ASC[0m  [["deck_id", 4], ["deck_id", 3], ["deck_id", 2], ["deck_id", 1]]
  ↳ app/views/decks/index.html.erb:12
  Rendered decks/index.html.erb within layouts/application (Duration: 3.4ms | Allocations: 3339)
  Rendered layout layouts/application.html.erb (Duration: 5.9ms | Allocations: 5185)
Completed 200 OK in 7ms (Views: 5.9ms | ActiveRecord: 0.2ms | Allocations: 5530)


Started GET "/decks" for 127.0.0.1 at 2026-04-05 20:57:40 -0300
Processing by DecksController#index as HTML
  Rendering layout layouts/application.html.erb
  Rendering decks/index.html.erb within layouts/application
  Rendered shared/_landing_header.html.erb (Duration: 1.7ms | Allocations: 721)
  [1m[36mDeck Exists? (0.1ms)[0m  [1m[34mSELECT 1 AS one FROM "decks" LIMIT ?[0m  [["LIMIT", 1]]
  ↳ app/views/decks/index.html.erb:10
  [1m[36mDeck Load (0.0ms)[0m  [1m[34mSELECT "decks".* FROM "decks" ORDER BY "decks"."updated_at" DESC[0m
  ↳ app/views/decks/index.html.erb:12
  [1m[36mFlashcard Load (0.1ms)[0m  [1m[34mSELECT "flashcards".* FROM "flashcards" WHERE "flashcards"."deck_id" IN (?, ?, ?, ?) ORDER BY "flashcards"."position" ASC, "flashcards"."id" ASC[0m  [["deck_id", 4], ["deck_id", 3], ["deck_id", 2], ["deck_id", 1]]
  ↳ app/views/decks/index.html.erb:12
  Rendered decks/index.html.erb within layouts/application (Duration: 3.9ms | Allocations: 3286)
  Rendered layout layouts/application.html.erb (Duration: 6.2ms | Allocations: 5145)
Completed 200 OK in 8ms (Views: 6.4ms | ActiveRecord: 0.2ms | Allocations: 5439)


Started GET "/decks/4/practice" for 127.0.0.1 at 2026-04-05 20:57:52 -0300
Processing by DecksController#practice as HTML
  Parameters: {"id"=>"4"}
  [1m[36mDeck Load (0.2ms)[0m  [1m[34mSELECT "decks".* FROM "decks" WHERE "decks"."id" = ? LIMIT ?[0m  [["id", 4], ["LIMIT", 1]]
  ↳ app/controllers/decks_controller.rb:28:in `practice'
  [1m[36mFlashcard Load (0.3ms)[0m  [1m[34mSELECT "flashcards".* FROM "flashcards" WHERE "flashcards"."deck_id" = ? ORDER BY "flashcards"."position" ASC, "flashcards"."id" ASC[0m  [["deck_id", 4]]
  ↳ app/controllers/decks_controller.rb:28:in `practice'
  Rendering layout layouts/application.html.erb
  Rendering decks/practice.html.erb within layouts/application
  Rendered shared/_landing_header.html.erb (Duration: 2.8ms | Allocations: 721)
  Rendered shared/_flashcard_flip.html.erb (Duration: 1.3ms | Allocations: 413)
  Rendered decks/practice.html.erb within layouts/application (Duration: 6.8ms | Allocations: 1699)
  Rendered layout layouts/application.html.erb (Duration: 11.3ms | Allocations: 3554)
Completed 200 OK in 17ms (Views: 12.2ms | ActiveRecord: 0.5ms | Allocations: 5612)


Started GET "/decks/new" for 127.0.0.1 at 2026-04-05 20:57:52 -0300
Processing by DecksController#new as HTML
  [1m[36mDeck Exists? (0.1ms)[0m  [1m[34mSELECT 1 AS one FROM "decks" LIMIT ?[0m  [["LIMIT", 1]]
  ↳ app/controllers/decks_controller.rb:13:in `new'
  [1m[36mDeck Maximum (0.1ms)[0m  [1m[34mSELECT MAX("decks"."created_at") FROM "decks"[0m
  ↳ app/controllers/decks_controller.rb:14:in `new'
  Rendering layout layouts/application.html.erb
  Rendering decks/new.html.erb within layouts/application
  Rendered shared/_landing_header.html.erb (Duration: 2.1ms | Allocations: 721)
  Rendered decks/_flashcard_item.html.erb (Duration: 0.4ms | Allocations: 367)
  Rendered decks/_flashcard_item.html.erb (Duration: 0.0ms | Allocations: 14)
  Rendered decks/new.html.erb within layouts/application (Duration: 5.4ms | Allocations: 2458)
  Rendered layout layouts/application.html.erb (Duration: 7.3ms | Allocations: 4122)
Completed 200 OK in 13ms (Views: 7.7ms | ActiveRecord: 0.2ms | Allocations: 6020)


Started GET "/decks/new" for 127.0.0.1 at 2026-04-05 20:58:01 -0300
Processing by DecksController#new as HTML
  [1m[36mDeck Exists? (0.1ms)[0m  [1m[34mSELECT 1 AS one FROM "decks" LIMIT ?[0m  [["LIMIT", 1]]
  ↳ app/controllers/decks_controller.rb:13:in `new'
  [1m[36mDeck Maximum (0.1ms)[0m  [1m[34mSELECT MAX("decks"."created_at") FROM "decks"[0m
  ↳ app/controllers/decks_controller.rb:14:in `new'
  Rendering layout layouts/application.html.erb
  Rendering decks/new.html.erb within layouts/application
  Rendered shared/_landing_header.html.erb (Duration: 2.3ms | Allocations: 721)
  Rendered decks/_flashcard_item.html.erb (Duration: 0.0ms | Allocations: 26)
  Rendered decks/_flashcard_item.html.erb (Duration: 0.0ms | Allocations: 14)
  Rendered decks/new.html.erb within layouts/application (Duration: 3.0ms | Allocations: 1372)
  Rendered layout layouts/application.html.erb (Duration: 4.8ms | Allocations: 3036)
Completed 200 OK in 10ms (Views: 5.2ms | ActiveRecord: 0.2ms | Allocations: 4713)


Started GET "/decks/new" for 127.0.0.1 at 2026-04-05 20:58:29 -0300
Processing by DecksController#new as HTML
  [1m[36mDeck Exists? (0.0ms)[0m  [1m[34mSELECT 1 AS one FROM "decks" LIMIT ?[0m  [["LIMIT", 1]]
  ↳ app/controllers/decks_controller.rb:13:in `new'
  [1m[36mDeck Maximum (0.0ms)[0m  [1m[34mSELECT MAX("decks"."created_at") FROM "decks"[0m
  ↳ app/controllers/decks_controller.rb:14:in `new'
  Rendering layout layouts/application.html.erb
  Rendering decks/new.html.erb within layouts/application
  Rendered shared/_landing_header.html.erb (Duration: 1.4ms | Allocations: 1195)
  Rendered decks/_flashcard_item.html.erb (Duration: 0.3ms | Allocations: 373)
  Rendered decks/_flashcard_item.html.erb (Duration: 0.0ms | Allocations: 14)
  Rendered decks/new.html.erb within layouts/application (Duration: 3.4ms | Allocations: 3151)
  Rendered layout layouts/application.html.erb (Duration: 17.0ms | Allocations: 38231)
Completed 200 OK in 30ms (Views: 18.7ms | ActiveRecord: 2.1ms | Allocations: 50464)


Started GET "/decks/new" for 127.0.0.1 at 2026-04-05 20:58:29 -0300
Processing by DecksController#new as HTML
  [1m[36mDeck Exists? (0.2ms)[0m  [1m[34mSELECT 1 AS one FROM "decks" LIMIT ?[0m  [["LIMIT", 1]]
  ↳ app/controllers/decks_controller.rb:13:in `new'
  [1m[36mDeck Maximum (0.1ms)[0m  [1m[34mSELECT MAX("decks"."created_at") FROM "decks"[0m
  ↳ app/controllers/decks_controller.rb:14:in `new'
  Rendering layout layouts/application.html.erb
  Rendering decks/new.html.erb within layouts/application
  Rendered shared/_landing_header.html.erb (Duration: 1.4ms | Allocations: 724)
  Rendered decks/_flashcard_item.html.erb (Duration: 0.0ms | Allocations: 26)
  Rendered decks/_flashcard_item.html.erb (Duration: 0.0ms | Allocations: 14)
  Rendered decks/new.html.erb within layouts/application (Duration: 2.3ms | Allocations: 1387)
  Rendered layout layouts/application.html.erb (Duration: 3.9ms | Allocations: 3052)
Completed 200 OK in 9ms (Views: 4.3ms | ActiveRecord: 0.2ms | Allocations: 4962)


Started GET "/decks/new" for 127.0.0.1 at 2026-04-05 20:58:30 -0300
Processing by DecksController#new as HTML
  [1m[36mDeck Exists? (0.1ms)[0m  [1m[34mSELECT 1 AS one FROM "decks" LIMIT ?[0m  [["LIMIT", 1]]
  ↳ app/controllers/decks_controller.rb:13:in `new'
  [1m[36mDeck Maximum (0.1ms)[0m  [1m[34mSELECT MAX("decks"."created_at") FROM "decks"[0m
  ↳ app/controllers/decks_controller.rb:14:in `new'
  Rendering layout layouts/application.html.erb
  Rendering decks/new.html.erb within layouts/application
  Rendered shared/_landing_header.html.erb (Duration: 1.7ms | Allocations: 721)
  Rendered decks/_flashcard_item.html.erb (Duration: 0.0ms | Allocations: 26)
  Rendered decks/_flashcard_item.html.erb (Duration: 0.0ms | Allocations: 14)
  Rendered decks/new.html.erb within layouts/application (Duration: 2.3ms | Allocations: 1360)
  Rendered layout layouts/application.html.erb (Duration: 4.2ms | Allocations: 3025)
Completed 200 OK in 9ms (Views: 4.6ms | ActiveRecord: 0.2ms | Allocations: 4702)


Started GET "/decks/new" for 127.0.0.1 at 2026-04-05 20:58:30 -0300
Processing by DecksController#new as HTML
  [1m[36mDeck Exists? (0.1ms)[0m  [1m[34mSELECT 1 AS one FROM "decks" LIMIT ?[0m  [["LIMIT", 1]]
  ↳ app/controllers/decks_controller.rb:13:in `new'
  [1m[36mDeck Maximum (0.0ms)[0m  [1m[34mSELECT MAX("decks"."created_at") FROM "decks"[0m
  ↳ app/controllers/decks_controller.rb:14:in `new'
  Rendering layout layouts/application.html.erb
  Rendering decks/new.html.erb within layouts/application
  Rendered shared/_landing_header.html.erb (Duration: 2.3ms | Allocations: 721)
  Rendered decks/_flashcard_item.html.erb (Duration: 0.0ms | Allocations: 26)
  Rendered decks/_flashcard_item.html.erb (Duration: 0.0ms | Allocations: 14)
  Rendered decks/new.html.erb within layouts/application (Duration: 3.1ms | Allocations: 1372)
  Rendered layout layouts/application.html.erb (Duration: 4.8ms | Allocations: 3036)
Completed 200 OK in 8ms (Views: 5.1ms | ActiveRecord: 0.1ms | Allocations: 4713)


Started GET "/decks" for 127.0.0.1 at 2026-04-05 20:58:32 -0300
Processing by DecksController#index as HTML
  Rendering layout layouts/application.html.erb
  Rendering decks/index.html.erb within layouts/application
  Rendered shared/_landing_header.html.erb (Duration: 3.0ms | Allocations: 721)
  [1m[36mDeck Exists? (0.1ms)[0m  [1m[34mSELECT 1 AS one FROM "decks" LIMIT ?[0m  [["LIMIT", 1]]
  ↳ app/views/decks/index.html.erb:10
  [1m[36mDeck Load (0.1ms)[0m  [1m[34mSELECT "decks".* FROM "decks" ORDER BY "decks"."updated_at" DESC[0m
  ↳ app/views/decks/index.html.erb:12
  [1m[36mFlashcard Load (0.1ms)[0m  [1m[34mSELECT "flashcards".* FROM "flashcards" WHERE "flashcards"."deck_id" IN (?, ?, ?, ?) ORDER BY "flashcards"."position" ASC, "flashcards"."id" ASC[0m  [["deck_id", 4], ["deck_id", 3], ["deck_id", 2], ["deck_id", 1]]
  ↳ app/views/decks/index.html.erb:12
  Rendered decks/index.html.erb within layouts/application (Duration: 6.7ms | Allocations: 3829)
  Rendered layout layouts/application.html.erb (Duration: 8.7ms | Allocations: 5673)
Completed 200 OK in 12ms (Views: 9.0ms | ActiveRecord: 0.2ms | Allocations: 6051)


Started GET "/decks" for 127.0.0.1 at 2026-04-05 21:01:17 -0300
Processing by DecksController#index as HTML
  Rendering layout layouts/application.html.erb
  Rendering decks/index.html.erb within layouts/application
  Rendered decks/index.html.erb within layouts/application (Duration: 4.1ms | Allocations: 1642)
  Rendered layout layouts/application.html.erb (Duration: 4.9ms | Allocations: 1754)
Completed 500 Internal Server Error in 22ms (ActiveRecord: 3.0ms | Allocations: 4983)


  
ActionView::SyntaxErrorInTemplate (Encountered a syntax error while rendering template: check <%= render "shared/landing_header" %>

<div class="bg-gradient-to-b from-surface via-white to-surface">
  <section class="mx-auto max-w-6xl px-4 py-10 sm:px-6 sm:py-14 lg:px-8 lg:py-20">
    <div class="w-full rounded-3xl border border-slate-100 bg-gradient-to-br from-white via-surface to-white p-6 shadow-xl shadow-slate-200/50 sm:p-8">
      <header>
        <h1 class="text-2xl font-bold tracking-tight text-slate-900 sm:text-4xl">My decks</h1>
      </header>

      <% if @decks.any? %>
        <ul class="mt-8 list-disc space-y-3 ps-6 marker:text-slate-400">
          <% @decks.each do |deck| %>
            <li>
              <div class="flex items-center justify-between gap-4">
                <%= link_to deck.title, practice_deck_path(deck), class: "text-sm font-medium text-brand transition hover:underline" %>
                <div class="flex items-center gap-2">
                  <%= link_to edit_deck_path(deck),
                    aria: { label: "Edit deck" },
                    class="ui-hover-gray-dark inline-flex h-10 w-10 cursor-pointer items-center justify-center rounded-xl border border-slate-300 bg-slate-200 text-slate-600 shadow-sm transition-all duration-200 hover:shadow-md focus-visible:outline-none focus-visible:ring-2 focus-visible:ring-slate-500 focus-visible:ring-offset-2"
                  do %>
                    <svg class="h-5 w-5" fill="none" viewBox="0 0 24 24" stroke-width="1.8" stroke="currentColor" aria-hidden="true">
                      <path stroke-linecap="round" stroke-linejoin="round" d="m16.862 4.487 1.687-1.688a2.25 2.25 0 1 1 3.182 3.182L10.582 17.13a4.5 4.5 0 0 1-1.897 1.13l-2.685.896.895-2.685a4.5 4.5 0 0 1 1.13-1.897L16.862 4.487Zm0 0L19.5 7.125" />
                    </svg>
                  <% end %>
                  <button
                    type="button"
                    aria-label="Delete deck"
                    class="ui-hover-gray-dark inline-flex h-10 w-10 cursor-pointer items-center justify-center rounded-xl border border-slate-300 bg-slate-200 text-slate-600 shadow-sm transition-all duration-200 hover:shadow-md focus-visible:outline-none focus-visible:ring-2 focus-visible:ring-slate-500 focus-visible:ring-offset-2"
                  >
                    <svg class="h-5 w-5" fill="none" viewBox="0 0 24 24" stroke-width="1.8" stroke="currentColor" aria-hidden="true">
                      <path stroke-linecap="round" stroke-linejoin="round" d="M3 6.75h18M9.75 6.75V5.25A1.5 1.5 0 0 1 11.25 3.75h1.5a1.5 1.5 0 0 1 1.5 1.5v1.5m-8.25 0V18A2.25 2.25 0 0 0 8.25 20.25h7.5A2.25 2.25 0 0 0 18 18V6.75M10.5 10.5v6m3-6v6" />
                    </svg>
                  </button>
                </div>
              </div>
            </li>
          <% end %>
        </ul>
      <% else %>
        <p class="mt-8 text-sm text-slate-500">No decks yet. Create your first one.</p>
      <% end %>

    </div>

    <div class="mt-10 flex justify-center">
      <%= link_to "Create more",
          new_deck_path,
          class: "ui-gray-cta inline-flex items-center justify-center rounded-2xl bg-slate-300 px-8 py-4 text-base font-semibold text-slate-800 shadow-md shadow-slate-400/40 transition focus-visible:outline-none focus-visible:ring-2 focus-visible:ring-slate-500 focus-visible:ring-offset-2" %>
    </div>
  </section>
</div>

):
1:    <%= render "shared/landing_header" %>
2:    
3:    <div class="bg-gradient-to-b from-surface via-white to-surface">
4:      <section class="mx-auto max-w-6xl px-4 py-10 sm:px-6 sm:py-14 lg:px-8 lg:py-20">
5:        <div class="w-full rounded-3xl border border-slate-100 bg-gradient-to-br from-white via-surface to-white p-6 shadow-xl shadow-slate-200/50 sm:p-8">
6:          <header>
7:            <h1 class="text-2xl font-bold tracking-tight text-slate-900 sm:text-4xl">My decks</h1>
8:          </header>
9:    
10:          <% if @decks.any? %>
11:            <ul class="mt-8 list-disc space-y-3 ps-6 marker:text-slate-400">
12:              <% @decks.each do |deck| %>
13:                <li>
14:                  <div class="flex items-center justify-between gap-4">
15:                    <%= link_to deck.title, practice_deck_path(deck), class: "text-sm font-medium text-brand transition hover:underline" %>
16:                    <div class="flex items-center gap-2">
17:                      <%= link_to edit_deck_path(deck),
18:                        aria: { label: "Edit deck" },
19:                        class="ui-hover-gray-dark inline-flex h-10 w-10 cursor-pointer items-center justify-center rounded-xl border border-slate-300 bg-slate-200 text-slate-600 shadow-sm transition-all duration-200 hover:shadow-md focus-visible:outline-none focus-visible:ring-2 focus-visible:ring-slate-500 focus-visible:ring-offset-2"
20:                      do %>
21:                        <svg class="h-5 w-5" fill="none" viewBox="0 0 24 24" stroke-width="1.8" stroke="currentColor" aria-hidden="true">
22:                          <path stroke-linecap="round" stroke-linejoin="round" d="m16.862 4.487 1.687-1.688a2.25 2.25 0 1 1 3.182 3.182L10.582 17.13a4.5 4.5 0 0 1-1.897 1.13l-2.685.896.895-2.685a4.5 4.5 0 0 1 1.13-1.897L16.862 4.487Zm0 0L19.5 7.125" />
23:                        </svg>
24:                      <% end %>
25:                      <button
26:                        type="button"
27:                        aria-label="Delete deck"
28:                        class="ui-hover-gray-dark inline-flex h-10 w-10 cursor-pointer items-center justify-center rounded-xl border border-slate-300 bg-slate-200 text-slate-600 shadow-sm transition-all duration-200 hover:shadow-md focus-visible:outline-none focus-visible:ring-2 focus-visible:ring-slate-500 focus-visible:ring-offset-2"
29:                      >
30:                        <svg class="h-5 w-5" fill="none" viewBox="0 0 24 24" stroke-width="1.8" stroke="currentColor" aria-hidden="true">
31:                          <path stroke-linecap="round" stroke-linejoin="round" d="M3 6.75h18M9.75 6.75V5.25A1.5 1.5 0 0 1 11.25 3.75h1.5a1.5 1.5 0 0 1 1.5 1.5v1.5m-8.25 0V18A2.25 2.25 0 0 0 8.25 20.25h7.5A2.25 2.25 0 0 0 18 18V6.75M10.5 10.5v6m3-6v6" />
32:                        </svg>
33:                      </button>
34:                    </div>
35:                  </div>
36:                </li>
37:              <% end %>
38:            </ul>
39:          <% else %>
40:            <p class="mt-8 text-sm text-slate-500">No decks yet. Create your first one.</p>
41:          <% end %>
42:    
43:        </div>
44:    
45:        <div class="mt-10 flex justify-center">
46:          <%= link_to "Create more",
47:              new_deck_path,
48:              class: "ui-gray-cta inline-flex items-center justify-center rounded-2xl bg-slate-300 px-8 py-4 text-base font-semibold text-slate-800 shadow-md shadow-slate-400/40 transition focus-visible:outline-none focus-visible:ring-2 focus-visible:ring-slate-500 focus-visible:ring-offset-2" %>
49:        </div>
50:      </section>
51:    </div>
  
app/views/decks/index.html.erb:19: syntax error, unexpected '='
app/views/decks/index.html.erb:20: syntax error, unexpected `do' for block, expecting `end'
app/views/decks/index.html.erb:39: syntax error, unexpected `else', expecting end-of-input
Started GET "/decks" for 127.0.0.1 at 2026-04-05 21:01:18 -0300
Processing by DecksController#index as HTML
  Rendering layout layouts/application.html.erb
  Rendering decks/index.html.erb within layouts/application
  Rendered decks/index.html.erb within layouts/application (Duration: 0.6ms | Allocations: 1315)
  Rendered layout layouts/application.html.erb (Duration: 0.7ms | Allocations: 1412)
Completed 500 Internal Server Error in 2ms (ActiveRecord: 0.0ms | Allocations: 1807)


  
ActionView::SyntaxErrorInTemplate (Encountered a syntax error while rendering template: check <%= render "shared/landing_header" %>

<div class="bg-gradient-to-b from-surface via-white to-surface">
  <section class="mx-auto max-w-6xl px-4 py-10 sm:px-6 sm:py-14 lg:px-8 lg:py-20">
    <div class="w-full rounded-3xl border border-slate-100 bg-gradient-to-br from-white via-surface to-white p-6 shadow-xl shadow-slate-200/50 sm:p-8">
      <header>
        <h1 class="text-2xl font-bold tracking-tight text-slate-900 sm:text-4xl">My decks</h1>
      </header>

      <% if @decks.any? %>
        <ul class="mt-8 list-disc space-y-3 ps-6 marker:text-slate-400">
          <% @decks.each do |deck| %>
            <li>
              <div class="flex items-center justify-between gap-4">
                <%= link_to deck.title, practice_deck_path(deck), class: "text-sm font-medium text-brand transition hover:underline" %>
                <div class="flex items-center gap-2">
                  <%= link_to edit_deck_path(deck),
                    aria: { label: "Edit deck" },
                    class="ui-hover-gray-dark inline-flex h-10 w-10 cursor-pointer items-center justify-center rounded-xl border border-slate-300 bg-slate-200 text-slate-600 shadow-sm transition-all duration-200 hover:shadow-md focus-visible:outline-none focus-visible:ring-2 focus-visible:ring-slate-500 focus-visible:ring-offset-2"
                  do %>
                    <svg class="h-5 w-5" fill="none" viewBox="0 0 24 24" stroke-width="1.8" stroke="currentColor" aria-hidden="true">
                      <path stroke-linecap="round" stroke-linejoin="round" d="m16.862 4.487 1.687-1.688a2.25 2.25 0 1 1 3.182 3.182L10.582 17.13a4.5 4.5 0 0 1-1.897 1.13l-2.685.896.895-2.685a4.5 4.5 0 0 1 1.13-1.897L16.862 4.487Zm0 0L19.5 7.125" />
                    </svg>
                  <% end %>
                  <button
                    type="button"
                    aria-label="Delete deck"
                    class="ui-hover-gray-dark inline-flex h-10 w-10 cursor-pointer items-center justify-center rounded-xl border border-slate-300 bg-slate-200 text-slate-600 shadow-sm transition-all duration-200 hover:shadow-md focus-visible:outline-none focus-visible:ring-2 focus-visible:ring-slate-500 focus-visible:ring-offset-2"
                  >
                    <svg class="h-5 w-5" fill="none" viewBox="0 0 24 24" stroke-width="1.8" stroke="currentColor" aria-hidden="true">
                      <path stroke-linecap="round" stroke-linejoin="round" d="M3 6.75h18M9.75 6.75V5.25A1.5 1.5 0 0 1 11.25 3.75h1.5a1.5 1.5 0 0 1 1.5 1.5v1.5m-8.25 0V18A2.25 2.25 0 0 0 8.25 20.25h7.5A2.25 2.25 0 0 0 18 18V6.75M10.5 10.5v6m3-6v6" />
                    </svg>
                  </button>
                </div>
              </div>
            </li>
          <% end %>
        </ul>
      <% else %>
        <p class="mt-8 text-sm text-slate-500">No decks yet. Create your first one.</p>
      <% end %>

    </div>

    <div class="mt-10 flex justify-center">
      <%= link_to "Create more",
          new_deck_path,
          class: "ui-gray-cta inline-flex items-center justify-center rounded-2xl bg-slate-300 px-8 py-4 text-base font-semibold text-slate-800 shadow-md shadow-slate-400/40 transition focus-visible:outline-none focus-visible:ring-2 focus-visible:ring-slate-500 focus-visible:ring-offset-2" %>
    </div>
  </section>
</div>

):
1:    <%= render "shared/landing_header" %>
2:    
3:    <div class="bg-gradient-to-b from-surface via-white to-surface">
4:      <section class="mx-auto max-w-6xl px-4 py-10 sm:px-6 sm:py-14 lg:px-8 lg:py-20">
5:        <div class="w-full rounded-3xl border border-slate-100 bg-gradient-to-br from-white via-surface to-white p-6 shadow-xl shadow-slate-200/50 sm:p-8">
6:          <header>
7:            <h1 class="text-2xl font-bold tracking-tight text-slate-900 sm:text-4xl">My decks</h1>
8:          </header>
9:    
10:          <% if @decks.any? %>
11:            <ul class="mt-8 list-disc space-y-3 ps-6 marker:text-slate-400">
12:              <% @decks.each do |deck| %>
13:                <li>
14:                  <div class="flex items-center justify-between gap-4">
15:                    <%= link_to deck.title, practice_deck_path(deck), class: "text-sm font-medium text-brand transition hover:underline" %>
16:                    <div class="flex items-center gap-2">
17:                      <%= link_to edit_deck_path(deck),
18:                        aria: { label: "Edit deck" },
19:                        class="ui-hover-gray-dark inline-flex h-10 w-10 cursor-pointer items-center justify-center rounded-xl border border-slate-300 bg-slate-200 text-slate-600 shadow-sm transition-all duration-200 hover:shadow-md focus-visible:outline-none focus-visible:ring-2 focus-visible:ring-slate-500 focus-visible:ring-offset-2"
20:                      do %>
21:                        <svg class="h-5 w-5" fill="none" viewBox="0 0 24 24" stroke-width="1.8" stroke="currentColor" aria-hidden="true">
22:                          <path stroke-linecap="round" stroke-linejoin="round" d="m16.862 4.487 1.687-1.688a2.25 2.25 0 1 1 3.182 3.182L10.582 17.13a4.5 4.5 0 0 1-1.897 1.13l-2.685.896.895-2.685a4.5 4.5 0 0 1 1.13-1.897L16.862 4.487Zm0 0L19.5 7.125" />
23:                        </svg>
24:                      <% end %>
25:                      <button
26:                        type="button"
27:                        aria-label="Delete deck"
28:                        class="ui-hover-gray-dark inline-flex h-10 w-10 cursor-pointer items-center justify-center rounded-xl border border-slate-300 bg-slate-200 text-slate-600 shadow-sm transition-all duration-200 hover:shadow-md focus-visible:outline-none focus-visible:ring-2 focus-visible:ring-slate-500 focus-visible:ring-offset-2"
29:                      >
30:                        <svg class="h-5 w-5" fill="none" viewBox="0 0 24 24" stroke-width="1.8" stroke="currentColor" aria-hidden="true">
31:                          <path stroke-linecap="round" stroke-linejoin="round" d="M3 6.75h18M9.75 6.75V5.25A1.5 1.5 0 0 1 11.25 3.75h1.5a1.5 1.5 0 0 1 1.5 1.5v1.5m-8.25 0V18A2.25 2.25 0 0 0 8.25 20.25h7.5A2.25 2.25 0 0 0 18 18V6.75M10.5 10.5v6m3-6v6" />
32:                        </svg>
33:                      </button>
34:                    </div>
35:                  </div>
36:                </li>
37:              <% end %>
38:            </ul>
39:          <% else %>
40:            <p class="mt-8 text-sm text-slate-500">No decks yet. Create your first one.</p>
41:          <% end %>
42:    
43:        </div>
44:    
45:        <div class="mt-10 flex justify-center">
46:          <%= link_to "Create more",
47:              new_deck_path,
48:              class: "ui-gray-cta inline-flex items-center justify-center rounded-2xl bg-slate-300 px-8 py-4 text-base font-semibold text-slate-800 shadow-md shadow-slate-400/40 transition focus-visible:outline-none focus-visible:ring-2 focus-visible:ring-slate-500 focus-visible:ring-offset-2" %>
49:        </div>
50:      </section>
51:    </div>
  
app/views/decks/index.html.erb:19: syntax error, unexpected '='
app/views/decks/index.html.erb:20: syntax error, unexpected `do' for block, expecting `end'
app/views/decks/index.html.erb:39: syntax error, unexpected `else', expecting end-of-input
Started GET "/decks" for 127.0.0.1 at 2026-04-05 21:02:08 -0300
Processing by DecksController#index as HTML
  Rendering layout layouts/application.html.erb
  Rendering decks/index.html.erb within layouts/application
  Rendered decks/index.html.erb within layouts/application (Duration: 0.6ms | Allocations: 1289)
  Rendered layout layouts/application.html.erb (Duration: 0.6ms | Allocations: 1389)
Completed 500 Internal Server Error in 6ms (ActiveRecord: 1.5ms | Allocations: 4604)


  
ActionView::SyntaxErrorInTemplate (Encountered a syntax error while rendering template: check <%= render "shared/landing_header" %>

<div class="bg-gradient-to-b from-surface via-white to-surface">
  <section class="mx-auto max-w-6xl px-4 py-10 sm:px-6 sm:py-14 lg:px-8 lg:py-20">
    <div class="w-full rounded-3xl border border-slate-100 bg-gradient-to-br from-white via-surface to-white p-6 shadow-xl shadow-slate-200/50 sm:p-8">
      <header>
        <h1 class="text-2xl font-bold tracking-tight text-slate-900 sm:text-4xl">My decks</h1>
      </header>

      <% if @decks.any? %>
        <ul class="mt-8 list-disc space-y-3 ps-6 marker:text-slate-400">
          <% @decks.each do |deck| %>
            <li>
              <div class="flex items-center justify-between gap-4">
                <%= link_to deck.title, practice_deck_path(deck), class: "text-sm font-medium text-brand transition hover:underline" %>
                <div class="flex items-center gap-2">
                  <%= link_to edit_deck_path(deck),
                    aria: { label: "Edit deck" },
                    class: "ui-hover-gray-dark inline-flex h-10 w-10 cursor-pointer items-center justify-center rounded-xl border border-slate-300 bg-slate-200 text-slate-600 shadow-sm transition-all duration-200 hover:shadow-md focus-visible:outline-none focus-visible:ring-2 focus-visible:ring-slate-500 focus-visible:ring-offset-2"
                  do %>
                    <svg class="h-5 w-5" fill="none" viewBox="0 0 24 24" stroke-width="1.8" stroke="currentColor" aria-hidden="true">
                      <path stroke-linecap="round" stroke-linejoin="round" d="m16.862 4.487 1.687-1.688a2.25 2.25 0 1 1 3.182 3.182L10.582 17.13a4.5 4.5 0 0 1-1.897 1.13l-2.685.896.895-2.685a4.5 4.5 0 0 1 1.13-1.897L16.862 4.487Zm0 0L19.5 7.125" />
                    </svg>
                  <% end %>
                  <button
                    type="button"
                    aria-label="Delete deck"
                    class="ui-hover-gray-dark inline-flex h-10 w-10 cursor-pointer items-center justify-center rounded-xl border border-slate-300 bg-slate-200 text-slate-600 shadow-sm transition-all duration-200 hover:shadow-md focus-visible:outline-none focus-visible:ring-2 focus-visible:ring-slate-500 focus-visible:ring-offset-2"
                  >
                    <svg class="h-5 w-5" fill="none" viewBox="0 0 24 24" stroke-width="1.8" stroke="currentColor" aria-hidden="true">
                      <path stroke-linecap="round" stroke-linejoin="round" d="M3 6.75h18M9.75 6.75V5.25A1.5 1.5 0 0 1 11.25 3.75h1.5a1.5 1.5 0 0 1 1.5 1.5v1.5m-8.25 0V18A2.25 2.25 0 0 0 8.25 20.25h7.5A2.25 2.25 0 0 0 18 18V6.75M10.5 10.5v6m3-6v6" />
                    </svg>
                  </button>
                </div>
              </div>
            </li>
          <% end %>
        </ul>
      <% else %>
        <p class="mt-8 text-sm text-slate-500">No decks yet. Create your first one.</p>
      <% end %>

    </div>

    <div class="mt-10 flex justify-center">
      <%= link_to "Create more",
          new_deck_path,
          class: "ui-gray-cta inline-flex items-center justify-center rounded-2xl bg-slate-300 px-8 py-4 text-base font-semibold text-slate-800 shadow-md shadow-slate-400/40 transition focus-visible:outline-none focus-visible:ring-2 focus-visible:ring-slate-500 focus-visible:ring-offset-2" %>
    </div>
  </section>
</div>

):
1:    <%= render "shared/landing_header" %>
2:    
3:    <div class="bg-gradient-to-b from-surface via-white to-surface">
4:      <section class="mx-auto max-w-6xl px-4 py-10 sm:px-6 sm:py-14 lg:px-8 lg:py-20">
5:        <div class="w-full rounded-3xl border border-slate-100 bg-gradient-to-br from-white via-surface to-white p-6 shadow-xl shadow-slate-200/50 sm:p-8">
6:          <header>
7:            <h1 class="text-2xl font-bold tracking-tight text-slate-900 sm:text-4xl">My decks</h1>
8:          </header>
9:    
10:          <% if @decks.any? %>
11:            <ul class="mt-8 list-disc space-y-3 ps-6 marker:text-slate-400">
12:              <% @decks.each do |deck| %>
13:                <li>
14:                  <div class="flex items-center justify-between gap-4">
15:                    <%= link_to deck.title, practice_deck_path(deck), class: "text-sm font-medium text-brand transition hover:underline" %>
16:                    <div class="flex items-center gap-2">
17:                      <%= link_to edit_deck_path(deck),
18:                        aria: { label: "Edit deck" },
19:                        class: "ui-hover-gray-dark inline-flex h-10 w-10 cursor-pointer items-center justify-center rounded-xl border border-slate-300 bg-slate-200 text-slate-600 shadow-sm transition-all duration-200 hover:shadow-md focus-visible:outline-none focus-visible:ring-2 focus-visible:ring-slate-500 focus-visible:ring-offset-2"
20:                      do %>
21:                        <svg class="h-5 w-5" fill="none" viewBox="0 0 24 24" stroke-width="1.8" stroke="currentColor" aria-hidden="true">
22:                          <path stroke-linecap="round" stroke-linejoin="round" d="m16.862 4.487 1.687-1.688a2.25 2.25 0 1 1 3.182 3.182L10.582 17.13a4.5 4.5 0 0 1-1.897 1.13l-2.685.896.895-2.685a4.5 4.5 0 0 1 1.13-1.897L16.862 4.487Zm0 0L19.5 7.125" />
23:                        </svg>
24:                      <% end %>
25:                      <button
26:                        type="button"
27:                        aria-label="Delete deck"
28:                        class="ui-hover-gray-dark inline-flex h-10 w-10 cursor-pointer items-center justify-center rounded-xl border border-slate-300 bg-slate-200 text-slate-600 shadow-sm transition-all duration-200 hover:shadow-md focus-visible:outline-none focus-visible:ring-2 focus-visible:ring-slate-500 focus-visible:ring-offset-2"
29:                      >
30:                        <svg class="h-5 w-5" fill="none" viewBox="0 0 24 24" stroke-width="1.8" stroke="currentColor" aria-hidden="true">
31:                          <path stroke-linecap="round" stroke-linejoin="round" d="M3 6.75h18M9.75 6.75V5.25A1.5 1.5 0 0 1 11.25 3.75h1.5a1.5 1.5 0 0 1 1.5 1.5v1.5m-8.25 0V18A2.25 2.25 0 0 0 8.25 20.25h7.5A2.25 2.25 0 0 0 18 18V6.75M10.5 10.5v6m3-6v6" />
32:                        </svg>
33:                      </button>
34:                    </div>
35:                  </div>
36:                </li>
37:              <% end %>
38:            </ul>
39:          <% else %>
40:            <p class="mt-8 text-sm text-slate-500">No decks yet. Create your first one.</p>
41:          <% end %>
42:    
43:        </div>
44:    
45:        <div class="mt-10 flex justify-center">
46:          <%= link_to "Create more",
47:              new_deck_path,
48:              class: "ui-gray-cta inline-flex items-center justify-center rounded-2xl bg-slate-300 px-8 py-4 text-base font-semibold text-slate-800 shadow-md shadow-slate-400/40 transition focus-visible:outline-none focus-visible:ring-2 focus-visible:ring-slate-500 focus-visible:ring-offset-2" %>
49:        </div>
50:      </section>
51:    </div>
  
app/views/decks/index.html.erb:20: syntax error, unexpected `do', expecting `end'
app/views/decks/index.html.erb:39: syntax error, unexpected `else', expecting end-of-input
Started GET "/decks" for 127.0.0.1 at 2026-04-05 21:02:12 -0300
Processing by DecksController#index as HTML
  Rendering layout layouts/application.html.erb
  Rendering decks/index.html.erb within layouts/application
  Rendered decks/index.html.erb within layouts/application (Duration: 1.8ms | Allocations: 1299)
  Rendered layout layouts/application.html.erb (Duration: 2.2ms | Allocations: 1393)
Completed 500 Internal Server Error in 4ms (ActiveRecord: 0.0ms | Allocations: 1764)


  
ActionView::SyntaxErrorInTemplate (Encountered a syntax error while rendering template: check <%= render "shared/landing_header" %>

<div class="bg-gradient-to-b from-surface via-white to-surface">
  <section class="mx-auto max-w-6xl px-4 py-10 sm:px-6 sm:py-14 lg:px-8 lg:py-20">
    <div class="w-full rounded-3xl border border-slate-100 bg-gradient-to-br from-white via-surface to-white p-6 shadow-xl shadow-slate-200/50 sm:p-8">
      <header>
        <h1 class="text-2xl font-bold tracking-tight text-slate-900 sm:text-4xl">My decks</h1>
      </header>

      <% if @decks.any? %>
        <ul class="mt-8 list-disc space-y-3 ps-6 marker:text-slate-400">
          <% @decks.each do |deck| %>
            <li>
              <div class="flex items-center justify-between gap-4">
                <%= link_to deck.title, practice_deck_path(deck), class: "text-sm font-medium text-brand transition hover:underline" %>
                <div class="flex items-center gap-2">
                  <%= link_to edit_deck_path(deck),
                    aria: { label: "Edit deck" },
                    class: "ui-hover-gray-dark inline-flex h-10 w-10 cursor-pointer items-center justify-center rounded-xl border border-slate-300 bg-slate-200 text-slate-600 shadow-sm transition-all duration-200 hover:shadow-md focus-visible:outline-none focus-visible:ring-2 focus-visible:ring-slate-500 focus-visible:ring-offset-2"
                  do %>
                    <svg class="h-5 w-5" fill="none" viewBox="0 0 24 24" stroke-width="1.8" stroke="currentColor" aria-hidden="true">
                      <path stroke-linecap="round" stroke-linejoin="round" d="m16.862 4.487 1.687-1.688a2.25 2.25 0 1 1 3.182 3.182L10.582 17.13a4.5 4.5 0 0 1-1.897 1.13l-2.685.896.895-2.685a4.5 4.5 0 0 1 1.13-1.897L16.862 4.487Zm0 0L19.5 7.125" />
                    </svg>
                  <% end %>
                  <button
                    type="button"
                    aria-label="Delete deck"
                    class="ui-hover-gray-dark inline-flex h-10 w-10 cursor-pointer items-center justify-center rounded-xl border border-slate-300 bg-slate-200 text-slate-600 shadow-sm transition-all duration-200 hover:shadow-md focus-visible:outline-none focus-visible:ring-2 focus-visible:ring-slate-500 focus-visible:ring-offset-2"
                  >
                    <svg class="h-5 w-5" fill="none" viewBox="0 0 24 24" stroke-width="1.8" stroke="currentColor" aria-hidden="true">
                      <path stroke-linecap="round" stroke-linejoin="round" d="M3 6.75h18M9.75 6.75V5.25A1.5 1.5 0 0 1 11.25 3.75h1.5a1.5 1.5 0 0 1 1.5 1.5v1.5m-8.25 0V18A2.25 2.25 0 0 0 8.25 20.25h7.5A2.25 2.25 0 0 0 18 18V6.75M10.5 10.5v6m3-6v6" />
                    </svg>
                  </button>
                </div>
              </div>
            </li>
          <% end %>
        </ul>
      <% else %>
        <p class="mt-8 text-sm text-slate-500">No decks yet. Create your first one.</p>
      <% end %>

    </div>

    <div class="mt-10 flex justify-center">
      <%= link_to "Create more",
          new_deck_path,
          class: "ui-gray-cta inline-flex items-center justify-center rounded-2xl bg-slate-300 px-8 py-4 text-base font-semibold text-slate-800 shadow-md shadow-slate-400/40 transition focus-visible:outline-none focus-visible:ring-2 focus-visible:ring-slate-500 focus-visible:ring-offset-2" %>
    </div>
  </section>
</div>

):
1:    <%= render "shared/landing_header" %>
2:    
3:    <div class="bg-gradient-to-b from-surface via-white to-surface">
4:      <section class="mx-auto max-w-6xl px-4 py-10 sm:px-6 sm:py-14 lg:px-8 lg:py-20">
5:        <div class="w-full rounded-3xl border border-slate-100 bg-gradient-to-br from-white via-surface to-white p-6 shadow-xl shadow-slate-200/50 sm:p-8">
6:          <header>
7:            <h1 class="text-2xl font-bold tracking-tight text-slate-900 sm:text-4xl">My decks</h1>
8:          </header>
9:    
10:          <% if @decks.any? %>
11:            <ul class="mt-8 list-disc space-y-3 ps-6 marker:text-slate-400">
12:              <% @decks.each do |deck| %>
13:                <li>
14:                  <div class="flex items-center justify-between gap-4">
15:                    <%= link_to deck.title, practice_deck_path(deck), class: "text-sm font-medium text-brand transition hover:underline" %>
16:                    <div class="flex items-center gap-2">
17:                      <%= link_to edit_deck_path(deck),
18:                        aria: { label: "Edit deck" },
19:                        class: "ui-hover-gray-dark inline-flex h-10 w-10 cursor-pointer items-center justify-center rounded-xl border border-slate-300 bg-slate-200 text-slate-600 shadow-sm transition-all duration-200 hover:shadow-md focus-visible:outline-none focus-visible:ring-2 focus-visible:ring-slate-500 focus-visible:ring-offset-2"
20:                      do %>
21:                        <svg class="h-5 w-5" fill="none" viewBox="0 0 24 24" stroke-width="1.8" stroke="currentColor" aria-hidden="true">
22:                          <path stroke-linecap="round" stroke-linejoin="round" d="m16.862 4.487 1.687-1.688a2.25 2.25 0 1 1 3.182 3.182L10.582 17.13a4.5 4.5 0 0 1-1.897 1.13l-2.685.896.895-2.685a4.5 4.5 0 0 1 1.13-1.897L16.862 4.487Zm0 0L19.5 7.125" />
23:                        </svg>
24:                      <% end %>
25:                      <button
26:                        type="button"
27:                        aria-label="Delete deck"
28:                        class="ui-hover-gray-dark inline-flex h-10 w-10 cursor-pointer items-center justify-center rounded-xl border border-slate-300 bg-slate-200 text-slate-600 shadow-sm transition-all duration-200 hover:shadow-md focus-visible:outline-none focus-visible:ring-2 focus-visible:ring-slate-500 focus-visible:ring-offset-2"
29:                      >
30:                        <svg class="h-5 w-5" fill="none" viewBox="0 0 24 24" stroke-width="1.8" stroke="currentColor" aria-hidden="true">
31:                          <path stroke-linecap="round" stroke-linejoin="round" d="M3 6.75h18M9.75 6.75V5.25A1.5 1.5 0 0 1 11.25 3.75h1.5a1.5 1.5 0 0 1 1.5 1.5v1.5m-8.25 0V18A2.25 2.25 0 0 0 8.25 20.25h7.5A2.25 2.25 0 0 0 18 18V6.75M10.5 10.5v6m3-6v6" />
32:                        </svg>
33:                      </button>
34:                    </div>
35:                  </div>
36:                </li>
37:              <% end %>
38:            </ul>
39:          <% else %>
40:            <p class="mt-8 text-sm text-slate-500">No decks yet. Create your first one.</p>
41:          <% end %>
42:    
43:        </div>
44:    
45:        <div class="mt-10 flex justify-center">
46:          <%= link_to "Create more",
47:              new_deck_path,
48:              class: "ui-gray-cta inline-flex items-center justify-center rounded-2xl bg-slate-300 px-8 py-4 text-base font-semibold text-slate-800 shadow-md shadow-slate-400/40 transition focus-visible:outline-none focus-visible:ring-2 focus-visible:ring-slate-500 focus-visible:ring-offset-2" %>
49:        </div>
50:      </section>
51:    </div>
  
app/views/decks/index.html.erb:20: syntax error, unexpected `do', expecting `end'
app/views/decks/index.html.erb:39: syntax error, unexpected `else', expecting end-of-input
Started GET "/decks" for 127.0.0.1 at 2026-04-05 21:02:16 -0300
Processing by DecksController#index as HTML
  Rendering layout layouts/application.html.erb
  Rendering decks/index.html.erb within layouts/application
  Rendered decks/index.html.erb within layouts/application (Duration: 1.1ms | Allocations: 1299)
  Rendered layout layouts/application.html.erb (Duration: 1.3ms | Allocations: 1393)
Completed 500 Internal Server Error in 3ms (ActiveRecord: 0.0ms | Allocations: 1713)


  
ActionView::SyntaxErrorInTemplate (Encountered a syntax error while rendering template: check <%= render "shared/landing_header" %>

<div class="bg-gradient-to-b from-surface via-white to-surface">
  <section class="mx-auto max-w-6xl px-4 py-10 sm:px-6 sm:py-14 lg:px-8 lg:py-20">
    <div class="w-full rounded-3xl border border-slate-100 bg-gradient-to-br from-white via-surface to-white p-6 shadow-xl shadow-slate-200/50 sm:p-8">
      <header>
        <h1 class="text-2xl font-bold tracking-tight text-slate-900 sm:text-4xl">My decks</h1>
      </header>

      <% if @decks.any? %>
        <ul class="mt-8 list-disc space-y-3 ps-6 marker:text-slate-400">
          <% @decks.each do |deck| %>
            <li>
              <div class="flex items-center justify-between gap-4">
                <%= link_to deck.title, practice_deck_path(deck), class: "text-sm font-medium text-brand transition hover:underline" %>
                <div class="flex items-center gap-2">
                  <%= link_to edit_deck_path(deck),
                    aria: { label: "Edit deck" },
                    class: "ui-hover-gray-dark inline-flex h-10 w-10 cursor-pointer items-center justify-center rounded-xl border border-slate-300 bg-slate-200 text-slate-600 shadow-sm transition-all duration-200 hover:shadow-md focus-visible:outline-none focus-visible:ring-2 focus-visible:ring-slate-500 focus-visible:ring-offset-2"
                  do %>
                    <svg class="h-5 w-5" fill="none" viewBox="0 0 24 24" stroke-width="1.8" stroke="currentColor" aria-hidden="true">
                      <path stroke-linecap="round" stroke-linejoin="round" d="m16.862 4.487 1.687-1.688a2.25 2.25 0 1 1 3.182 3.182L10.582 17.13a4.5 4.5 0 0 1-1.897 1.13l-2.685.896.895-2.685a4.5 4.5 0 0 1 1.13-1.897L16.862 4.487Zm0 0L19.5 7.125" />
                    </svg>
                  <% end %>
                  <button
                    type="button"
                    aria-label="Delete deck"
                    class="ui-hover-gray-dark inline-flex h-10 w-10 cursor-pointer items-center justify-center rounded-xl border border-slate-300 bg-slate-200 text-slate-600 shadow-sm transition-all duration-200 hover:shadow-md focus-visible:outline-none focus-visible:ring-2 focus-visible:ring-slate-500 focus-visible:ring-offset-2"
                  >
                    <svg class="h-5 w-5" fill="none" viewBox="0 0 24 24" stroke-width="1.8" stroke="currentColor" aria-hidden="true">
                      <path stroke-linecap="round" stroke-linejoin="round" d="M3 6.75h18M9.75 6.75V5.25A1.5 1.5 0 0 1 11.25 3.75h1.5a1.5 1.5 0 0 1 1.5 1.5v1.5m-8.25 0V18A2.25 2.25 0 0 0 8.25 20.25h7.5A2.25 2.25 0 0 0 18 18V6.75M10.5 10.5v6m3-6v6" />
                    </svg>
                  </button>
                </div>
              </div>
            </li>
          <% end %>
        </ul>
      <% else %>
        <p class="mt-8 text-sm text-slate-500">No decks yet. Create your first one.</p>
      <% end %>

    </div>

    <div class="mt-10 flex justify-center">
      <%= link_to "Create more",
          new_deck_path,
          class: "ui-gray-cta inline-flex items-center justify-center rounded-2xl bg-slate-300 px-8 py-4 text-base font-semibold text-slate-800 shadow-md shadow-slate-400/40 transition focus-visible:outline-none focus-visible:ring-2 focus-visible:ring-slate-500 focus-visible:ring-offset-2" %>
    </div>
  </section>
</div>

):
1:    <%= render "shared/landing_header" %>
2:    
3:    <div class="bg-gradient-to-b from-surface via-white to-surface">
4:      <section class="mx-auto max-w-6xl px-4 py-10 sm:px-6 sm:py-14 lg:px-8 lg:py-20">
5:        <div class="w-full rounded-3xl border border-slate-100 bg-gradient-to-br from-white via-surface to-white p-6 shadow-xl shadow-slate-200/50 sm:p-8">
6:          <header>
7:            <h1 class="text-2xl font-bold tracking-tight text-slate-900 sm:text-4xl">My decks</h1>
8:          </header>
9:    
10:          <% if @decks.any? %>
11:            <ul class="mt-8 list-disc space-y-3 ps-6 marker:text-slate-400">
12:              <% @decks.each do |deck| %>
13:                <li>
14:                  <div class="flex items-center justify-between gap-4">
15:                    <%= link_to deck.title, practice_deck_path(deck), class: "text-sm font-medium text-brand transition hover:underline" %>
16:                    <div class="flex items-center gap-2">
17:                      <%= link_to edit_deck_path(deck),
18:                        aria: { label: "Edit deck" },
19:                        class: "ui-hover-gray-dark inline-flex h-10 w-10 cursor-pointer items-center justify-center rounded-xl border border-slate-300 bg-slate-200 text-slate-600 shadow-sm transition-all duration-200 hover:shadow-md focus-visible:outline-none focus-visible:ring-2 focus-visible:ring-slate-500 focus-visible:ring-offset-2"
20:                      do %>
21:                        <svg class="h-5 w-5" fill="none" viewBox="0 0 24 24" stroke-width="1.8" stroke="currentColor" aria-hidden="true">
22:                          <path stroke-linecap="round" stroke-linejoin="round" d="m16.862 4.487 1.687-1.688a2.25 2.25 0 1 1 3.182 3.182L10.582 17.13a4.5 4.5 0 0 1-1.897 1.13l-2.685.896.895-2.685a4.5 4.5 0 0 1 1.13-1.897L16.862 4.487Zm0 0L19.5 7.125" />
23:                        </svg>
24:                      <% end %>
25:                      <button
26:                        type="button"
27:                        aria-label="Delete deck"
28:                        class="ui-hover-gray-dark inline-flex h-10 w-10 cursor-pointer items-center justify-center rounded-xl border border-slate-300 bg-slate-200 text-slate-600 shadow-sm transition-all duration-200 hover:shadow-md focus-visible:outline-none focus-visible:ring-2 focus-visible:ring-slate-500 focus-visible:ring-offset-2"
29:                      >
30:                        <svg class="h-5 w-5" fill="none" viewBox="0 0 24 24" stroke-width="1.8" stroke="currentColor" aria-hidden="true">
31:                          <path stroke-linecap="round" stroke-linejoin="round" d="M3 6.75h18M9.75 6.75V5.25A1.5 1.5 0 0 1 11.25 3.75h1.5a1.5 1.5 0 0 1 1.5 1.5v1.5m-8.25 0V18A2.25 2.25 0 0 0 8.25 20.25h7.5A2.25 2.25 0 0 0 18 18V6.75M10.5 10.5v6m3-6v6" />
32:                        </svg>
33:                      </button>
34:                    </div>
35:                  </div>
36:                </li>
37:              <% end %>
38:            </ul>
39:          <% else %>
40:            <p class="mt-8 text-sm text-slate-500">No decks yet. Create your first one.</p>
41:          <% end %>
42:    
43:        </div>
44:    
45:        <div class="mt-10 flex justify-center">
46:          <%= link_to "Create more",
47:              new_deck_path,
48:              class: "ui-gray-cta inline-flex items-center justify-center rounded-2xl bg-slate-300 px-8 py-4 text-base font-semibold text-slate-800 shadow-md shadow-slate-400/40 transition focus-visible:outline-none focus-visible:ring-2 focus-visible:ring-slate-500 focus-visible:ring-offset-2" %>
49:        </div>
50:      </section>
51:    </div>
  
app/views/decks/index.html.erb:20: syntax error, unexpected `do', expecting `end'
app/views/decks/index.html.erb:39: syntax error, unexpected `else', expecting end-of-input
Started GET "/decks" for 127.0.0.1 at 2026-04-05 21:02:19 -0300
Processing by DecksController#index as HTML
  Rendering layout layouts/application.html.erb
  Rendering decks/index.html.erb within layouts/application
  Rendered decks/index.html.erb within layouts/application (Duration: 1.2ms | Allocations: 1299)
  Rendered layout layouts/application.html.erb (Duration: 1.5ms | Allocations: 1393)
Completed 500 Internal Server Error in 3ms (ActiveRecord: 0.0ms | Allocations: 1713)


  
ActionView::SyntaxErrorInTemplate (Encountered a syntax error while rendering template: check <%= render "shared/landing_header" %>

<div class="bg-gradient-to-b from-surface via-white to-surface">
  <section class="mx-auto max-w-6xl px-4 py-10 sm:px-6 sm:py-14 lg:px-8 lg:py-20">
    <div class="w-full rounded-3xl border border-slate-100 bg-gradient-to-br from-white via-surface to-white p-6 shadow-xl shadow-slate-200/50 sm:p-8">
      <header>
        <h1 class="text-2xl font-bold tracking-tight text-slate-900 sm:text-4xl">My decks</h1>
      </header>

      <% if @decks.any? %>
        <ul class="mt-8 list-disc space-y-3 ps-6 marker:text-slate-400">
          <% @decks.each do |deck| %>
            <li>
              <div class="flex items-center justify-between gap-4">
                <%= link_to deck.title, practice_deck_path(deck), class: "text-sm font-medium text-brand transition hover:underline" %>
                <div class="flex items-center gap-2">
                  <%= link_to edit_deck_path(deck),
                    aria: { label: "Edit deck" },
                    class: "ui-hover-gray-dark inline-flex h-10 w-10 cursor-pointer items-center justify-center rounded-xl border border-slate-300 bg-slate-200 text-slate-600 shadow-sm transition-all duration-200 hover:shadow-md focus-visible:outline-none focus-visible:ring-2 focus-visible:ring-slate-500 focus-visible:ring-offset-2"
                  do %>
                    <svg class="h-5 w-5" fill="none" viewBox="0 0 24 24" stroke-width="1.8" stroke="currentColor" aria-hidden="true">
                      <path stroke-linecap="round" stroke-linejoin="round" d="m16.862 4.487 1.687-1.688a2.25 2.25 0 1 1 3.182 3.182L10.582 17.13a4.5 4.5 0 0 1-1.897 1.13l-2.685.896.895-2.685a4.5 4.5 0 0 1 1.13-1.897L16.862 4.487Zm0 0L19.5 7.125" />
                    </svg>
                  <% end %>
                  <button
                    type="button"
                    aria-label="Delete deck"
                    class="ui-hover-gray-dark inline-flex h-10 w-10 cursor-pointer items-center justify-center rounded-xl border border-slate-300 bg-slate-200 text-slate-600 shadow-sm transition-all duration-200 hover:shadow-md focus-visible:outline-none focus-visible:ring-2 focus-visible:ring-slate-500 focus-visible:ring-offset-2"
                  >
                    <svg class="h-5 w-5" fill="none" viewBox="0 0 24 24" stroke-width="1.8" stroke="currentColor" aria-hidden="true">
                      <path stroke-linecap="round" stroke-linejoin="round" d="M3 6.75h18M9.75 6.75V5.25A1.5 1.5 0 0 1 11.25 3.75h1.5a1.5 1.5 0 0 1 1.5 1.5v1.5m-8.25 0V18A2.25 2.25 0 0 0 8.25 20.25h7.5A2.25 2.25 0 0 0 18 18V6.75M10.5 10.5v6m3-6v6" />
                    </svg>
                  </button>
                </div>
              </div>
            </li>
          <% end %>
        </ul>
      <% else %>
        <p class="mt-8 text-sm text-slate-500">No decks yet. Create your first one.</p>
      <% end %>

    </div>

    <div class="mt-10 flex justify-center">
      <%= link_to "Create more",
          new_deck_path,
          class: "ui-gray-cta inline-flex items-center justify-center rounded-2xl bg-slate-300 px-8 py-4 text-base font-semibold text-slate-800 shadow-md shadow-slate-400/40 transition focus-visible:outline-none focus-visible:ring-2 focus-visible:ring-slate-500 focus-visible:ring-offset-2" %>
    </div>
  </section>
</div>

):
1:    <%= render "shared/landing_header" %>
2:    
3:    <div class="bg-gradient-to-b from-surface via-white to-surface">
4:      <section class="mx-auto max-w-6xl px-4 py-10 sm:px-6 sm:py-14 lg:px-8 lg:py-20">
5:        <div class="w-full rounded-3xl border border-slate-100 bg-gradient-to-br from-white via-surface to-white p-6 shadow-xl shadow-slate-200/50 sm:p-8">
6:          <header>
7:            <h1 class="text-2xl font-bold tracking-tight text-slate-900 sm:text-4xl">My decks</h1>
8:          </header>
9:    
10:          <% if @decks.any? %>
11:            <ul class="mt-8 list-disc space-y-3 ps-6 marker:text-slate-400">
12:              <% @decks.each do |deck| %>
13:                <li>
14:                  <div class="flex items-center justify-between gap-4">
15:                    <%= link_to deck.title, practice_deck_path(deck), class: "text-sm font-medium text-brand transition hover:underline" %>
16:                    <div class="flex items-center gap-2">
17:                      <%= link_to edit_deck_path(deck),
18:                        aria: { label: "Edit deck" },
19:                        class: "ui-hover-gray-dark inline-flex h-10 w-10 cursor-pointer items-center justify-center rounded-xl border border-slate-300 bg-slate-200 text-slate-600 shadow-sm transition-all duration-200 hover:shadow-md focus-visible:outline-none focus-visible:ring-2 focus-visible:ring-slate-500 focus-visible:ring-offset-2"
20:                      do %>
21:                        <svg class="h-5 w-5" fill="none" viewBox="0 0 24 24" stroke-width="1.8" stroke="currentColor" aria-hidden="true">
22:                          <path stroke-linecap="round" stroke-linejoin="round" d="m16.862 4.487 1.687-1.688a2.25 2.25 0 1 1 3.182 3.182L10.582 17.13a4.5 4.5 0 0 1-1.897 1.13l-2.685.896.895-2.685a4.5 4.5 0 0 1 1.13-1.897L16.862 4.487Zm0 0L19.5 7.125" />
23:                        </svg>
24:                      <% end %>
25:                      <button
26:                        type="button"
27:                        aria-label="Delete deck"
28:                        class="ui-hover-gray-dark inline-flex h-10 w-10 cursor-pointer items-center justify-center rounded-xl border border-slate-300 bg-slate-200 text-slate-600 shadow-sm transition-all duration-200 hover:shadow-md focus-visible:outline-none focus-visible:ring-2 focus-visible:ring-slate-500 focus-visible:ring-offset-2"
29:                      >
30:                        <svg class="h-5 w-5" fill="none" viewBox="0 0 24 24" stroke-width="1.8" stroke="currentColor" aria-hidden="true">
31:                          <path stroke-linecap="round" stroke-linejoin="round" d="M3 6.75h18M9.75 6.75V5.25A1.5 1.5 0 0 1 11.25 3.75h1.5a1.5 1.5 0 0 1 1.5 1.5v1.5m-8.25 0V18A2.25 2.25 0 0 0 8.25 20.25h7.5A2.25 2.25 0 0 0 18 18V6.75M10.5 10.5v6m3-6v6" />
32:                        </svg>
33:                      </button>
34:                    </div>
35:                  </div>
36:                </li>
37:              <% end %>
38:            </ul>
39:          <% else %>
40:            <p class="mt-8 text-sm text-slate-500">No decks yet. Create your first one.</p>
41:          <% end %>
42:    
43:        </div>
44:    
45:        <div class="mt-10 flex justify-center">
46:          <%= link_to "Create more",
47:              new_deck_path,
48:              class: "ui-gray-cta inline-flex items-center justify-center rounded-2xl bg-slate-300 px-8 py-4 text-base font-semibold text-slate-800 shadow-md shadow-slate-400/40 transition focus-visible:outline-none focus-visible:ring-2 focus-visible:ring-slate-500 focus-visible:ring-offset-2" %>
49:        </div>
50:      </section>
51:    </div>
  
app/views/decks/index.html.erb:20: syntax error, unexpected `do', expecting `end'
app/views/decks/index.html.erb:39: syntax error, unexpected `else', expecting end-of-input
Started GET "/decks" for 127.0.0.1 at 2026-04-05 21:02:50 -0300
Processing by DecksController#index as HTML
  Rendering layout layouts/application.html.erb
  Rendering decks/index.html.erb within layouts/application
  Rendered shared/_landing_header.html.erb (Duration: 1.9ms | Allocations: 1196)
  [1m[36mDeck Exists? (0.1ms)[0m  [1m[34mSELECT 1 AS one FROM "decks" LIMIT ?[0m  [["LIMIT", 1]]
  ↳ app/views/decks/index.html.erb:10
  [1m[36mDeck Load (0.1ms)[0m  [1m[34mSELECT "decks".* FROM "decks" ORDER BY "decks"."updated_at" DESC[0m
  ↳ app/views/decks/index.html.erb:12
  [1m[36mFlashcard Load (0.1ms)[0m  [1m[34mSELECT "flashcards".* FROM "flashcards" WHERE "flashcards"."deck_id" IN (?, ?, ?, ?) ORDER BY "flashcards"."position" ASC, "flashcards"."id" ASC[0m  [["deck_id", 4], ["deck_id", 3], ["deck_id", 2], ["deck_id", 1]]
  ↳ app/views/decks/index.html.erb:12
  Rendered decks/index.html.erb within layouts/application (Duration: 10.3ms | Allocations: 12742)
  Rendered layout layouts/application.html.erb (Duration: 28.0ms | Allocations: 48135)
Completed 200 OK in 37ms (Views: 30.0ms | ActiveRecord: 2.1ms | Allocations: 51331)


Started GET "/decks/4/edit" for 127.0.0.1 at 2026-04-05 21:02:52 -0300
Processing by DecksController#edit as HTML
  Parameters: {"id"=>"4"}
  [1m[36mDeck Exists? (0.1ms)[0m  [1m[34mSELECT 1 AS one FROM "decks" LIMIT ?[0m  [["LIMIT", 1]]
  ↳ app/controllers/decks_controller.rb:20:in `edit'
  [1m[36mDeck Maximum (0.1ms)[0m  [1m[34mSELECT MAX("decks"."created_at") FROM "decks"[0m
  ↳ app/controllers/decks_controller.rb:21:in `edit'
  [1m[36mDeck Load (0.1ms)[0m  [1m[34mSELECT "decks".* FROM "decks" WHERE "decks"."id" = ? LIMIT ?[0m  [["id", 4], ["LIMIT", 1]]
  ↳ app/controllers/decks_controller.rb:22:in `edit'
  [1m[36mFlashcard Load (0.1ms)[0m  [1m[34mSELECT "flashcards".* FROM "flashcards" WHERE "flashcards"."deck_id" = ? ORDER BY "flashcards"."position" ASC, "flashcards"."id" ASC[0m  [["deck_id", 4]]
  ↳ app/controllers/decks_controller.rb:22:in `edit'
  Rendering layout layouts/application.html.erb
  Rendering decks/new.html.erb within layouts/application
  Rendered shared/_landing_header.html.erb (Duration: 1.3ms | Allocations: 737)
  Rendered decks/_flashcard_item.html.erb (Duration: 0.4ms | Allocations: 383)
  Rendered decks/_flashcard_item.html.erb (Duration: 0.0ms | Allocations: 14)
  Rendered decks/new.html.erb within layouts/application (Duration: 3.8ms | Allocations: 2678)
  Rendered layout layouts/application.html.erb (Duration: 5.6ms | Allocations: 4339)
Completed 200 OK in 13ms (Views: 6.5ms | ActiveRecord: 0.5ms | Allocations: 7674)


Started PATCH "/decks/4" for 127.0.0.1 at 2026-04-05 21:03:05 -0300
Processing by DecksController#update as TURBO_STREAM
  Parameters: {"authenticity_token"=>"[FILTERED]", "deck"=>{"title"=>"update", "description"=>"", "flashcards_attributes"=>{"0"=>{"id"=>"4", "position"=>"0", "term"=>"aaaavdvdvdv", "definition"=>"aaaavdvdvdv"}, "1"=>{"position"=>"1", "term"=>"ddd", "definition"=>"dddd"}}}, "commit_action"=>"update", "id"=>"4"}
  [1m[36mDeck Load (0.1ms)[0m  [1m[34mSELECT "decks".* FROM "decks" WHERE "decks"."id" = ? LIMIT ?[0m  [["id", 4], ["LIMIT", 1]]
  ↳ app/controllers/decks_controller.rb:48:in `update'
  [1m[36mFlashcard Load (0.1ms)[0m  [1m[34mSELECT "flashcards".* FROM "flashcards" WHERE "flashcards"."deck_id" = ? ORDER BY "flashcards"."position" ASC, "flashcards"."id" ASC[0m  [["deck_id", 4]]
  ↳ app/controllers/decks_controller.rb:48:in `update'
  [1m[36mDeck Exists? (0.1ms)[0m  [1m[34mSELECT 1 AS one FROM "decks" LIMIT ?[0m  [["LIMIT", 1]]
  ↳ app/controllers/decks_controller.rb:49:in `update'
  [1m[36mDeck Maximum (0.0ms)[0m  [1m[34mSELECT MAX("decks"."created_at") FROM "decks"[0m
  ↳ app/controllers/decks_controller.rb:50:in `update'
  [1m[36mTRANSACTION (0.0ms)[0m  [1m[36mbegin transaction[0m
  ↳ app/controllers/decks_controller.rb:55:in `update'
  [1m[36mDeck Update (0.4ms)[0m  [1m[33mUPDATE "decks" SET "title" = ?, "updated_at" = ? WHERE "decks"."id" = ?[0m  [["title", "update"], ["updated_at", "2026-04-06 00:03:05.062627"], ["id", 4]]
  ↳ app/controllers/decks_controller.rb:55:in `update'
  [1m[36mFlashcard Create (0.1ms)[0m  [1m[32mINSERT INTO "flashcards" ("deck_id", "term", "definition", "position", "created_at", "updated_at") VALUES (?, ?, ?, ?, ?, ?) RETURNING "id"[0m  [["deck_id", 4], ["term", "ddd"], ["definition", "dddd"], ["position", 1], ["created_at", "2026-04-06 00:03:05.063569"], ["updated_at", "2026-04-06 00:03:05.063569"]]
  ↳ app/controllers/decks_controller.rb:55:in `update'
  [1m[36mTRANSACTION (0.3ms)[0m  [1m[36mcommit transaction[0m
  ↳ app/controllers/decks_controller.rb:55:in `update'
Redirected to http://127.0.0.1:3000/decks/4/edit
Completed 302 Found in 8ms (ActiveRecord: 1.0ms | Allocations: 7494)


Started GET "/decks/4/edit" for 127.0.0.1 at 2026-04-05 21:03:05 -0300
Processing by DecksController#edit as TURBO_STREAM
  Parameters: {"id"=>"4"}
  [1m[36mDeck Exists? (0.1ms)[0m  [1m[34mSELECT 1 AS one FROM "decks" LIMIT ?[0m  [["LIMIT", 1]]
  ↳ app/controllers/decks_controller.rb:20:in `edit'
  [1m[36mDeck Maximum (0.0ms)[0m  [1m[34mSELECT MAX("decks"."created_at") FROM "decks"[0m
  ↳ app/controllers/decks_controller.rb:21:in `edit'
  [1m[36mDeck Load (0.0ms)[0m  [1m[34mSELECT "decks".* FROM "decks" WHERE "decks"."id" = ? LIMIT ?[0m  [["id", 4], ["LIMIT", 1]]
  ↳ app/controllers/decks_controller.rb:22:in `edit'
  [1m[36mFlashcard Load (2.4ms)[0m  [1m[34mSELECT "flashcards".* FROM "flashcards" WHERE "flashcards"."deck_id" = ? ORDER BY "flashcards"."position" ASC, "flashcards"."id" ASC[0m  [["deck_id", 4]]
  ↳ app/controllers/decks_controller.rb:22:in `edit'
  Rendering layout layouts/application.html.erb
  Rendering decks/new.html.erb within layouts/application
  Rendered shared/_landing_header.html.erb (Duration: 3.7ms | Allocations: 721)
  Rendered decks/_flashcard_item.html.erb (Duration: 0.0ms | Allocations: 35)
  Rendered decks/_flashcard_item.html.erb (Duration: 0.0ms | Allocations: 26)
  Rendered decks/_flashcard_item.html.erb (Duration: 0.0ms | Allocations: 14)
  Rendered decks/new.html.erb within layouts/application (Duration: 8.7ms | Allocations: 1534)
  Rendered layout layouts/application.html.erb (Duration: 15.9ms | Allocations: 3194)
Completed 200 OK in 27ms (Views: 16.2ms | ActiveRecord: 2.5ms | Allocations: 6308)


Started PATCH "/decks/4" for 127.0.0.1 at 2026-04-05 21:03:07 -0300
Processing by DecksController#update as TURBO_STREAM
  Parameters: {"authenticity_token"=>"[FILTERED]", "deck"=>{"title"=>"update", "description"=>"", "flashcards_attributes"=>{"0"=>{"id"=>"4", "position"=>"0", "term"=>"aaaavdvdvdv", "definition"=>"aaaavdvdvdv"}, "1"=>{"id"=>"5", "position"=>"1", "term"=>"ddd", "definition"=>"dddd"}}}, "commit_action"=>"update", "id"=>"4"}
  [1m[36mDeck Load (0.1ms)[0m  [1m[34mSELECT "decks".* FROM "decks" WHERE "decks"."id" = ? LIMIT ?[0m  [["id", 4], ["LIMIT", 1]]
  ↳ app/controllers/decks_controller.rb:48:in `update'
  [1m[36mFlashcard Load (0.0ms)[0m  [1m[34mSELECT "flashcards".* FROM "flashcards" WHERE "flashcards"."deck_id" = ? ORDER BY "flashcards"."position" ASC, "flashcards"."id" ASC[0m  [["deck_id", 4]]
  ↳ app/controllers/decks_controller.rb:48:in `update'
  [1m[36mDeck Exists? (0.0ms)[0m  [1m[34mSELECT 1 AS one FROM "decks" LIMIT ?[0m  [["LIMIT", 1]]
  ↳ app/controllers/decks_controller.rb:49:in `update'
  [1m[36mDeck Maximum (0.0ms)[0m  [1m[34mSELECT MAX("decks"."created_at") FROM "decks"[0m
  ↳ app/controllers/decks_controller.rb:50:in `update'
Redirected to http://127.0.0.1:3000/decks/4/edit
Completed 302 Found in 4ms (ActiveRecord: 0.1ms | Allocations: 3644)


Started GET "/decks/4/edit" for 127.0.0.1 at 2026-04-05 21:03:07 -0300
Processing by DecksController#edit as TURBO_STREAM
  Parameters: {"id"=>"4"}
  [1m[36mDeck Exists? (0.1ms)[0m  [1m[34mSELECT 1 AS one FROM "decks" LIMIT ?[0m  [["LIMIT", 1]]
  ↳ app/controllers/decks_controller.rb:20:in `edit'
  [1m[36mDeck Maximum (0.0ms)[0m  [1m[34mSELECT MAX("decks"."created_at") FROM "decks"[0m
  ↳ app/controllers/decks_controller.rb:21:in `edit'
  [1m[36mDeck Load (0.0ms)[0m  [1m[34mSELECT "decks".* FROM "decks" WHERE "decks"."id" = ? LIMIT ?[0m  [["id", 4], ["LIMIT", 1]]
  ↳ app/controllers/decks_controller.rb:22:in `edit'
  [1m[36mFlashcard Load (0.0ms)[0m  [1m[34mSELECT "flashcards".* FROM "flashcards" WHERE "flashcards"."deck_id" = ? ORDER BY "flashcards"."position" ASC, "flashcards"."id" ASC[0m  [["deck_id", 4]]
  ↳ app/controllers/decks_controller.rb:22:in `edit'
  Rendering layout layouts/application.html.erb
  Rendering decks/new.html.erb within layouts/application
  Rendered shared/_landing_header.html.erb (Duration: 0.9ms | Allocations: 728)
  Rendered decks/_flashcard_item.html.erb (Duration: 0.0ms | Allocations: 35)
  Rendered decks/_flashcard_item.html.erb (Duration: 0.0ms | Allocations: 26)
  Rendered decks/_flashcard_item.html.erb (Duration: 0.0ms | Allocations: 14)
  Rendered decks/new.html.erb within layouts/application (Duration: 1.6ms | Allocations: 1504)
  Rendered layout layouts/application.html.erb (Duration: 2.9ms | Allocations: 3169)
Completed 200 OK in 6ms (Views: 3.1ms | ActiveRecord: 0.1ms | Allocations: 6238)


Started PATCH "/decks/4" for 127.0.0.1 at 2026-04-05 21:03:08 -0300
Processing by DecksController#update as TURBO_STREAM
  Parameters: {"authenticity_token"=>"[FILTERED]", "deck"=>{"title"=>"update", "description"=>"", "flashcards_attributes"=>{"0"=>{"id"=>"4", "position"=>"0", "term"=>"aaaavdvdvdv", "definition"=>"aaaavdvdvdv"}, "1"=>{"id"=>"5", "position"=>"1", "term"=>"ddd", "definition"=>"dddd"}}}, "commit_action"=>"practice", "id"=>"4"}
  [1m[36mDeck Load (0.1ms)[0m  [1m[34mSELECT "decks".* FROM "decks" WHERE "decks"."id" = ? LIMIT ?[0m  [["id", 4], ["LIMIT", 1]]
  ↳ app/controllers/decks_controller.rb:48:in `update'
  [1m[36mFlashcard Load (0.1ms)[0m  [1m[34mSELECT "flashcards".* FROM "flashcards" WHERE "flashcards"."deck_id" = ? ORDER BY "flashcards"."position" ASC, "flashcards"."id" ASC[0m  [["deck_id", 4]]
  ↳ app/controllers/decks_controller.rb:48:in `update'
  [1m[36mDeck Exists? (0.1ms)[0m  [1m[34mSELECT 1 AS one FROM "decks" LIMIT ?[0m  [["LIMIT", 1]]
  ↳ app/controllers/decks_controller.rb:49:in `update'
  [1m[36mDeck Maximum (0.0ms)[0m  [1m[34mSELECT MAX("decks"."created_at") FROM "decks"[0m
  ↳ app/controllers/decks_controller.rb:50:in `update'
Redirected to http://127.0.0.1:3000/decks/4/practice
Completed 302 Found in 8ms (ActiveRecord: 0.4ms | Allocations: 3652)


Started GET "/decks/4/practice" for 127.0.0.1 at 2026-04-05 21:03:08 -0300
Processing by DecksController#practice as TURBO_STREAM
  Parameters: {"id"=>"4"}
  [1m[36mDeck Load (0.1ms)[0m  [1m[34mSELECT "decks".* FROM "decks" WHERE "decks"."id" = ? LIMIT ?[0m  [["id", 4], ["LIMIT", 1]]
  ↳ app/controllers/decks_controller.rb:28:in `practice'
  [1m[36mFlashcard Load (0.0ms)[0m  [1m[34mSELECT "flashcards".* FROM "flashcards" WHERE "flashcards"."deck_id" = ? ORDER BY "flashcards"."position" ASC, "flashcards"."id" ASC[0m  [["deck_id", 4]]
  ↳ app/controllers/decks_controller.rb:28:in `practice'
  Rendering layout layouts/application.html.erb
  Rendering decks/practice.html.erb within layouts/application
  Rendered shared/_landing_header.html.erb (Duration: 1.5ms | Allocations: 721)
  Rendered shared/_flashcard_flip.html.erb (Duration: 0.5ms | Allocations: 416)
  Rendered decks/practice.html.erb within layouts/application (Duration: 3.7ms | Allocations: 1638)
  Rendered layout layouts/application.html.erb (Duration: 5.7ms | Allocations: 3498)
Completed 200 OK in 9ms (Views: 6.0ms | ActiveRecord: 0.1ms | Allocations: 5480)


Started GET "/" for 127.0.0.1 at 2026-04-05 21:03:12 -0300
Processing by HomeController#index as HTML
  [1m[36mDeck Exists? (0.2ms)[0m  [1m[34mSELECT 1 AS one FROM "decks" LIMIT ?[0m  [["LIMIT", 1]]
  ↳ app/controllers/home_controller.rb:3:in `index'
  Rendering layout layouts/application.html.erb
  Rendering home/index.html.erb within layouts/application
  Rendered shared/_landing_header.html.erb (Duration: 1.0ms | Allocations: 853)
  Rendered shared/_flashcard_flip.html.erb (Duration: 0.0ms | Allocations: 46)
  Rendered home/index.html.erb within layouts/application (Duration: 1.6ms | Allocations: 1374)
  Rendered layout layouts/application.html.erb (Duration: 3.0ms | Allocations: 3336)
Completed 200 OK in 7ms (Views: 4.0ms | ActiveRecord: 0.1ms | Allocations: 4522)


Started GET "/decks/start" for 127.0.0.1 at 2026-04-05 21:03:13 -0300
Processing by DecksController#start as HTML
  [1m[36mDeck Exists? (0.1ms)[0m  [1m[34mSELECT 1 AS one FROM "decks" LIMIT ?[0m  [["LIMIT", 1]]
  ↳ app/controllers/decks_controller.rb:3:in `start'
Redirected to http://127.0.0.1:3000/decks
Completed 302 Found in 2ms (ActiveRecord: 0.1ms | Allocations: 709)


Started GET "/decks" for 127.0.0.1 at 2026-04-05 21:03:13 -0300
Processing by DecksController#index as HTML
  Rendering layout layouts/application.html.erb
  Rendering decks/index.html.erb within layouts/application
  Rendered shared/_landing_header.html.erb (Duration: 1.1ms | Allocations: 721)
  [1m[36mDeck Exists? (0.1ms)[0m  [1m[34mSELECT 1 AS one FROM "decks" LIMIT ?[0m  [["LIMIT", 1]]
  ↳ app/views/decks/index.html.erb:10
  [1m[36mDeck Load (0.0ms)[0m  [1m[34mSELECT "decks".* FROM "decks" ORDER BY "decks"."updated_at" DESC[0m
  ↳ app/views/decks/index.html.erb:12
  [1m[36mFlashcard Load (0.1ms)[0m  [1m[34mSELECT "flashcards".* FROM "flashcards" WHERE "flashcards"."deck_id" IN (?, ?, ?, ?) ORDER BY "flashcards"."position" ASC, "flashcards"."id" ASC[0m  [["deck_id", 4], ["deck_id", 3], ["deck_id", 2], ["deck_id", 1]]
  ↳ app/views/decks/index.html.erb:12
  Rendered decks/index.html.erb within layouts/application (Duration: 3.0ms | Allocations: 3549)
  Rendered layout layouts/application.html.erb (Duration: 4.6ms | Allocations: 5405)
Completed 200 OK in 6ms (Views: 4.7ms | ActiveRecord: 0.2ms | Allocations: 5720)


Started GET "/decks/4/practice" for 127.0.0.1 at 2026-04-05 21:03:14 -0300
Processing by DecksController#practice as HTML
  Parameters: {"id"=>"4"}
  [1m[36mDeck Load (0.1ms)[0m  [1m[34mSELECT "decks".* FROM "decks" WHERE "decks"."id" = ? LIMIT ?[0m  [["id", 4], ["LIMIT", 1]]
  ↳ app/controllers/decks_controller.rb:28:in `practice'
  [1m[36mFlashcard Load (0.1ms)[0m  [1m[34mSELECT "flashcards".* FROM "flashcards" WHERE "flashcards"."deck_id" = ? ORDER BY "flashcards"."position" ASC, "flashcards"."id" ASC[0m  [["deck_id", 4]]
  ↳ app/controllers/decks_controller.rb:28:in `practice'
  Rendering layout layouts/application.html.erb
  Rendering decks/practice.html.erb within layouts/application
  Rendered shared/_landing_header.html.erb (Duration: 2.1ms | Allocations: 721)
  Rendered shared/_flashcard_flip.html.erb (Duration: 0.1ms | Allocations: 30)
  Rendered decks/practice.html.erb within layouts/application (Duration: 2.6ms | Allocations: 948)
  Rendered layout layouts/application.html.erb (Duration: 5.4ms | Allocations: 2794)
Completed 200 OK in 10ms (Views: 5.8ms | ActiveRecord: 0.2ms | Allocations: 4730)


Started GET "/" for 127.0.0.1 at 2026-04-05 21:03:23 -0300
Processing by HomeController#index as HTML
  [1m[36mDeck Exists? (0.1ms)[0m  [1m[34mSELECT 1 AS one FROM "decks" LIMIT ?[0m  [["LIMIT", 1]]
  ↳ app/controllers/home_controller.rb:3:in `index'
  Rendering layout layouts/application.html.erb
  Rendering home/index.html.erb within layouts/application
  Rendered shared/_landing_header.html.erb (Duration: 1.7ms | Allocations: 721)
  Rendered shared/_flashcard_flip.html.erb (Duration: 0.0ms | Allocations: 32)
  Rendered home/index.html.erb within layouts/application (Duration: 2.0ms | Allocations: 922)
  Rendered layout layouts/application.html.erb (Duration: 3.6ms | Allocations: 2781)
Completed 200 OK in 6ms (Views: 3.8ms | ActiveRecord: 0.1ms | Allocations: 3574)


Started GET "/decks/start" for 127.0.0.1 at 2026-04-05 21:03:25 -0300
Processing by DecksController#start as HTML
  [1m[36mDeck Exists? (0.1ms)[0m  [1m[34mSELECT 1 AS one FROM "decks" LIMIT ?[0m  [["LIMIT", 1]]
  ↳ app/controllers/decks_controller.rb:3:in `start'
Redirected to http://127.0.0.1:3000/decks
Completed 302 Found in 2ms (ActiveRecord: 0.1ms | Allocations: 691)


Started GET "/decks" for 127.0.0.1 at 2026-04-05 21:03:25 -0300
Processing by DecksController#index as HTML
  Rendering layout layouts/application.html.erb
  Rendering decks/index.html.erb within layouts/application
  Rendered shared/_landing_header.html.erb (Duration: 1.6ms | Allocations: 721)
  [1m[36mDeck Exists? (0.2ms)[0m  [1m[34mSELECT 1 AS one FROM "decks" LIMIT ?[0m  [["LIMIT", 1]]
  ↳ app/views/decks/index.html.erb:10
  [1m[36mDeck Load (0.1ms)[0m  [1m[34mSELECT "decks".* FROM "decks" ORDER BY "decks"."updated_at" DESC[0m
  ↳ app/views/decks/index.html.erb:12
  [1m[36mFlashcard Load (0.2ms)[0m  [1m[34mSELECT "flashcards".* FROM "flashcards" WHERE "flashcards"."deck_id" IN (?, ?, ?, ?) ORDER BY "flashcards"."position" ASC, "flashcards"."id" ASC[0m  [["deck_id", 4], ["deck_id", 3], ["deck_id", 2], ["deck_id", 1]]
  ↳ app/views/decks/index.html.erb:12
  Rendered decks/index.html.erb within layouts/application (Duration: 7.2ms | Allocations: 3467)
  Rendered layout layouts/application.html.erb (Duration: 11.0ms | Allocations: 5326)
Completed 200 OK in 13ms (Views: 10.9ms | ActiveRecord: 0.4ms | Allocations: 5620)


Started GET "/decks/4/edit" for 127.0.0.1 at 2026-04-05 21:03:26 -0300
Processing by DecksController#edit as HTML
  Parameters: {"id"=>"4"}
  [1m[36mDeck Exists? (0.1ms)[0m  [1m[34mSELECT 1 AS one FROM "decks" LIMIT ?[0m  [["LIMIT", 1]]
  ↳ app/controllers/decks_controller.rb:20:in `edit'
  [1m[36mDeck Maximum (0.0ms)[0m  [1m[34mSELECT MAX("decks"."created_at") FROM "decks"[0m
  ↳ app/controllers/decks_controller.rb:21:in `edit'
  [1m[36mDeck Load (0.0ms)[0m  [1m[34mSELECT "decks".* FROM "decks" WHERE "decks"."id" = ? LIMIT ?[0m  [["id", 4], ["LIMIT", 1]]
  ↳ app/controllers/decks_controller.rb:22:in `edit'
  [1m[36mFlashcard Load (0.0ms)[0m  [1m[34mSELECT "flashcards".* FROM "flashcards" WHERE "flashcards"."deck_id" = ? ORDER BY "flashcards"."position" ASC, "flashcards"."id" ASC[0m  [["deck_id", 4]]
  ↳ app/controllers/decks_controller.rb:22:in `edit'
  Rendering layout layouts/application.html.erb
  Rendering decks/new.html.erb within layouts/application
  Rendered shared/_landing_header.html.erb (Duration: 1.1ms | Allocations: 721)
  Rendered decks/_flashcard_item.html.erb (Duration: 0.0ms | Allocations: 35)
  Rendered decks/_flashcard_item.html.erb (Duration: 0.0ms | Allocations: 26)
  Rendered decks/_flashcard_item.html.erb (Duration: 0.0ms | Allocations: 14)
  Rendered decks/new.html.erb within layouts/application (Duration: 1.8ms | Allocations: 1531)
  Rendered layout layouts/application.html.erb (Duration: 3.0ms | Allocations: 3191)
Completed 200 OK in 7ms (Views: 3.3ms | ActiveRecord: 0.2ms | Allocations: 6284)


Started GET "/decks" for 127.0.0.1 at 2026-04-05 21:04:08 -0300
Processing by DecksController#index as HTML
  Rendering layout layouts/application.html.erb
  Rendering decks/index.html.erb within layouts/application
  Rendered shared/_landing_header.html.erb (Duration: 1.9ms | Allocations: 721)
  [1m[36mDeck Exists? (0.1ms)[0m  [1m[34mSELECT 1 AS one FROM "decks" LIMIT ?[0m  [["LIMIT", 1]]
  ↳ app/views/decks/index.html.erb:10
  [1m[36mDeck Load (0.0ms)[0m  [1m[34mSELECT "decks".* FROM "decks" ORDER BY "decks"."updated_at" DESC[0m
  ↳ app/views/decks/index.html.erb:12
  [1m[36mFlashcard Load (0.1ms)[0m  [1m[34mSELECT "flashcards".* FROM "flashcards" WHERE "flashcards"."deck_id" IN (?, ?, ?, ?) ORDER BY "flashcards"."position" ASC, "flashcards"."id" ASC[0m  [["deck_id", 4], ["deck_id", 3], ["deck_id", 2], ["deck_id", 1]]
  ↳ app/views/decks/index.html.erb:12
  Rendered decks/index.html.erb within layouts/application (Duration: 4.6ms | Allocations: 3467)
  Rendered layout layouts/application.html.erb (Duration: 6.6ms | Allocations: 5311)
Completed 200 OK in 8ms (Views: 7.0ms | ActiveRecord: 0.2ms | Allocations: 5605)


Started GET "/decks/4/practice" for 127.0.0.1 at 2026-04-05 21:04:09 -0300
Processing by DecksController#practice as HTML
  Parameters: {"id"=>"4"}
  [1m[36mDeck Load (0.1ms)[0m  [1m[34mSELECT "decks".* FROM "decks" WHERE "decks"."id" = ? LIMIT ?[0m  [["id", 4], ["LIMIT", 1]]
  ↳ app/controllers/decks_controller.rb:28:in `practice'
  [1m[36mFlashcard Load (0.0ms)[0m  [1m[34mSELECT "flashcards".* FROM "flashcards" WHERE "flashcards"."deck_id" = ? ORDER BY "flashcards"."position" ASC, "flashcards"."id" ASC[0m  [["deck_id", 4]]
  ↳ app/controllers/decks_controller.rb:28:in `practice'
  Rendering layout layouts/application.html.erb
  Rendering decks/practice.html.erb within layouts/application
  Rendered shared/_landing_header.html.erb (Duration: 1.0ms | Allocations: 721)
  Rendered shared/_flashcard_flip.html.erb (Duration: 0.0ms | Allocations: 30)
  Rendered decks/practice.html.erb within layouts/application (Duration: 1.2ms | Allocations: 947)
  Rendered layout layouts/application.html.erb (Duration: 2.4ms | Allocations: 2802)
Completed 200 OK in 7ms (Views: 2.6ms | ActiveRecord: 0.2ms | Allocations: 4723)


Started GET "/decks/4/edit" for 127.0.0.1 at 2026-04-05 21:04:09 -0300
Processing by DecksController#edit as HTML
  Parameters: {"id"=>"4"}
  [1m[36mDeck Exists? (0.2ms)[0m  [1m[34mSELECT 1 AS one FROM "decks" LIMIT ?[0m  [["LIMIT", 1]]
  ↳ app/controllers/decks_controller.rb:20:in `edit'
  [1m[36mDeck Maximum (0.1ms)[0m  [1m[34mSELECT MAX("decks"."created_at") FROM "decks"[0m
  ↳ app/controllers/decks_controller.rb:21:in `edit'
  [1m[36mDeck Load (0.0ms)[0m  [1m[34mSELECT "decks".* FROM "decks" WHERE "decks"."id" = ? LIMIT ?[0m  [["id", 4], ["LIMIT", 1]]
  ↳ app/controllers/decks_controller.rb:22:in `edit'
  [1m[36mFlashcard Load (0.0ms)[0m  [1m[34mSELECT "flashcards".* FROM "flashcards" WHERE "flashcards"."deck_id" = ? ORDER BY "flashcards"."position" ASC, "flashcards"."id" ASC[0m  [["deck_id", 4]]
  ↳ app/controllers/decks_controller.rb:22:in `edit'
  Rendering layout layouts/application.html.erb
  Rendering decks/new.html.erb within layouts/application
  Rendered shared/_landing_header.html.erb (Duration: 1.4ms | Allocations: 721)
  Rendered decks/_flashcard_item.html.erb (Duration: 0.0ms | Allocations: 35)
  Rendered decks/_flashcard_item.html.erb (Duration: 0.0ms | Allocations: 26)
  Rendered decks/_flashcard_item.html.erb (Duration: 0.0ms | Allocations: 14)
  Rendered decks/new.html.erb within layouts/application (Duration: 2.2ms | Allocations: 1506)
  Rendered layout layouts/application.html.erb (Duration: 3.6ms | Allocations: 3166)
Completed 200 OK in 9ms (Views: 3.9ms | ActiveRecord: 0.3ms | Allocations: 6232)


Started GET "/decks/4/edit" for 127.0.0.1 at 2026-04-05 21:04:59 -0300
Processing by DecksController#edit as HTML
  Parameters: {"id"=>"4"}
  [1m[36mDeck Exists? (0.1ms)[0m  [1m[34mSELECT 1 AS one FROM "decks" LIMIT ?[0m  [["LIMIT", 1]]
  ↳ app/controllers/decks_controller.rb:22:in `edit'
  [1m[36mDeck Load (0.2ms)[0m  [1m[34mSELECT "decks".* FROM "decks" WHERE "decks"."id" = ? LIMIT ?[0m  [["id", 4], ["LIMIT", 1]]
  ↳ app/controllers/decks_controller.rb:23:in `edit'
  [1m[36mFlashcard Load (0.1ms)[0m  [1m[34mSELECT "flashcards".* FROM "flashcards" WHERE "flashcards"."deck_id" = ? ORDER BY "flashcards"."position" ASC, "flashcards"."id" ASC[0m  [["deck_id", 4]]
  ↳ app/controllers/decks_controller.rb:23:in `edit'
  Rendering layout layouts/application.html.erb
  Rendering decks/new.html.erb within layouts/application
  Rendered shared/_landing_header.html.erb (Duration: 1.8ms | Allocations: 1188)
  Rendered decks/_flashcard_item.html.erb (Duration: 0.5ms | Allocations: 381)
  Rendered decks/_flashcard_item.html.erb (Duration: 0.1ms | Allocations: 26)
  Rendered decks/_flashcard_item.html.erb (Duration: 0.0ms | Allocations: 14)
  Rendered decks/new.html.erb within layouts/application (Duration: 5.7ms | Allocations: 3397)
  Rendered layout layouts/application.html.erb (Duration: 24.5ms | Allocations: 39738)
Completed 200 OK in 48ms (Views: 26.8ms | ActiveRecord: 2.4ms | Allocations: 53296)


Started PATCH "/decks/4" for 127.0.0.1 at 2026-04-05 21:05:35 -0300
Processing by DecksController#update as TURBO_STREAM
  Parameters: {"authenticity_token"=>"[FILTERED]", "deck"=>{"title"=>"update", "description"=>"", "flashcards_attributes"=>{"0"=>{"id"=>"4", "position"=>"0", "term"=>"aaaavdvdvdv", "definition"=>"aaaavdvdvdv"}, "1"=>{"id"=>"5", "position"=>"1", "term"=>"ddd", "definition"=>"dddd"}, "2"=>{"position"=>"2", "term"=>"dd", "definition"=>"ddd"}}}, "commit_action"=>"practice", "id"=>"4"}
  [1m[36mDeck Load (0.1ms)[0m  [1m[34mSELECT "decks".* FROM "decks" WHERE "decks"."id" = ? LIMIT ?[0m  [["id", 4], ["LIMIT", 1]]
  ↳ app/controllers/decks_controller.rb:52:in `update'
  [1m[36mFlashcard Load (0.1ms)[0m  [1m[34mSELECT "flashcards".* FROM "flashcards" WHERE "flashcards"."deck_id" = ? ORDER BY "flashcards"."position" ASC, "flashcards"."id" ASC[0m  [["deck_id", 4]]
  ↳ app/controllers/decks_controller.rb:52:in `update'
  [1m[36mDeck Exists? (0.1ms)[0m  [1m[34mSELECT 1 AS one FROM "decks" LIMIT ?[0m  [["LIMIT", 1]]
  ↳ app/controllers/decks_controller.rb:53:in `update'
  [1m[36mTRANSACTION (0.0ms)[0m  [1m[36mbegin transaction[0m
  ↳ app/controllers/decks_controller.rb:59:in `update'
  [1m[36mFlashcard Create (0.6ms)[0m  [1m[32mINSERT INTO "flashcards" ("deck_id", "term", "definition", "position", "created_at", "updated_at") VALUES (?, ?, ?, ?, ?, ?) RETURNING "id"[0m  [["deck_id", 4], ["term", "dd"], ["definition", "ddd"], ["position", 2], ["created_at", "2026-04-06 00:05:35.220089"], ["updated_at", "2026-04-06 00:05:35.220089"]]
  ↳ app/controllers/decks_controller.rb:59:in `update'
  [1m[36mTRANSACTION (0.2ms)[0m  [1m[36mcommit transaction[0m
  ↳ app/controllers/decks_controller.rb:59:in `update'
Redirected to http://127.0.0.1:3000/decks/4/practice
Completed 302 Found in 9ms (ActiveRecord: 1.1ms | Allocations: 6663)


Started GET "/decks/4/practice" for 127.0.0.1 at 2026-04-05 21:05:35 -0300
Processing by DecksController#practice as TURBO_STREAM
  Parameters: {"id"=>"4"}
  [1m[36mDeck Load (0.1ms)[0m  [1m[34mSELECT "decks".* FROM "decks" WHERE "decks"."id" = ? LIMIT ?[0m  [["id", 4], ["LIMIT", 1]]
  ↳ app/controllers/decks_controller.rb:30:in `practice'
  [1m[36mFlashcard Load (0.0ms)[0m  [1m[34mSELECT "flashcards".* FROM "flashcards" WHERE "flashcards"."deck_id" = ? ORDER BY "flashcards"."position" ASC, "flashcards"."id" ASC[0m  [["deck_id", 4]]
  ↳ app/controllers/decks_controller.rb:30:in `practice'
  Rendering layout layouts/application.html.erb
  Rendering decks/practice.html.erb within layouts/application
  Rendered shared/_landing_header.html.erb (Duration: 1.6ms | Allocations: 721)
  Rendered shared/_flashcard_flip.html.erb (Duration: 0.7ms | Allocations: 417)
  Rendered decks/practice.html.erb within layouts/application (Duration: 3.8ms | Allocations: 1680)
  Rendered layout layouts/application.html.erb (Duration: 5.8ms | Allocations: 3532)
Completed 200 OK in 8ms (Views: 6.0ms | ActiveRecord: 0.1ms | Allocations: 5592)


Started GET "/" for 127.0.0.1 at 2026-04-05 21:06:04 -0300
Processing by HomeController#index as HTML
  [1m[36mDeck Exists? (0.1ms)[0m  [1m[34mSELECT 1 AS one FROM "decks" LIMIT ?[0m  [["LIMIT", 1]]
  ↳ app/controllers/home_controller.rb:3:in `index'
  Rendering layout layouts/application.html.erb
  Rendering home/index.html.erb within layouts/application
  Rendered shared/_landing_header.html.erb (Duration: 2.3ms | Allocations: 853)
  Rendered shared/_flashcard_flip.html.erb (Duration: 0.1ms | Allocations: 46)
  Rendered home/index.html.erb within layouts/application (Duration: 3.5ms | Allocations: 1374)
  Rendered layout layouts/application.html.erb (Duration: 5.6ms | Allocations: 3330)
Completed 200 OK in 9ms (Views: 6.9ms | ActiveRecord: 0.1ms | Allocations: 4515)


Started GET "/decks/start" for 127.0.0.1 at 2026-04-05 21:06:05 -0300
Processing by DecksController#start as HTML
  [1m[36mDeck Exists? (0.1ms)[0m  [1m[34mSELECT 1 AS one FROM "decks" LIMIT ?[0m  [["LIMIT", 1]]
  ↳ app/controllers/decks_controller.rb:3:in `start'
Redirected to http://127.0.0.1:3000/decks
Completed 302 Found in 3ms (ActiveRecord: 0.1ms | Allocations: 709)


Started GET "/decks" for 127.0.0.1 at 2026-04-05 21:06:05 -0300
Processing by DecksController#index as HTML
  Rendering layout layouts/application.html.erb
  Rendering decks/index.html.erb within layouts/application
  Rendered shared/_landing_header.html.erb (Duration: 2.2ms | Allocations: 721)
  [1m[36mDeck Exists? (0.1ms)[0m  [1m[34mSELECT 1 AS one FROM "decks" LIMIT ?[0m  [["LIMIT", 1]]
  ↳ app/views/decks/index.html.erb:10
  [1m[36mDeck Load (0.1ms)[0m  [1m[34mSELECT "decks".* FROM "decks" ORDER BY "decks"."updated_at" DESC[0m
  ↳ app/views/decks/index.html.erb:12
  [1m[36mFlashcard Load (0.1ms)[0m  [1m[34mSELECT "flashcards".* FROM "flashcards" WHERE "flashcards"."deck_id" IN (?, ?, ?, ?) ORDER BY "flashcards"."position" ASC, "flashcards"."id" ASC[0m  [["deck_id", 4], ["deck_id", 3], ["deck_id", 2], ["deck_id", 1]]
  ↳ app/views/decks/index.html.erb:12
  Rendered decks/index.html.erb within layouts/application (Duration: 6.9ms | Allocations: 3916)
  Rendered layout layouts/application.html.erb (Duration: 8.6ms | Allocations: 5760)
Completed 200 OK in 11ms (Views: 8.8ms | ActiveRecord: 0.3ms | Allocations: 6146)


Started GET "/decks/4/edit" for 127.0.0.1 at 2026-04-05 21:06:08 -0300
Processing by DecksController#edit as HTML
  Parameters: {"id"=>"4"}
  [1m[36mDeck Exists? (0.1ms)[0m  [1m[34mSELECT 1 AS one FROM "decks" LIMIT ?[0m  [["LIMIT", 1]]
  ↳ app/controllers/decks_controller.rb:22:in `edit'
  [1m[36mDeck Load (0.1ms)[0m  [1m[34mSELECT "decks".* FROM "decks" WHERE "decks"."id" = ? LIMIT ?[0m  [["id", 4], ["LIMIT", 1]]
  ↳ app/controllers/decks_controller.rb:23:in `edit'
  [1m[36mFlashcard Load (0.0ms)[0m  [1m[34mSELECT "flashcards".* FROM "flashcards" WHERE "flashcards"."deck_id" = ? ORDER BY "flashcards"."position" ASC, "flashcards"."id" ASC[0m  [["deck_id", 4]]
  ↳ app/controllers/decks_controller.rb:23:in `edit'
  Rendering layout layouts/application.html.erb
  Rendering decks/new.html.erb within layouts/application
  Rendered shared/_landing_header.html.erb (Duration: 1.2ms | Allocations: 728)
  Rendered decks/_flashcard_item.html.erb (Duration: 0.0ms | Allocations: 35)
  Rendered decks/_flashcard_item.html.erb (Duration: 0.0ms | Allocations: 26)
  Rendered decks/_flashcard_item.html.erb (Duration: 0.0ms | Allocations: 26)
  Rendered decks/_flashcard_item.html.erb (Duration: 0.0ms | Allocations: 14)
  Rendered decks/new.html.erb within layouts/application (Duration: 1.9ms | Allocations: 1624)
  Rendered layout layouts/application.html.erb (Duration: 3.2ms | Allocations: 3289)
Completed 200 OK in 10ms (Views: 3.4ms | ActiveRecord: 0.2ms | Allocations: 5874)


Started GET "/decks/4/edit" for 127.0.0.1 at 2026-04-05 21:07:57 -0300
Processing by DecksController#edit as HTML
  Parameters: {"id"=>"4"}
  [1m[36mDeck Exists? (0.1ms)[0m  [1m[34mSELECT 1 AS one FROM "decks" LIMIT ?[0m  [["LIMIT", 1]]
  ↳ app/controllers/decks_controller.rb:22:in `edit'
  [1m[36mDeck Load (0.1ms)[0m  [1m[34mSELECT "decks".* FROM "decks" WHERE "decks"."id" = ? LIMIT ?[0m  [["id", 4], ["LIMIT", 1]]
  ↳ app/controllers/decks_controller.rb:23:in `edit'
  [1m[36mFlashcard Load (0.1ms)[0m  [1m[34mSELECT "flashcards".* FROM "flashcards" WHERE "flashcards"."deck_id" = ? ORDER BY "flashcards"."position" ASC, "flashcards"."id" ASC[0m  [["deck_id", 4]]
  ↳ app/controllers/decks_controller.rb:23:in `edit'
  Rendering layout layouts/application.html.erb
  Rendering decks/new.html.erb within layouts/application
  Rendered shared/_landing_header.html.erb (Duration: 1.9ms | Allocations: 1195)
  Rendered decks/_flashcard_item.html.erb (Duration: 0.5ms | Allocations: 381)
  Rendered decks/_flashcard_item.html.erb (Duration: 0.0ms | Allocations: 26)
  Rendered decks/_flashcard_item.html.erb (Duration: 0.0ms | Allocations: 26)
  Rendered decks/_flashcard_item.html.erb (Duration: 0.0ms | Allocations: 14)
  Rendered decks/new.html.erb within layouts/application (Duration: 5.0ms | Allocations: 3503)
  Rendered layout layouts/application.html.erb (Duration: 39.7ms | Allocations: 41340)
Completed 200 OK in 57ms (Views: 42.1ms | ActiveRecord: 1.9ms | Allocations: 54865)


Started GET "/decks/4/edit" for 127.0.0.1 at 2026-04-05 21:08:02 -0300
Processing by DecksController#edit as HTML
  Parameters: {"id"=>"4"}
  [1m[36mDeck Exists? (0.1ms)[0m  [1m[34mSELECT 1 AS one FROM "decks" LIMIT ?[0m  [["LIMIT", 1]]
  ↳ app/controllers/decks_controller.rb:22:in `edit'
  [1m[36mDeck Load (0.1ms)[0m  [1m[34mSELECT "decks".* FROM "decks" WHERE "decks"."id" = ? LIMIT ?[0m  [["id", 4], ["LIMIT", 1]]
  ↳ app/controllers/decks_controller.rb:23:in `edit'
  [1m[36mFlashcard Load (0.1ms)[0m  [1m[34mSELECT "flashcards".* FROM "flashcards" WHERE "flashcards"."deck_id" = ? ORDER BY "flashcards"."position" ASC, "flashcards"."id" ASC[0m  [["deck_id", 4]]
  ↳ app/controllers/decks_controller.rb:23:in `edit'
  Rendering layout layouts/application.html.erb
  Rendering decks/new.html.erb within layouts/application
  Rendered shared/_landing_header.html.erb (Duration: 1.8ms | Allocations: 721)
  Rendered decks/_flashcard_item.html.erb (Duration: 0.0ms | Allocations: 35)
  Rendered decks/_flashcard_item.html.erb (Duration: 0.0ms | Allocations: 26)
  Rendered decks/_flashcard_item.html.erb (Duration: 0.0ms | Allocations: 26)
  Rendered decks/_flashcard_item.html.erb (Duration: 0.0ms | Allocations: 14)
  Rendered decks/new.html.erb within layouts/application (Duration: 2.6ms | Allocations: 1595)
  Rendered layout layouts/application.html.erb (Duration: 3.9ms | Allocations: 3255)
Completed 200 OK in 10ms (Views: 4.4ms | ActiveRecord: 0.3ms | Allocations: 6033)


Started PATCH "/decks/4" for 127.0.0.1 at 2026-04-05 21:08:18 -0300
Processing by DecksController#update as TURBO_STREAM
  Parameters: {"authenticity_token"=>"[FILTERED]", "deck"=>{"title"=>"update", "description"=>"", "flashcards_attributes"=>{"0"=>{"id"=>"4", "position"=>"0", "term"=>"aaaaa", "definition"=>"bbbbbbb"}, "1"=>{"id"=>"5", "position"=>"1", "term"=>"eeeee", "definition"=>"eeeee"}, "2"=>{"id"=>"6", "position"=>"2", "term"=>"iiiii", "definition"=>"iiiii"}}}, "commit_action"=>"update", "id"=>"4"}
  [1m[36mDeck Load (0.1ms)[0m  [1m[34mSELECT "decks".* FROM "decks" WHERE "decks"."id" = ? LIMIT ?[0m  [["id", 4], ["LIMIT", 1]]
  ↳ app/controllers/decks_controller.rb:52:in `update'
  [1m[36mFlashcard Load (0.0ms)[0m  [1m[34mSELECT "flashcards".* FROM "flashcards" WHERE "flashcards"."deck_id" = ? ORDER BY "flashcards"."position" ASC, "flashcards"."id" ASC[0m  [["deck_id", 4]]
  ↳ app/controllers/decks_controller.rb:52:in `update'
  [1m[36mDeck Exists? (0.0ms)[0m  [1m[34mSELECT 1 AS one FROM "decks" LIMIT ?[0m  [["LIMIT", 1]]
  ↳ app/controllers/decks_controller.rb:53:in `update'
  [1m[36mTRANSACTION (0.0ms)[0m  [1m[36mbegin transaction[0m
  ↳ app/controllers/decks_controller.rb:59:in `update'
  [1m[36mFlashcard Update (0.5ms)[0m  [1m[33mUPDATE "flashcards" SET "term" = ?, "definition" = ?, "updated_at" = ? WHERE "flashcards"."id" = ?[0m  [["term", "aaaaa"], ["definition", "bbbbbbb"], ["updated_at", "2026-04-06 00:08:18.127004"], ["id", 4]]
  ↳ app/controllers/decks_controller.rb:59:in `update'
  [1m[36mFlashcard Update (0.0ms)[0m  [1m[33mUPDATE "flashcards" SET "term" = ?, "definition" = ?, "updated_at" = ? WHERE "flashcards"."id" = ?[0m  [["term", "eeeee"], ["definition", "eeeee"], ["updated_at", "2026-04-06 00:08:18.128075"], ["id", 5]]
  ↳ app/controllers/decks_controller.rb:59:in `update'
  [1m[36mFlashcard Update (0.0ms)[0m  [1m[33mUPDATE "flashcards" SET "term" = ?, "definition" = ?, "updated_at" = ? WHERE "flashcards"."id" = ?[0m  [["term", "iiiii"], ["definition", "iiiii"], ["updated_at", "2026-04-06 00:08:18.128665"], ["id", 6]]
  ↳ app/controllers/decks_controller.rb:59:in `update'
  [1m[36mTRANSACTION (0.3ms)[0m  [1m[36mcommit transaction[0m
  ↳ app/controllers/decks_controller.rb:59:in `update'
Redirected to http://127.0.0.1:3000/decks/4/edit
Completed 302 Found in 7ms (ActiveRecord: 0.9ms | Allocations: 8094)


Started GET "/decks/4/edit" for 127.0.0.1 at 2026-04-05 21:08:18 -0300
Processing by DecksController#edit as TURBO_STREAM
  Parameters: {"id"=>"4"}
  [1m[36mDeck Exists? (0.1ms)[0m  [1m[34mSELECT 1 AS one FROM "decks" LIMIT ?[0m  [["LIMIT", 1]]
  ↳ app/controllers/decks_controller.rb:22:in `edit'
  [1m[36mDeck Load (0.0ms)[0m  [1m[34mSELECT "decks".* FROM "decks" WHERE "decks"."id" = ? LIMIT ?[0m  [["id", 4], ["LIMIT", 1]]
  ↳ app/controllers/decks_controller.rb:23:in `edit'
  [1m[36mFlashcard Load (0.0ms)[0m  [1m[34mSELECT "flashcards".* FROM "flashcards" WHERE "flashcards"."deck_id" = ? ORDER BY "flashcards"."position" ASC, "flashcards"."id" ASC[0m  [["deck_id", 4]]
  ↳ app/controllers/decks_controller.rb:23:in `edit'
  Rendering layout layouts/application.html.erb
  Rendering decks/new.html.erb within layouts/application
  Rendered shared/_landing_header.html.erb (Duration: 1.5ms | Allocations: 721)
  Rendered decks/_flashcard_item.html.erb (Duration: 0.0ms | Allocations: 35)
  Rendered decks/_flashcard_item.html.erb (Duration: 0.0ms | Allocations: 26)
  Rendered decks/_flashcard_item.html.erb (Duration: 0.0ms | Allocations: 26)
  Rendered decks/_flashcard_item.html.erb (Duration: 0.0ms | Allocations: 14)
  Rendered decks/new.html.erb within layouts/application (Duration: 2.3ms | Allocations: 1638)
  Rendered layout layouts/application.html.erb (Duration: 4.0ms | Allocations: 3298)
Completed 200 OK in 7ms (Views: 4.2ms | ActiveRecord: 0.1ms | Allocations: 5892)


Started GET "/decks" for 127.0.0.1 at 2026-04-05 21:08:29 -0300
Processing by DecksController#index as HTML
  Rendering layout layouts/application.html.erb
  Rendering decks/index.html.erb within layouts/application
  Rendered shared/_landing_header.html.erb (Duration: 1.4ms | Allocations: 721)
  [1m[36mDeck Exists? (0.1ms)[0m  [1m[34mSELECT 1 AS one FROM "decks" LIMIT ?[0m  [["LIMIT", 1]]
  ↳ app/views/decks/index.html.erb:10
  [1m[36mDeck Load (0.0ms)[0m  [1m[34mSELECT "decks".* FROM "decks" ORDER BY "decks"."updated_at" DESC[0m
  ↳ app/views/decks/index.html.erb:12
  [1m[36mFlashcard Load (0.1ms)[0m  [1m[34mSELECT "flashcards".* FROM "flashcards" WHERE "flashcards"."deck_id" IN (?, ?, ?, ?) ORDER BY "flashcards"."position" ASC, "flashcards"."id" ASC[0m  [["deck_id", 4], ["deck_id", 3], ["deck_id", 2], ["deck_id", 1]]
  ↳ app/views/decks/index.html.erb:12
  Rendered decks/index.html.erb within layouts/application (Duration: 3.9ms | Allocations: 3843)
  Rendered layout layouts/application.html.erb (Duration: 5.6ms | Allocations: 5711)
Completed 200 OK in 7ms (Views: 5.7ms | ActiveRecord: 0.2ms | Allocations: 6088)


Started GET "/decks/4/practice" for 127.0.0.1 at 2026-04-05 21:08:30 -0300
Processing by DecksController#practice as HTML
  Parameters: {"id"=>"4"}
  [1m[36mDeck Load (0.2ms)[0m  [1m[34mSELECT "decks".* FROM "decks" WHERE "decks"."id" = ? LIMIT ?[0m  [["id", 4], ["LIMIT", 1]]
  ↳ app/controllers/decks_controller.rb:30:in `practice'
  [1m[36mFlashcard Load (0.1ms)[0m  [1m[34mSELECT "flashcards".* FROM "flashcards" WHERE "flashcards"."deck_id" = ? ORDER BY "flashcards"."position" ASC, "flashcards"."id" ASC[0m  [["deck_id", 4]]
  ↳ app/controllers/decks_controller.rb:30:in `practice'
  Rendering layout layouts/application.html.erb
  Rendering decks/practice.html.erb within layouts/application
  Rendered shared/_landing_header.html.erb (Duration: 1.4ms | Allocations: 721)
  Rendered shared/_flashcard_flip.html.erb (Duration: 0.4ms | Allocations: 417)
  Rendered decks/practice.html.erb within layouts/application (Duration: 2.9ms | Allocations: 1636)
  Rendered layout layouts/application.html.erb (Duration: 4.9ms | Allocations: 3485)
Completed 200 OK in 10ms (Views: 5.1ms | ActiveRecord: 0.2ms | Allocations: 5484)


Started GET "/" for 127.0.0.1 at 2026-04-05 21:08:36 -0300
Processing by HomeController#index as HTML
  [1m[36mDeck Exists? (0.1ms)[0m  [1m[34mSELECT 1 AS one FROM "decks" LIMIT ?[0m  [["LIMIT", 1]]
  ↳ app/controllers/home_controller.rb:3:in `index'
  Rendering layout layouts/application.html.erb
  Rendering home/index.html.erb within layouts/application
  Rendered shared/_landing_header.html.erb (Duration: 1.3ms | Allocations: 853)
  Rendered shared/_flashcard_flip.html.erb (Duration: 0.1ms | Allocations: 46)
  Rendered home/index.html.erb within layouts/application (Duration: 2.0ms | Allocations: 1374)
  Rendered layout layouts/application.html.erb (Duration: 4.3ms | Allocations: 3351)
Completed 200 OK in 7ms (Views: 5.3ms | ActiveRecord: 0.1ms | Allocations: 4536)


Started GET "/decks/start" for 127.0.0.1 at 2026-04-05 21:08:37 -0300
Processing by DecksController#start as HTML
  [1m[36mDeck Exists? (0.1ms)[0m  [1m[34mSELECT 1 AS one FROM "decks" LIMIT ?[0m  [["LIMIT", 1]]
  ↳ app/controllers/decks_controller.rb:3:in `start'
Redirected to http://127.0.0.1:3000/decks
Completed 302 Found in 2ms (ActiveRecord: 0.1ms | Allocations: 709)


Started GET "/decks" for 127.0.0.1 at 2026-04-05 21:08:37 -0300
Processing by DecksController#index as HTML
  Rendering layout layouts/application.html.erb
  Rendering decks/index.html.erb within layouts/application
  Rendered shared/_landing_header.html.erb (Duration: 1.0ms | Allocations: 721)
  [1m[36mDeck Exists? (0.1ms)[0m  [1m[34mSELECT 1 AS one FROM "decks" LIMIT ?[0m  [["LIMIT", 1]]
  ↳ app/views/decks/index.html.erb:10
  [1m[36mDeck Load (0.0ms)[0m  [1m[34mSELECT "decks".* FROM "decks" ORDER BY "decks"."updated_at" DESC[0m
  ↳ app/views/decks/index.html.erb:12
  [1m[36mFlashcard Load (0.1ms)[0m  [1m[34mSELECT "flashcards".* FROM "flashcards" WHERE "flashcards"."deck_id" IN (?, ?, ?, ?) ORDER BY "flashcards"."position" ASC, "flashcards"."id" ASC[0m  [["deck_id", 4], ["deck_id", 3], ["deck_id", 2], ["deck_id", 1]]
  ↳ app/views/decks/index.html.erb:12
  Rendered decks/index.html.erb within layouts/application (Duration: 3.0ms | Allocations: 3569)
  Rendered layout layouts/application.html.erb (Duration: 4.5ms | Allocations: 5431)
Completed 200 OK in 5ms (Views: 4.5ms | ActiveRecord: 0.2ms | Allocations: 5746)


Started GET "/decks/4/edit" for 127.0.0.1 at 2026-04-05 21:08:38 -0300
Processing by DecksController#edit as HTML
  Parameters: {"id"=>"4"}
  [1m[36mDeck Exists? (0.2ms)[0m  [1m[34mSELECT 1 AS one FROM "decks" LIMIT ?[0m  [["LIMIT", 1]]
  ↳ app/controllers/decks_controller.rb:22:in `edit'
  [1m[36mDeck Load (0.1ms)[0m  [1m[34mSELECT "decks".* FROM "decks" WHERE "decks"."id" = ? LIMIT ?[0m  [["id", 4], ["LIMIT", 1]]
  ↳ app/controllers/decks_controller.rb:23:in `edit'
  [1m[36mFlashcard Load (0.1ms)[0m  [1m[34mSELECT "flashcards".* FROM "flashcards" WHERE "flashcards"."deck_id" = ? ORDER BY "flashcards"."position" ASC, "flashcards"."id" ASC[0m  [["deck_id", 4]]
  ↳ app/controllers/decks_controller.rb:23:in `edit'
  Rendering layout layouts/application.html.erb
  Rendering decks/new.html.erb within layouts/application
  Rendered shared/_landing_header.html.erb (Duration: 2.0ms | Allocations: 721)
  Rendered decks/_flashcard_item.html.erb (Duration: 0.0ms | Allocations: 35)
  Rendered decks/_flashcard_item.html.erb (Duration: 0.0ms | Allocations: 26)
  Rendered decks/_flashcard_item.html.erb (Duration: 0.0ms | Allocations: 26)
  Rendered decks/_flashcard_item.html.erb (Duration: 0.0ms | Allocations: 14)
  Rendered decks/new.html.erb within layouts/application (Duration: 3.2ms | Allocations: 1614)
  Rendered layout layouts/application.html.erb (Duration: 4.9ms | Allocations: 3274)
Completed 200 OK in 13ms (Views: 5.5ms | ActiveRecord: 0.3ms | Allocations: 5857)


Started PATCH "/decks/4" for 127.0.0.1 at 2026-04-05 21:08:44 -0300
Processing by DecksController#update as TURBO_STREAM
  Parameters: {"authenticity_token"=>"[FILTERED]", "deck"=>{"title"=>"update", "description"=>"", "flashcards_attributes"=>{"0"=>{"id"=>"4", "position"=>"0", "term"=>"aaaaa", "definition"=>"bbbbbbb"}, "1"=>{"id"=>"5", "position"=>"1", "term"=>"eeeee", "definition"=>"eeeee"}, "2"=>{"id"=>"6", "position"=>"2", "term"=>"iiiii", "definition"=>"iiiii"}}}, "commit_action"=>"update", "id"=>"4"}
  [1m[36mDeck Load (0.1ms)[0m  [1m[34mSELECT "decks".* FROM "decks" WHERE "decks"."id" = ? LIMIT ?[0m  [["id", 4], ["LIMIT", 1]]
  ↳ app/controllers/decks_controller.rb:52:in `update'
  [1m[36mFlashcard Load (0.0ms)[0m  [1m[34mSELECT "flashcards".* FROM "flashcards" WHERE "flashcards"."deck_id" = ? ORDER BY "flashcards"."position" ASC, "flashcards"."id" ASC[0m  [["deck_id", 4]]
  ↳ app/controllers/decks_controller.rb:52:in `update'
  [1m[36mDeck Exists? (0.0ms)[0m  [1m[34mSELECT 1 AS one FROM "decks" LIMIT ?[0m  [["LIMIT", 1]]
  ↳ app/controllers/decks_controller.rb:53:in `update'
Redirected to http://127.0.0.1:3000/decks/4/edit
Completed 302 Found in 4ms (ActiveRecord: 0.1ms | Allocations: 3319)


Started GET "/decks/4/edit" for 127.0.0.1 at 2026-04-05 21:08:44 -0300
Processing by DecksController#edit as TURBO_STREAM
  Parameters: {"id"=>"4"}
  [1m[36mDeck Exists? (0.1ms)[0m  [1m[34mSELECT 1 AS one FROM "decks" LIMIT ?[0m  [["LIMIT", 1]]
  ↳ app/controllers/decks_controller.rb:22:in `edit'
  [1m[36mDeck Load (0.0ms)[0m  [1m[34mSELECT "decks".* FROM "decks" WHERE "decks"."id" = ? LIMIT ?[0m  [["id", 4], ["LIMIT", 1]]
  ↳ app/controllers/decks_controller.rb:23:in `edit'
  [1m[36mFlashcard Load (0.0ms)[0m  [1m[34mSELECT "flashcards".* FROM "flashcards" WHERE "flashcards"."deck_id" = ? ORDER BY "flashcards"."position" ASC, "flashcards"."id" ASC[0m  [["deck_id", 4]]
  ↳ app/controllers/decks_controller.rb:23:in `edit'
  Rendering layout layouts/application.html.erb
  Rendering decks/new.html.erb within layouts/application
  Rendered shared/_landing_header.html.erb (Duration: 0.9ms | Allocations: 721)
  Rendered decks/_flashcard_item.html.erb (Duration: 0.0ms | Allocations: 35)
  Rendered decks/_flashcard_item.html.erb (Duration: 0.0ms | Allocations: 26)
  Rendered decks/_flashcard_item.html.erb (Duration: 0.0ms | Allocations: 26)
  Rendered decks/_flashcard_item.html.erb (Duration: 0.0ms | Allocations: 14)
  Rendered decks/new.html.erb within layouts/application (Duration: 1.7ms | Allocations: 1592)
  Rendered layout layouts/application.html.erb (Duration: 3.0ms | Allocations: 3252)
Completed 200 OK in 5ms (Views: 3.3ms | ActiveRecord: 0.1ms | Allocations: 5803)


Started GET "/decks/4/edit" for 127.0.0.1 at 2026-04-05 21:08:59 -0300
Processing by DecksController#edit as HTML
  Parameters: {"id"=>"4"}
  [1m[36mDeck Exists? (0.1ms)[0m  [1m[34mSELECT 1 AS one FROM "decks" LIMIT ?[0m  [["LIMIT", 1]]
  ↳ app/controllers/decks_controller.rb:22:in `edit'
  [1m[36mDeck Load (0.0ms)[0m  [1m[34mSELECT "decks".* FROM "decks" WHERE "decks"."id" = ? LIMIT ?[0m  [["id", 4], ["LIMIT", 1]]
  ↳ app/controllers/decks_controller.rb:23:in `edit'
  [1m[36mFlashcard Load (0.0ms)[0m  [1m[34mSELECT "flashcards".* FROM "flashcards" WHERE "flashcards"."deck_id" = ? ORDER BY "flashcards"."position" ASC, "flashcards"."id" ASC[0m  [["deck_id", 4]]
  ↳ app/controllers/decks_controller.rb:23:in `edit'
  Rendering layout layouts/application.html.erb
  Rendering decks/new.html.erb within layouts/application
  Rendered shared/_landing_header.html.erb (Duration: 1.1ms | Allocations: 721)
  Rendered decks/_flashcard_item.html.erb (Duration: 0.0ms | Allocations: 35)
  Rendered decks/_flashcard_item.html.erb (Duration: 0.0ms | Allocations: 26)
  Rendered decks/_flashcard_item.html.erb (Duration: 0.0ms | Allocations: 26)
  Rendered decks/_flashcard_item.html.erb (Duration: 0.0ms | Allocations: 14)
  Rendered decks/new.html.erb within layouts/application (Duration: 1.8ms | Allocations: 1589)
  Rendered layout layouts/application.html.erb (Duration: 3.2ms | Allocations: 3249)
Completed 200 OK in 6ms (Views: 3.4ms | ActiveRecord: 0.1ms | Allocations: 5797)


Started GET "/decks/4/edit" for 127.0.0.1 at 2026-04-05 21:09:41 -0300
Processing by DecksController#edit as HTML
  Parameters: {"id"=>"4"}
  [1m[36mDeck Exists? (0.1ms)[0m  [1m[34mSELECT 1 AS one FROM "decks" LIMIT ?[0m  [["LIMIT", 1]]
  ↳ app/controllers/decks_controller.rb:22:in `edit'
  [1m[36mDeck Load (0.1ms)[0m  [1m[34mSELECT "decks".* FROM "decks" WHERE "decks"."id" = ? LIMIT ?[0m  [["id", 4], ["LIMIT", 1]]
  ↳ app/controllers/decks_controller.rb:23:in `edit'
  [1m[36mFlashcard Load (0.2ms)[0m  [1m[34mSELECT "flashcards".* FROM "flashcards" WHERE "flashcards"."deck_id" = ? ORDER BY "flashcards"."position" ASC, "flashcards"."id" ASC[0m  [["deck_id", 4]]
  ↳ app/controllers/decks_controller.rb:23:in `edit'
  Rendering layout layouts/application.html.erb
  Rendering decks/new.html.erb within layouts/application
  Rendered shared/_landing_header.html.erb (Duration: 2.7ms | Allocations: 1195)
  Rendered decks/_flashcard_item.html.erb (Duration: 0.7ms | Allocations: 381)
  Rendered decks/_flashcard_item.html.erb (Duration: 0.1ms | Allocations: 26)
  Rendered decks/_flashcard_item.html.erb (Duration: 0.0ms | Allocations: 26)
  Rendered decks/_flashcard_item.html.erb (Duration: 0.0ms | Allocations: 14)
  Rendered decks/new.html.erb within layouts/application (Duration: 8.9ms | Allocations: 3563)
  Rendered layout layouts/application.html.erb (Duration: 55.8ms | Allocations: 66926)
Completed 200 OK in 78ms (Views: 59.6ms | ActiveRecord: 3.0ms | Allocations: 80457)


Started PATCH "/decks/4" for 127.0.0.1 at 2026-04-05 21:09:49 -0300
Processing by DecksController#update as TURBO_STREAM
  Parameters: {"authenticity_token"=>"[FILTERED]", "deck"=>{"title"=>"aaaaaa", "description"=>"", "flashcards_attributes"=>{"0"=>{"id"=>"4", "position"=>"0", "term"=>"aaaaaa", "definition"=>"aaaaaa"}, "1"=>{"id"=>"5", "position"=>"1", "term"=>"", "definition"=>""}, "2"=>{"id"=>"6", "position"=>"2", "term"=>"", "definition"=>""}}}, "commit_action"=>"update", "id"=>"4"}
  [1m[36mDeck Load (0.1ms)[0m  [1m[34mSELECT "decks".* FROM "decks" WHERE "decks"."id" = ? LIMIT ?[0m  [["id", 4], ["LIMIT", 1]]
  ↳ app/controllers/decks_controller.rb:53:in `update'
  [1m[36mFlashcard Load (0.1ms)[0m  [1m[34mSELECT "flashcards".* FROM "flashcards" WHERE "flashcards"."deck_id" = ? ORDER BY "flashcards"."position" ASC, "flashcards"."id" ASC[0m  [["deck_id", 4]]
  ↳ app/controllers/decks_controller.rb:53:in `update'
  [1m[36mDeck Exists? (0.1ms)[0m  [1m[34mSELECT 1 AS one FROM "decks" LIMIT ?[0m  [["LIMIT", 1]]
  ↳ app/controllers/decks_controller.rb:54:in `update'
  [1m[36mTRANSACTION (0.0ms)[0m  [1m[36mbegin transaction[0m
  ↳ app/controllers/decks_controller.rb:60:in `update'
  [1m[36mDeck Update (0.5ms)[0m  [1m[33mUPDATE "decks" SET "title" = ?, "updated_at" = ? WHERE "decks"."id" = ?[0m  [["title", "aaaaaa"], ["updated_at", "2026-04-06 00:09:49.405812"], ["id", 4]]
  ↳ app/controllers/decks_controller.rb:60:in `update'
  [1m[36mFlashcard Update (0.0ms)[0m  [1m[33mUPDATE "flashcards" SET "term" = ?, "definition" = ?, "updated_at" = ? WHERE "flashcards"."id" = ?[0m  [["term", "aaaaaa"], ["definition", "aaaaaa"], ["updated_at", "2026-04-06 00:09:49.407049"], ["id", 4]]
  ↳ app/controllers/decks_controller.rb:60:in `update'
  [1m[36mTRANSACTION (0.4ms)[0m  [1m[36mcommit transaction[0m
  ↳ app/controllers/decks_controller.rb:60:in `update'
Redirected to http://127.0.0.1:3000/decks/4/edit
Completed 302 Found in 8ms (ActiveRecord: 1.1ms | Allocations: 6871)


Started GET "/decks/4/edit" for 127.0.0.1 at 2026-04-05 21:09:49 -0300
Processing by DecksController#edit as TURBO_STREAM
  Parameters: {"id"=>"4"}
  [1m[36mDeck Exists? (0.1ms)[0m  [1m[34mSELECT 1 AS one FROM "decks" LIMIT ?[0m  [["LIMIT", 1]]
  ↳ app/controllers/decks_controller.rb:22:in `edit'
  [1m[36mDeck Load (0.0ms)[0m  [1m[34mSELECT "decks".* FROM "decks" WHERE "decks"."id" = ? LIMIT ?[0m  [["id", 4], ["LIMIT", 1]]
  ↳ app/controllers/decks_controller.rb:23:in `edit'
  [1m[36mFlashcard Load (0.0ms)[0m  [1m[34mSELECT "flashcards".* FROM "flashcards" WHERE "flashcards"."deck_id" = ? ORDER BY "flashcards"."position" ASC, "flashcards"."id" ASC[0m  [["deck_id", 4]]
  ↳ app/controllers/decks_controller.rb:23:in `edit'
  Rendering layout layouts/application.html.erb
  Rendering decks/new.html.erb within layouts/application
  Rendered shared/_landing_header.html.erb (Duration: 1.2ms | Allocations: 724)
  Rendered decks/_flashcard_item.html.erb (Duration: 0.0ms | Allocations: 35)
  Rendered decks/_flashcard_item.html.erb (Duration: 0.0ms | Allocations: 26)
  Rendered decks/_flashcard_item.html.erb (Duration: 0.0ms | Allocations: 26)
  Rendered decks/_flashcard_item.html.erb (Duration: 0.0ms | Allocations: 14)
  Rendered decks/new.html.erb within layouts/application (Duration: 2.2ms | Allocations: 1654)
  Rendered layout layouts/application.html.erb (Duration: 4.0ms | Allocations: 3338)
Completed 200 OK in 7ms (Views: 4.3ms | ActiveRecord: 0.1ms | Allocations: 5954)


Started GET "/decks/4/edit" for 127.0.0.1 at 2026-04-05 21:10:18 -0300
Processing by DecksController#edit as HTML
  Parameters: {"id"=>"4"}
  [1m[36mDeck Exists? (0.2ms)[0m  [1m[34mSELECT 1 AS one FROM "decks" LIMIT ?[0m  [["LIMIT", 1]]
  ↳ app/controllers/decks_controller.rb:22:in `edit'
  [1m[36mDeck Load (0.0ms)[0m  [1m[34mSELECT "decks".* FROM "decks" WHERE "decks"."id" = ? LIMIT ?[0m  [["id", 4], ["LIMIT", 1]]
  ↳ app/controllers/decks_controller.rb:23:in `edit'
  [1m[36mFlashcard Load (0.1ms)[0m  [1m[34mSELECT "flashcards".* FROM "flashcards" WHERE "flashcards"."deck_id" = ? ORDER BY "flashcards"."position" ASC, "flashcards"."id" ASC[0m  [["deck_id", 4]]
  ↳ app/controllers/decks_controller.rb:23:in `edit'
  Rendering layout layouts/application.html.erb
  Rendering decks/new.html.erb within layouts/application
  Rendered shared/_landing_header.html.erb (Duration: 1.7ms | Allocations: 1188)
  Rendered decks/_flashcard_item.html.erb (Duration: 0.6ms | Allocations: 381)
  Rendered decks/_flashcard_item.html.erb (Duration: 0.0ms | Allocations: 26)
  Rendered decks/_flashcard_item.html.erb (Duration: 0.0ms | Allocations: 26)
  Rendered decks/_flashcard_item.html.erb (Duration: 0.0ms | Allocations: 14)
  Rendered decks/new.html.erb within layouts/application (Duration: 5.7ms | Allocations: 3527)
  Rendered layout layouts/application.html.erb (Duration: 28.6ms | Allocations: 42164)
Completed 200 OK in 46ms (Views: 31.3ms | ActiveRecord: 2.9ms | Allocations: 55672)


Started PATCH "/decks/4" for 127.0.0.1 at 2026-04-05 21:10:30 -0300
Processing by DecksController#update as TURBO_STREAM
  Parameters: {"authenticity_token"=>"[FILTERED]", "deck"=>{"title"=>"aaaaaa", "description"=>"", "flashcards_attributes"=>{"0"=>{"id"=>"4", "position"=>"0", "term"=>"aaaaaa", "definition"=>"aaaaaa"}, "1"=>{"id"=>"5", "position"=>"1", "term"=>"eeeee", "definition"=>"eeeee"}, "2"=>{"id"=>"6", "position"=>"2", "term"=>"", "definition"=>""}}}, "commit_action"=>"update", "id"=>"4"}
  [1m[36mDeck Load (0.1ms)[0m  [1m[34mSELECT "decks".* FROM "decks" WHERE "decks"."id" = ? LIMIT ?[0m  [["id", 4], ["LIMIT", 1]]
  ↳ app/controllers/decks_controller.rb:53:in `update'
  [1m[36mFlashcard Load (0.1ms)[0m  [1m[34mSELECT "flashcards".* FROM "flashcards" WHERE "flashcards"."deck_id" = ? ORDER BY "flashcards"."position" ASC, "flashcards"."id" ASC[0m  [["deck_id", 4]]
  ↳ app/controllers/decks_controller.rb:53:in `update'
  [1m[36mDeck Exists? (0.1ms)[0m  [1m[34mSELECT 1 AS one FROM "decks" LIMIT ?[0m  [["LIMIT", 1]]
  ↳ app/controllers/decks_controller.rb:54:in `update'
Redirected to http://127.0.0.1:3000/decks/4/edit
Completed 302 Found in 7ms (ActiveRecord: 0.3ms | Allocations: 3798)


Started GET "/decks/4/edit" for 127.0.0.1 at 2026-04-05 21:10:30 -0300
Processing by DecksController#edit as TURBO_STREAM
  Parameters: {"id"=>"4"}
  [1m[36mDeck Exists? (0.1ms)[0m  [1m[34mSELECT 1 AS one FROM "decks" LIMIT ?[0m  [["LIMIT", 1]]
  ↳ app/controllers/decks_controller.rb:22:in `edit'
  [1m[36mDeck Load (0.0ms)[0m  [1m[34mSELECT "decks".* FROM "decks" WHERE "decks"."id" = ? LIMIT ?[0m  [["id", 4], ["LIMIT", 1]]
  ↳ app/controllers/decks_controller.rb:23:in `edit'
  [1m[36mFlashcard Load (0.0ms)[0m  [1m[34mSELECT "flashcards".* FROM "flashcards" WHERE "flashcards"."deck_id" = ? ORDER BY "flashcards"."position" ASC, "flashcards"."id" ASC[0m  [["deck_id", 4]]
  ↳ app/controllers/decks_controller.rb:23:in `edit'
  Rendering layout layouts/application.html.erb
  Rendering decks/new.html.erb within layouts/application
  Rendered shared/_landing_header.html.erb (Duration: 1.0ms | Allocations: 724)
  Rendered decks/_flashcard_item.html.erb (Duration: 0.0ms | Allocations: 35)
  Rendered decks/_flashcard_item.html.erb (Duration: 0.0ms | Allocations: 26)
  Rendered decks/_flashcard_item.html.erb (Duration: 0.0ms | Allocations: 26)
  Rendered decks/_flashcard_item.html.erb (Duration: 0.0ms | Allocations: 14)
  Rendered decks/new.html.erb within layouts/application (Duration: 1.8ms | Allocations: 1674)
  Rendered layout layouts/application.html.erb (Duration: 3.0ms | Allocations: 3362)
Completed 200 OK in 5ms (Views: 3.2ms | ActiveRecord: 0.1ms | Allocations: 5977)


Started PATCH "/decks/4" for 127.0.0.1 at 2026-04-05 21:11:47 -0300
Processing by DecksController#update as TURBO_STREAM
  Parameters: {"authenticity_token"=>"[FILTERED]", "deck"=>{"title"=>"aaaaaa", "description"=>"", "flashcards_attributes"=>{"0"=>{"id"=>"4", "position"=>"0", "term"=>"aaaaaa", "definition"=>"aaaaaa"}, "1"=>{"id"=>"5", "position"=>"1", "term"=>"", "definition"=>""}, "2"=>{"id"=>"6", "position"=>"2", "term"=>"iiiii", "definition"=>"iiiii"}}}, "commit_action"=>"update", "id"=>"4"}
  [1m[36mDeck Load (0.1ms)[0m  [1m[34mSELECT "decks".* FROM "decks" WHERE "decks"."id" = ? LIMIT ?[0m  [["id", 4], ["LIMIT", 1]]
  ↳ app/controllers/decks_controller.rb:53:in `update'
  [1m[36mFlashcard Load (0.0ms)[0m  [1m[34mSELECT "flashcards".* FROM "flashcards" WHERE "flashcards"."deck_id" = ? ORDER BY "flashcards"."position" ASC, "flashcards"."id" ASC[0m  [["deck_id", 4]]
  ↳ app/controllers/decks_controller.rb:53:in `update'
  [1m[36mDeck Exists? (0.0ms)[0m  [1m[34mSELECT 1 AS one FROM "decks" LIMIT ?[0m  [["LIMIT", 1]]
  ↳ app/controllers/decks_controller.rb:54:in `update'
Redirected to http://127.0.0.1:3000/decks/4/edit
Completed 302 Found in 5ms (ActiveRecord: 0.2ms | Allocations: 3245)


Started GET "/decks/4/edit" for 127.0.0.1 at 2026-04-05 21:11:47 -0300
Processing by DecksController#edit as TURBO_STREAM
  Parameters: {"id"=>"4"}
  [1m[36mDeck Exists? (0.1ms)[0m  [1m[34mSELECT 1 AS one FROM "decks" LIMIT ?[0m  [["LIMIT", 1]]
  ↳ app/controllers/decks_controller.rb:22:in `edit'
  [1m[36mDeck Load (0.0ms)[0m  [1m[34mSELECT "decks".* FROM "decks" WHERE "decks"."id" = ? LIMIT ?[0m  [["id", 4], ["LIMIT", 1]]
  ↳ app/controllers/decks_controller.rb:23:in `edit'
  [1m[36mFlashcard Load (0.0ms)[0m  [1m[34mSELECT "flashcards".* FROM "flashcards" WHERE "flashcards"."deck_id" = ? ORDER BY "flashcards"."position" ASC, "flashcards"."id" ASC[0m  [["deck_id", 4]]
  ↳ app/controllers/decks_controller.rb:23:in `edit'
  Rendering layout layouts/application.html.erb
  Rendering decks/new.html.erb within layouts/application
  Rendered shared/_landing_header.html.erb (Duration: 1.3ms | Allocations: 728)
  Rendered decks/_flashcard_item.html.erb (Duration: 0.0ms | Allocations: 35)
  Rendered decks/_flashcard_item.html.erb (Duration: 0.0ms | Allocations: 26)
  Rendered decks/_flashcard_item.html.erb (Duration: 0.0ms | Allocations: 26)
  Rendered decks/_flashcard_item.html.erb (Duration: 0.0ms | Allocations: 14)
  Rendered decks/new.html.erb within layouts/application (Duration: 2.3ms | Allocations: 1615)
  Rendered layout layouts/application.html.erb (Duration: 3.9ms | Allocations: 3304)
Completed 200 OK in 7ms (Views: 4.2ms | ActiveRecord: 0.1ms | Allocations: 5862)


Started GET "/decks/4/edit" for 127.0.0.1 at 2026-04-05 21:15:10 -0300
Processing by DecksController#edit as HTML
  Parameters: {"id"=>"4"}
  [1m[36mDeck Exists? (0.1ms)[0m  [1m[34mSELECT 1 AS one FROM "decks" LIMIT ?[0m  [["LIMIT", 1]]
  ↳ app/controllers/decks_controller.rb:22:in `edit'
  [1m[36mDeck Load (0.0ms)[0m  [1m[34mSELECT "decks".* FROM "decks" WHERE "decks"."id" = ? LIMIT ?[0m  [["id", 4], ["LIMIT", 1]]
  ↳ app/controllers/decks_controller.rb:23:in `edit'
  [1m[36mFlashcard Load (0.1ms)[0m  [1m[34mSELECT "flashcards".* FROM "flashcards" WHERE "flashcards"."deck_id" = ? ORDER BY "flashcards"."position" ASC, "flashcards"."id" ASC[0m  [["deck_id", 4]]
  ↳ app/controllers/decks_controller.rb:23:in `edit'
  Rendering layout layouts/application.html.erb
  Rendering decks/new.html.erb within layouts/application
  Rendered shared/_landing_header.html.erb (Duration: 2.2ms | Allocations: 1189)
  Rendered decks/_flashcard_item.html.erb (Duration: 0.6ms | Allocations: 381)
  Rendered decks/_flashcard_item.html.erb (Duration: 0.0ms | Allocations: 26)
  Rendered decks/_flashcard_item.html.erb (Duration: 0.0ms | Allocations: 26)
  Rendered decks/_flashcard_item.html.erb (Duration: 0.0ms | Allocations: 14)
  Rendered decks/new.html.erb within layouts/application (Duration: 5.8ms | Allocations: 3559)
  Rendered layout layouts/application.html.erb (Duration: 23.9ms | Allocations: 42221)
Completed 200 OK in 44ms (Views: 27.2ms | ActiveRecord: 2.6ms | Allocations: 55798)


Started PATCH "/decks/4" for 127.0.0.1 at 2026-04-05 21:15:16 -0300
Processing by DecksController#update as TURBO_STREAM
  Parameters: {"authenticity_token"=>"[FILTERED]", "deck"=>{"title"=>"aaaaaa", "description"=>"", "flashcards_attributes"=>{"0"=>{"id"=>"4", "position"=>"0", "term"=>"aaaaaa", "definition"=>"aaaaaa"}, "1"=>{"id"=>"5", "position"=>"1", "term"=>"", "definition"=>""}, "2"=>{"id"=>"6", "position"=>"2", "term"=>"iiiii", "definition"=>"iiiii"}}}, "commit_action"=>"update", "id"=>"4"}
  [1m[36mDeck Load (0.1ms)[0m  [1m[34mSELECT "decks".* FROM "decks" WHERE "decks"."id" = ? LIMIT ?[0m  [["id", 4], ["LIMIT", 1]]
  ↳ app/controllers/decks_controller.rb:53:in `update'
  [1m[36mFlashcard Load (0.1ms)[0m  [1m[34mSELECT "flashcards".* FROM "flashcards" WHERE "flashcards"."deck_id" = ? ORDER BY "flashcards"."position" ASC, "flashcards"."id" ASC[0m  [["deck_id", 4]]
  ↳ app/controllers/decks_controller.rb:53:in `update'
  [1m[36mDeck Exists? (0.1ms)[0m  [1m[34mSELECT 1 AS one FROM "decks" LIMIT ?[0m  [["LIMIT", 1]]
  ↳ app/controllers/decks_controller.rb:54:in `update'
  [1m[36mTRANSACTION (0.0ms)[0m  [1m[36mbegin transaction[0m
  ↳ app/controllers/decks_controller.rb:60:in `update'
  [1m[36mFlashcard Destroy (0.8ms)[0m  [1m[31mDELETE FROM "flashcards" WHERE "flashcards"."id" = ?[0m  [["id", 5]]
  ↳ app/controllers/decks_controller.rb:60:in `update'
  [1m[36mFlashcard Update (0.0ms)[0m  [1m[33mUPDATE "flashcards" SET "position" = ?, "updated_at" = ? WHERE "flashcards"."id" = ?[0m  [["position", 1], ["updated_at", "2026-04-06 00:15:16.093794"], ["id", 6]]
  ↳ app/controllers/decks_controller.rb:60:in `update'
  [1m[36mTRANSACTION (0.4ms)[0m  [1m[36mcommit transaction[0m
  ↳ app/controllers/decks_controller.rb:60:in `update'
Redirected to http://127.0.0.1:3000/decks/4/edit
Completed 302 Found in 11ms (ActiveRecord: 1.5ms | Allocations: 7273)


Started GET "/decks/4/edit" for 127.0.0.1 at 2026-04-05 21:15:16 -0300
Processing by DecksController#edit as TURBO_STREAM
  Parameters: {"id"=>"4"}
  [1m[36mDeck Exists? (0.1ms)[0m  [1m[34mSELECT 1 AS one FROM "decks" LIMIT ?[0m  [["LIMIT", 1]]
  ↳ app/controllers/decks_controller.rb:22:in `edit'
  [1m[36mDeck Load (0.0ms)[0m  [1m[34mSELECT "decks".* FROM "decks" WHERE "decks"."id" = ? LIMIT ?[0m  [["id", 4], ["LIMIT", 1]]
  ↳ app/controllers/decks_controller.rb:23:in `edit'
  [1m[36mFlashcard Load (0.0ms)[0m  [1m[34mSELECT "flashcards".* FROM "flashcards" WHERE "flashcards"."deck_id" = ? ORDER BY "flashcards"."position" ASC, "flashcards"."id" ASC[0m  [["deck_id", 4]]
  ↳ app/controllers/decks_controller.rb:23:in `edit'
  Rendering layout layouts/application.html.erb
  Rendering decks/new.html.erb within layouts/application
  Rendered shared/_landing_header.html.erb (Duration: 1.4ms | Allocations: 724)
  Rendered decks/_flashcard_item.html.erb (Duration: 0.0ms | Allocations: 35)
  Rendered decks/_flashcard_item.html.erb (Duration: 0.0ms | Allocations: 26)
  Rendered decks/_flashcard_item.html.erb (Duration: 0.0ms | Allocations: 14)
  Rendered decks/new.html.erb within layouts/application (Duration: 2.2ms | Allocations: 1578)
  Rendered layout layouts/application.html.erb (Duration: 3.8ms | Allocations: 3262)
Completed 200 OK in 7ms (Views: 4.1ms | ActiveRecord: 0.1ms | Allocations: 5857)


Started GET "/decks/4/edit" for 127.0.0.1 at 2026-04-05 21:15:18 -0300
Processing by DecksController#edit as HTML
  Parameters: {"id"=>"4"}
  [1m[36mDeck Exists? (0.1ms)[0m  [1m[34mSELECT 1 AS one FROM "decks" LIMIT ?[0m  [["LIMIT", 1]]
  ↳ app/controllers/decks_controller.rb:22:in `edit'
  [1m[36mDeck Load (0.1ms)[0m  [1m[34mSELECT "decks".* FROM "decks" WHERE "decks"."id" = ? LIMIT ?[0m  [["id", 4], ["LIMIT", 1]]
  ↳ app/controllers/decks_controller.rb:23:in `edit'
  [1m[36mFlashcard Load (0.1ms)[0m  [1m[34mSELECT "flashcards".* FROM "flashcards" WHERE "flashcards"."deck_id" = ? ORDER BY "flashcards"."position" ASC, "flashcards"."id" ASC[0m  [["deck_id", 4]]
  ↳ app/controllers/decks_controller.rb:23:in `edit'
  Rendering layout layouts/application.html.erb
  Rendering decks/new.html.erb within layouts/application
  Rendered shared/_landing_header.html.erb (Duration: 2.1ms | Allocations: 721)
  Rendered decks/_flashcard_item.html.erb (Duration: 0.1ms | Allocations: 35)
  Rendered decks/_flashcard_item.html.erb (Duration: 0.0ms | Allocations: 26)
  Rendered decks/_flashcard_item.html.erb (Duration: 0.0ms | Allocations: 14)
  Rendered decks/new.html.erb within layouts/application (Duration: 3.0ms | Allocations: 1518)
  Rendered layout layouts/application.html.erb (Duration: 4.4ms | Allocations: 3202)
Completed 200 OK in 10ms (Views: 4.8ms | ActiveRecord: 0.2ms | Allocations: 5733)


Started PATCH "/decks/4" for 127.0.0.1 at 2026-04-05 21:15:26 -0300
Processing by DecksController#update as TURBO_STREAM
  Parameters: {"authenticity_token"=>"[FILTERED]", "deck"=>{"title"=>"aaaaaa", "description"=>"", "flashcards_attributes"=>{"0"=>{"id"=>"4", "position"=>"0", "term"=>"vvvvvvvv", "definition"=>"aaaaaa"}, "1"=>{"id"=>"6", "position"=>"1", "term"=>"iiiii", "definition"=>"iiiii"}}}, "commit_action"=>"update", "id"=>"4"}
  [1m[36mDeck Load (0.1ms)[0m  [1m[34mSELECT "decks".* FROM "decks" WHERE "decks"."id" = ? LIMIT ?[0m  [["id", 4], ["LIMIT", 1]]
  ↳ app/controllers/decks_controller.rb:53:in `update'
  [1m[36mFlashcard Load (0.1ms)[0m  [1m[34mSELECT "flashcards".* FROM "flashcards" WHERE "flashcards"."deck_id" = ? ORDER BY "flashcards"."position" ASC, "flashcards"."id" ASC[0m  [["deck_id", 4]]
  ↳ app/controllers/decks_controller.rb:53:in `update'
  [1m[36mDeck Exists? (0.1ms)[0m  [1m[34mSELECT 1 AS one FROM "decks" LIMIT ?[0m  [["LIMIT", 1]]
  ↳ app/controllers/decks_controller.rb:54:in `update'
  [1m[36mTRANSACTION (0.0ms)[0m  [1m[36mbegin transaction[0m
  ↳ app/controllers/decks_controller.rb:60:in `update'
  [1m[36mFlashcard Update (0.7ms)[0m  [1m[33mUPDATE "flashcards" SET "term" = ?, "updated_at" = ? WHERE "flashcards"."id" = ?[0m  [["term", "vvvvvvvv"], ["updated_at", "2026-04-06 00:15:26.904286"], ["id", 4]]
  ↳ app/controllers/decks_controller.rb:60:in `update'
  [1m[36mTRANSACTION (0.0ms)[0m  [1m[36mcommit transaction[0m
  ↳ app/controllers/decks_controller.rb:60:in `update'
Redirected to http://127.0.0.1:3000/decks/4/edit
Completed 302 Found in 9ms (ActiveRecord: 1.0ms | Allocations: 5409)


Started GET "/decks/4/edit" for 127.0.0.1 at 2026-04-05 21:15:26 -0300
Processing by DecksController#edit as TURBO_STREAM
  Parameters: {"id"=>"4"}
  [1m[36mDeck Exists? (0.1ms)[0m  [1m[34mSELECT 1 AS one FROM "decks" LIMIT ?[0m  [["LIMIT", 1]]
  ↳ app/controllers/decks_controller.rb:22:in `edit'
  [1m[36mDeck Load (0.0ms)[0m  [1m[34mSELECT "decks".* FROM "decks" WHERE "decks"."id" = ? LIMIT ?[0m  [["id", 4], ["LIMIT", 1]]
  ↳ app/controllers/decks_controller.rb:23:in `edit'
  [1m[36mFlashcard Load (0.0ms)[0m  [1m[34mSELECT "flashcards".* FROM "flashcards" WHERE "flashcards"."deck_id" = ? ORDER BY "flashcards"."position" ASC, "flashcards"."id" ASC[0m  [["deck_id", 4]]
  ↳ app/controllers/decks_controller.rb:23:in `edit'
  Rendering layout layouts/application.html.erb
  Rendering decks/new.html.erb within layouts/application
  Rendered shared/_landing_header.html.erb (Duration: 1.5ms | Allocations: 721)
  Rendered decks/_flashcard_item.html.erb (Duration: 0.0ms | Allocations: 35)
  Rendered decks/_flashcard_item.html.erb (Duration: 0.0ms | Allocations: 26)
  Rendered decks/_flashcard_item.html.erb (Duration: 0.0ms | Allocations: 14)
  Rendered decks/new.html.erb within layouts/application (Duration: 2.5ms | Allocations: 1542)
  Rendered layout layouts/application.html.erb (Duration: 4.2ms | Allocations: 3226)
Completed 200 OK in 7ms (Views: 4.5ms | ActiveRecord: 0.1ms | Allocations: 5760)


Started PATCH "/decks/4" for 127.0.0.1 at 2026-04-05 21:15:28 -0300
Processing by DecksController#update as TURBO_STREAM
  Parameters: {"authenticity_token"=>"[FILTERED]", "deck"=>{"title"=>"aaaaaa", "description"=>"", "flashcards_attributes"=>{"0"=>{"id"=>"4", "position"=>"0", "term"=>"vvvvvvvv", "definition"=>"aaaaaa"}, "1"=>{"id"=>"6", "position"=>"1", "term"=>"iiiii", "definition"=>"iiiii"}}}, "commit_action"=>"practice", "id"=>"4"}
  [1m[36mDeck Load (0.1ms)[0m  [1m[34mSELECT "decks".* FROM "decks" WHERE "decks"."id" = ? LIMIT ?[0m  [["id", 4], ["LIMIT", 1]]
  ↳ app/controllers/decks_controller.rb:53:in `update'
  [1m[36mFlashcard Load (0.1ms)[0m  [1m[34mSELECT "flashcards".* FROM "flashcards" WHERE "flashcards"."deck_id" = ? ORDER BY "flashcards"."position" ASC, "flashcards"."id" ASC[0m  [["deck_id", 4]]
  ↳ app/controllers/decks_controller.rb:53:in `update'
  [1m[36mDeck Exists? (0.1ms)[0m  [1m[34mSELECT 1 AS one FROM "decks" LIMIT ?[0m  [["LIMIT", 1]]
  ↳ app/controllers/decks_controller.rb:54:in `update'
Redirected to http://127.0.0.1:3000/decks/4/practice
Completed 302 Found in 7ms (ActiveRecord: 0.3ms | Allocations: 3124)


Started GET "/decks/4/practice" for 127.0.0.1 at 2026-04-05 21:15:28 -0300
Processing by DecksController#practice as TURBO_STREAM
  Parameters: {"id"=>"4"}
  [1m[36mDeck Load (0.1ms)[0m  [1m[34mSELECT "decks".* FROM "decks" WHERE "decks"."id" = ? LIMIT ?[0m  [["id", 4], ["LIMIT", 1]]
  ↳ app/controllers/decks_controller.rb:30:in `practice'
  [1m[36mFlashcard Load (0.0ms)[0m  [1m[34mSELECT "flashcards".* FROM "flashcards" WHERE "flashcards"."deck_id" = ? ORDER BY "flashcards"."position" ASC, "flashcards"."id" ASC[0m  [["deck_id", 4]]
  ↳ app/controllers/decks_controller.rb:30:in `practice'
  Rendering layout layouts/application.html.erb
  Rendering decks/practice.html.erb within layouts/application
  Rendered shared/_landing_header.html.erb (Duration: 0.9ms | Allocations: 721)
  Rendered shared/_flashcard_flip.html.erb (Duration: 0.5ms | Allocations: 415)
  Rendered decks/practice.html.erb within layouts/application (Duration: 2.8ms | Allocations: 1632)
  Rendered layout layouts/application.html.erb (Duration: 4.8ms | Allocations: 3493)
Completed 200 OK in 8ms (Views: 5.0ms | ActiveRecord: 0.1ms | Allocations: 5481)


Started GET "/" for 127.0.0.1 at 2026-04-05 21:16:14 -0300
Processing by HomeController#index as HTML
  [1m[36mDeck Exists? (0.1ms)[0m  [1m[34mSELECT 1 AS one FROM "decks" LIMIT ?[0m  [["LIMIT", 1]]
  ↳ app/controllers/home_controller.rb:3:in `index'
  Rendering layout layouts/application.html.erb
  Rendering home/index.html.erb within layouts/application
  Rendered shared/_landing_header.html.erb (Duration: 1.2ms | Allocations: 860)
  Rendered shared/_flashcard_flip.html.erb (Duration: 0.0ms | Allocations: 46)
  Rendered home/index.html.erb within layouts/application (Duration: 1.8ms | Allocations: 1383)
  Rendered layout layouts/application.html.erb (Duration: 3.3ms | Allocations: 3371)
Completed 200 OK in 6ms (Views: 4.1ms | ActiveRecord: 0.1ms | Allocations: 4561)


Started GET "/decks/start" for 127.0.0.1 at 2026-04-05 21:16:15 -0300
Processing by DecksController#start as HTML
  [1m[36mDeck Exists? (0.1ms)[0m  [1m[34mSELECT 1 AS one FROM "decks" LIMIT ?[0m  [["LIMIT", 1]]
  ↳ app/controllers/decks_controller.rb:3:in `start'
Redirected to http://127.0.0.1:3000/decks
Completed 302 Found in 2ms (ActiveRecord: 0.1ms | Allocations: 712)


Started GET "/decks" for 127.0.0.1 at 2026-04-05 21:16:15 -0300
Processing by DecksController#index as HTML
  Rendering layout layouts/application.html.erb
  Rendering decks/index.html.erb within layouts/application
  Rendered shared/_landing_header.html.erb (Duration: 0.9ms | Allocations: 721)
  [1m[36mDeck Exists? (0.1ms)[0m  [1m[34mSELECT 1 AS one FROM "decks" LIMIT ?[0m  [["LIMIT", 1]]
  ↳ app/views/decks/index.html.erb:10
  [1m[36mDeck Load (0.1ms)[0m  [1m[34mSELECT "decks".* FROM "decks" ORDER BY "decks"."updated_at" DESC[0m
  ↳ app/views/decks/index.html.erb:12
  [1m[36mFlashcard Load (0.1ms)[0m  [1m[34mSELECT "flashcards".* FROM "flashcards" WHERE "flashcards"."deck_id" IN (?, ?, ?, ?) ORDER BY "flashcards"."position" ASC, "flashcards"."id" ASC[0m  [["deck_id", 4], ["deck_id", 3], ["deck_id", 2], ["deck_id", 1]]
  ↳ app/views/decks/index.html.erb:12
  Rendered decks/index.html.erb within layouts/application (Duration: 3.0ms | Allocations: 3895)
  Rendered layout layouts/application.html.erb (Duration: 5.1ms | Allocations: 5769)
Completed 200 OK in 6ms (Views: 5.1ms | ActiveRecord: 0.2ms | Allocations: 6159)


Started GET "/decks/new" for 127.0.0.1 at 2026-04-05 21:16:15 -0300
Processing by DecksController#new as HTML
  [1m[36mDeck Exists? (0.1ms)[0m  [1m[34mSELECT 1 AS one FROM "decks" LIMIT ?[0m  [["LIMIT", 1]]
  ↳ app/controllers/decks_controller.rb:13:in `new'
  [1m[36mDeck Maximum (0.1ms)[0m  [1m[34mSELECT MAX("decks"."created_at") FROM "decks"[0m
  ↳ app/controllers/decks_controller.rb:16:in `new'
  Rendering layout layouts/application.html.erb
  Rendering decks/new.html.erb within layouts/application
  Rendered shared/_landing_header.html.erb (Duration: 1.2ms | Allocations: 721)
  Rendered decks/_flashcard_item.html.erb (Duration: 0.0ms | Allocations: 26)
  Rendered decks/_flashcard_item.html.erb (Duration: 0.0ms | Allocations: 14)
  Rendered decks/new.html.erb within layouts/application (Duration: 2.0ms | Allocations: 1437)
  Rendered layout layouts/application.html.erb (Duration: 3.4ms | Allocations: 3125)
Completed 200 OK in 8ms (Views: 3.7ms | ActiveRecord: 0.2ms | Allocations: 4983)


Started POST "/decks" for 127.0.0.1 at 2026-04-05 21:16:31 -0300
Processing by DecksController#create as TURBO_STREAM
  Parameters: {"authenticity_token"=>"[FILTERED]", "deck"=>{"title"=>"aaa", "description"=>"aaa", "flashcards_attributes"=>{"0"=>{"position"=>"0", "term"=>"aaa", "definition"=>"ddd"}}}, "commit_action"=>"create"}
  [1m[36mTRANSACTION (0.0ms)[0m  [1m[36mbegin transaction[0m
  ↳ app/controllers/decks_controller.rb:37:in `create'
  [1m[36mDeck Create (0.5ms)[0m  [1m[32mINSERT INTO "decks" ("title", "description", "created_at", "updated_at") VALUES (?, ?, ?, ?) RETURNING "id"[0m  [["title", "aaa"], ["description", "aaa"], ["created_at", "2026-04-06 00:16:31.342584"], ["updated_at", "2026-04-06 00:16:31.342584"]]
  ↳ app/controllers/decks_controller.rb:37:in `create'
  [1m[36mFlashcard Create (0.1ms)[0m  [1m[32mINSERT INTO "flashcards" ("deck_id", "term", "definition", "position", "created_at", "updated_at") VALUES (?, ?, ?, ?, ?, ?) RETURNING "id"[0m  [["deck_id", 5], ["term", "aaa"], ["definition", "ddd"], ["position", 0], ["created_at", "2026-04-06 00:16:31.343944"], ["updated_at", "2026-04-06 00:16:31.343944"]]
  ↳ app/controllers/decks_controller.rb:37:in `create'
  [1m[36mTRANSACTION (0.3ms)[0m  [1m[36mcommit transaction[0m
  ↳ app/controllers/decks_controller.rb:37:in `create'
Redirected to http://127.0.0.1:3000/decks/new
Completed 302 Found in 12ms (ActiveRecord: 2.4ms | Allocations: 14212)


Started GET "/decks/new" for 127.0.0.1 at 2026-04-05 21:16:31 -0300
Processing by DecksController#new as TURBO_STREAM
  [1m[36mDeck Exists? (0.1ms)[0m  [1m[34mSELECT 1 AS one FROM "decks" LIMIT ?[0m  [["LIMIT", 1]]
  ↳ app/controllers/decks_controller.rb:13:in `new'
  [1m[36mDeck Maximum (0.0ms)[0m  [1m[34mSELECT MAX("decks"."created_at") FROM "decks"[0m
  ↳ app/controllers/decks_controller.rb:16:in `new'
  Rendering layout layouts/application.html.erb
  Rendering decks/new.html.erb within layouts/application
  Rendered shared/_landing_header.html.erb (Duration: 1.5ms | Allocations: 1189)
  Rendered decks/_flashcard_item.html.erb (Duration: 0.7ms | Allocations: 369)
  Rendered decks/_flashcard_item.html.erb (Duration: 0.0ms | Allocations: 14)
  Rendered decks/new.html.erb within layouts/application (Duration: 4.6ms | Allocations: 3346)
  Rendered layout layouts/application.html.erb (Duration: 21.6ms | Allocations: 42174)
Completed 200 OK in 26ms (Views: 23.0ms | ActiveRecord: 0.1ms | Allocations: 44904)


Started GET "/" for 127.0.0.1 at 2026-04-05 21:16:40 -0300
Processing by HomeController#index as HTML
  [1m[36mDeck Exists? (0.1ms)[0m  [1m[34mSELECT 1 AS one FROM "decks" LIMIT ?[0m  [["LIMIT", 1]]
  ↳ app/controllers/home_controller.rb:3:in `index'
  Rendering layout layouts/application.html.erb
  Rendering home/index.html.erb within layouts/application
  Rendered shared/_landing_header.html.erb (Duration: 1.3ms | Allocations: 853)
  Rendered shared/_flashcard_flip.html.erb (Duration: 0.5ms | Allocations: 429)
  Rendered home/index.html.erb within layouts/application (Duration: 2.8ms | Allocations: 1825)
  Rendered layout layouts/application.html.erb (Duration: 4.6ms | Allocations: 3829)
Completed 200 OK in 9ms (Views: 6.0ms | ActiveRecord: 0.1ms | Allocations: 5022)


Started GET "/decks/start" for 127.0.0.1 at 2026-04-05 21:16:41 -0300
Processing by DecksController#start as HTML
  [1m[36mDeck Exists? (0.1ms)[0m  [1m[34mSELECT 1 AS one FROM "decks" LIMIT ?[0m  [["LIMIT", 1]]
  ↳ app/controllers/decks_controller.rb:3:in `start'
Redirected to http://127.0.0.1:3000/decks
Completed 302 Found in 4ms (ActiveRecord: 0.1ms | Allocations: 712)


Started GET "/decks" for 127.0.0.1 at 2026-04-05 21:16:41 -0300
Processing by DecksController#index as HTML
  Rendering layout layouts/application.html.erb
  Rendering decks/index.html.erb within layouts/application
  Rendered shared/_landing_header.html.erb (Duration: 2.1ms | Allocations: 721)
  [1m[36mDeck Exists? (0.3ms)[0m  [1m[34mSELECT 1 AS one FROM "decks" LIMIT ?[0m  [["LIMIT", 1]]
  ↳ app/views/decks/index.html.erb:10
  [1m[36mDeck Load (0.3ms)[0m  [1m[34mSELECT "decks".* FROM "decks" ORDER BY "decks"."updated_at" DESC[0m
  ↳ app/views/decks/index.html.erb:12
  [1m[36mFlashcard Load (0.2ms)[0m  [1m[34mSELECT "flashcards".* FROM "flashcards" WHERE "flashcards"."deck_id" IN (?, ?, ?, ?, ?) ORDER BY "flashcards"."position" ASC, "flashcards"."id" ASC[0m  [["deck_id", 5], ["deck_id", 4], ["deck_id", 3], ["deck_id", 2], ["deck_id", 1]]
  ↳ app/views/decks/index.html.erb:12
  Rendered decks/index.html.erb within layouts/application (Duration: 14.6ms | Allocations: 4212)
  Rendered layout layouts/application.html.erb (Duration: 17.6ms | Allocations: 6074)
Completed 200 OK in 21ms (Views: 17.4ms | ActiveRecord: 0.7ms | Allocations: 6467)


Started GET "/decks/new" for 127.0.0.1 at 2026-04-05 21:16:41 -0300
Processing by DecksController#new as HTML
  [1m[36mDeck Exists? (0.1ms)[0m  [1m[34mSELECT 1 AS one FROM "decks" LIMIT ?[0m  [["LIMIT", 1]]
  ↳ app/controllers/decks_controller.rb:13:in `new'
  [1m[36mDeck Maximum (0.0ms)[0m  [1m[34mSELECT MAX("decks"."created_at") FROM "decks"[0m
  ↳ app/controllers/decks_controller.rb:16:in `new'
  Rendering layout layouts/application.html.erb
  Rendering decks/new.html.erb within layouts/application
  Rendered shared/_landing_header.html.erb (Duration: 1.2ms | Allocations: 724)
  Rendered decks/_flashcard_item.html.erb (Duration: 0.0ms | Allocations: 26)
  Rendered decks/_flashcard_item.html.erb (Duration: 0.0ms | Allocations: 14)
  Rendered decks/new.html.erb within layouts/application (Duration: 2.0ms | Allocations: 1440)
  Rendered layout layouts/application.html.erb (Duration: 3.7ms | Allocations: 3128)
Completed 200 OK in 7ms (Views: 4.0ms | ActiveRecord: 0.2ms | Allocations: 4885)


Started GET "/decks/new" for 127.0.0.1 at 2026-04-05 21:16:42 -0300
Processing by DecksController#new as HTML
  [1m[36mDeck Exists? (0.1ms)[0m  [1m[34mSELECT 1 AS one FROM "decks" LIMIT ?[0m  [["LIMIT", 1]]
  ↳ app/controllers/decks_controller.rb:13:in `new'
  [1m[36mDeck Maximum (0.0ms)[0m  [1m[34mSELECT MAX("decks"."created_at") FROM "decks"[0m
  ↳ app/controllers/decks_controller.rb:16:in `new'
  Rendering layout layouts/application.html.erb
  Rendering decks/new.html.erb within layouts/application
  Rendered shared/_landing_header.html.erb (Duration: 1.6ms | Allocations: 721)
  Rendered decks/_flashcard_item.html.erb (Duration: 0.0ms | Allocations: 26)
  Rendered decks/_flashcard_item.html.erb (Duration: 0.0ms | Allocations: 14)
  Rendered decks/new.html.erb within layouts/application (Duration: 2.3ms | Allocations: 1398)
  Rendered layout layouts/application.html.erb (Duration: 4.2ms | Allocations: 3086)
Completed 200 OK in 7ms (Views: 4.4ms | ActiveRecord: 0.2ms | Allocations: 4775)


Started GET "/decks" for 127.0.0.1 at 2026-04-05 21:16:43 -0300
Processing by DecksController#index as HTML
  Rendering layout layouts/application.html.erb
  Rendering decks/index.html.erb within layouts/application
  Rendered shared/_landing_header.html.erb (Duration: 2.6ms | Allocations: 721)
  [1m[36mDeck Exists? (0.2ms)[0m  [1m[34mSELECT 1 AS one FROM "decks" LIMIT ?[0m  [["LIMIT", 1]]
  ↳ app/views/decks/index.html.erb:10
  [1m[36mDeck Load (0.1ms)[0m  [1m[34mSELECT "decks".* FROM "decks" ORDER BY "decks"."updated_at" DESC[0m
  ↳ app/views/decks/index.html.erb:12
  [1m[36mFlashcard Load (0.2ms)[0m  [1m[34mSELECT "flashcards".* FROM "flashcards" WHERE "flashcards"."deck_id" IN (?, ?, ?, ?, ?) ORDER BY "flashcards"."position" ASC, "flashcards"."id" ASC[0m  [["deck_id", 5], ["deck_id", 4], ["deck_id", 3], ["deck_id", 2], ["deck_id", 1]]
  ↳ app/views/decks/index.html.erb:12
  Rendered decks/index.html.erb within layouts/application (Duration: 6.4ms | Allocations: 3589)
  Rendered layout layouts/application.html.erb (Duration: 8.3ms | Allocations: 5472)
Completed 200 OK in 10ms (Views: 8.4ms | ActiveRecord: 0.5ms | Allocations: 5769)


Started GET "/decks/4/practice" for 127.0.0.1 at 2026-04-05 21:16:44 -0300
Processing by DecksController#practice as HTML
  Parameters: {"id"=>"4"}
  [1m[36mDeck Load (0.2ms)[0m  [1m[34mSELECT "decks".* FROM "decks" WHERE "decks"."id" = ? LIMIT ?[0m  [["id", 4], ["LIMIT", 1]]
  ↳ app/controllers/decks_controller.rb:30:in `practice'
  [1m[36mFlashcard Load (0.2ms)[0m  [1m[34mSELECT "flashcards".* FROM "flashcards" WHERE "flashcards"."deck_id" = ? ORDER BY "flashcards"."position" ASC, "flashcards"."id" ASC[0m  [["deck_id", 4]]
  ↳ app/controllers/decks_controller.rb:30:in `practice'
  Rendering layout layouts/application.html.erb
  Rendering decks/practice.html.erb within layouts/application
  Rendered shared/_landing_header.html.erb (Duration: 2.3ms | Allocations: 721)
  Rendered shared/_flashcard_flip.html.erb (Duration: 0.1ms | Allocations: 30)
  Rendered decks/practice.html.erb within layouts/application (Duration: 3.8ms | Allocations: 1226)
  Rendered layout layouts/application.html.erb (Duration: 6.6ms | Allocations: 3117)
Completed 200 OK in 13ms (Views: 7.1ms | ActiveRecord: 0.3ms | Allocations: 5166)


Started GET "/decks" for 127.0.0.1 at 2026-04-05 21:16:45 -0300
Processing by DecksController#index as HTML
  Rendering layout layouts/application.html.erb
  Rendering decks/index.html.erb within layouts/application
  Rendered shared/_landing_header.html.erb (Duration: 2.4ms | Allocations: 721)
  [1m[36mDeck Exists? (0.1ms)[0m  [1m[34mSELECT 1 AS one FROM "decks" LIMIT ?[0m  [["LIMIT", 1]]
  ↳ app/views/decks/index.html.erb:10
  [1m[36mDeck Load (0.0ms)[0m  [1m[34mSELECT "decks".* FROM "decks" ORDER BY "decks"."updated_at" DESC[0m
  ↳ app/views/decks/index.html.erb:12
  [1m[36mFlashcard Load (0.1ms)[0m  [1m[34mSELECT "flashcards".* FROM "flashcards" WHERE "flashcards"."deck_id" IN (?, ?, ?, ?, ?) ORDER BY "flashcards"."position" ASC, "flashcards"."id" ASC[0m  [["deck_id", 5], ["deck_id", 4], ["deck_id", 3], ["deck_id", 2], ["deck_id", 1]]
  ↳ app/views/decks/index.html.erb:12
  Rendered decks/index.html.erb within layouts/application (Duration: 4.7ms | Allocations: 3583)
  Rendered layout layouts/application.html.erb (Duration: 6.7ms | Allocations: 5460)
Completed 200 OK in 8ms (Views: 6.9ms | ActiveRecord: 0.2ms | Allocations: 5757)


Started GET "/decks/new" for 127.0.0.1 at 2026-04-05 21:16:47 -0300
Processing by DecksController#new as HTML
  [1m[36mDeck Exists? (0.2ms)[0m  [1m[34mSELECT 1 AS one FROM "decks" LIMIT ?[0m  [["LIMIT", 1]]
  ↳ app/controllers/decks_controller.rb:13:in `new'
  [1m[36mDeck Maximum (0.1ms)[0m  [1m[34mSELECT MAX("decks"."created_at") FROM "decks"[0m
  ↳ app/controllers/decks_controller.rb:16:in `new'
  Rendering layout layouts/application.html.erb
  Rendering decks/new.html.erb within layouts/application
  Rendered shared/_landing_header.html.erb (Duration: 2.6ms | Allocations: 721)
  Rendered decks/_flashcard_item.html.erb (Duration: 0.1ms | Allocations: 26)
  Rendered decks/_flashcard_item.html.erb (Duration: 0.0ms | Allocations: 14)
  Rendered decks/new.html.erb within layouts/application (Duration: 4.7ms | Allocations: 1395)
  Rendered layout layouts/application.html.erb (Duration: 17.3ms | Allocations: 3083)
Completed 200 OK in 23ms (Views: 18.2ms | ActiveRecord: 0.2ms | Allocations: 4770)


Started GET "/decks" for 127.0.0.1 at 2026-04-05 21:16:51 -0300
Processing by DecksController#index as HTML
  Rendering layout layouts/application.html.erb
  Rendering decks/index.html.erb within layouts/application
  Rendered shared/_landing_header.html.erb (Duration: 2.6ms | Allocations: 728)
  [1m[36mDeck Exists? (0.2ms)[0m  [1m[34mSELECT 1 AS one FROM "decks" LIMIT ?[0m  [["LIMIT", 1]]
  ↳ app/views/decks/index.html.erb:10
  [1m[36mDeck Load (0.1ms)[0m  [1m[34mSELECT "decks".* FROM "decks" ORDER BY "decks"."updated_at" DESC[0m
  ↳ app/views/decks/index.html.erb:12
  [1m[36mFlashcard Load (0.2ms)[0m  [1m[34mSELECT "flashcards".* FROM "flashcards" WHERE "flashcards"."deck_id" IN (?, ?, ?, ?, ?) ORDER BY "flashcards"."position" ASC, "flashcards"."id" ASC[0m  [["deck_id", 5], ["deck_id", 4], ["deck_id", 3], ["deck_id", 2], ["deck_id", 1]]
  ↳ app/views/decks/index.html.erb:12
  Rendered decks/index.html.erb within layouts/application (Duration: 8.2ms | Allocations: 3590)
  Rendered layout layouts/application.html.erb (Duration: 12.3ms | Allocations: 5472)
Completed 200 OK in 14ms (Views: 12.4ms | ActiveRecord: 0.4ms | Allocations: 5770)


Started GET "/decks/4/practice" for 127.0.0.1 at 2026-04-05 21:16:52 -0300
Processing by DecksController#practice as HTML
  Parameters: {"id"=>"4"}
  [1m[36mDeck Load (0.1ms)[0m  [1m[34mSELECT "decks".* FROM "decks" WHERE "decks"."id" = ? LIMIT ?[0m  [["id", 4], ["LIMIT", 1]]
  ↳ app/controllers/decks_controller.rb:30:in `practice'
  [1m[36mFlashcard Load (0.1ms)[0m  [1m[34mSELECT "flashcards".* FROM "flashcards" WHERE "flashcards"."deck_id" = ? ORDER BY "flashcards"."position" ASC, "flashcards"."id" ASC[0m  [["deck_id", 4]]
  ↳ app/controllers/decks_controller.rb:30:in `practice'
  Rendering layout layouts/application.html.erb
  Rendering decks/practice.html.erb within layouts/application
  Rendered shared/_landing_header.html.erb (Duration: 2.2ms | Allocations: 721)
  Rendered shared/_flashcard_flip.html.erb (Duration: 0.1ms | Allocations: 30)
  Rendered decks/practice.html.erb within layouts/application (Duration: 2.9ms | Allocations: 968)
  Rendered layout layouts/application.html.erb (Duration: 4.8ms | Allocations: 2853)
Completed 200 OK in 10ms (Views: 5.2ms | ActiveRecord: 0.2ms | Allocations: 4778)


Started GET "/decks/new" for 127.0.0.1 at 2026-04-05 21:17:26 -0300
Processing by DecksController#new as HTML
  [1m[36mDeck Exists? (0.1ms)[0m  [1m[34mSELECT 1 AS one FROM "decks" LIMIT ?[0m  [["LIMIT", 1]]
  ↳ app/controllers/decks_controller.rb:13:in `new'
  [1m[36mDeck Maximum (0.0ms)[0m  [1m[34mSELECT MAX("decks"."created_at") FROM "decks"[0m
  ↳ app/controllers/decks_controller.rb:16:in `new'
  Rendering layout layouts/application.html.erb
  Rendering decks/new.html.erb within layouts/application
  Rendered shared/_landing_header.html.erb (Duration: 1.6ms | Allocations: 721)
  Rendered decks/_flashcard_item.html.erb (Duration: 0.0ms | Allocations: 26)
  Rendered decks/_flashcard_item.html.erb (Duration: 0.0ms | Allocations: 14)
  Rendered decks/new.html.erb within layouts/application (Duration: 2.4ms | Allocations: 1401)
  Rendered layout layouts/application.html.erb (Duration: 4.4ms | Allocations: 3089)
Completed 200 OK in 8ms (Views: 4.7ms | ActiveRecord: 0.2ms | Allocations: 4785)


Started GET "/decks" for 127.0.0.1 at 2026-04-05 21:17:28 -0300
Processing by DecksController#index as HTML
  Rendering layout layouts/application.html.erb
  Rendering decks/index.html.erb within layouts/application
  Rendered shared/_landing_header.html.erb (Duration: 1.8ms | Allocations: 721)
  [1m[36mDeck Exists? (0.1ms)[0m  [1m[34mSELECT 1 AS one FROM "decks" LIMIT ?[0m  [["LIMIT", 1]]
  ↳ app/views/decks/index.html.erb:10
  [1m[36mDeck Load (0.2ms)[0m  [1m[34mSELECT "decks".* FROM "decks" ORDER BY "decks"."updated_at" DESC[0m
  ↳ app/views/decks/index.html.erb:12
  [1m[36mFlashcard Load (0.1ms)[0m  [1m[34mSELECT "flashcards".* FROM "flashcards" WHERE "flashcards"."deck_id" IN (?, ?, ?, ?, ?) ORDER BY "flashcards"."position" ASC, "flashcards"."id" ASC[0m  [["deck_id", 5], ["deck_id", 4], ["deck_id", 3], ["deck_id", 2], ["deck_id", 1]]
  ↳ app/views/decks/index.html.erb:12
  Rendered decks/index.html.erb within layouts/application (Duration: 5.0ms | Allocations: 3583)
  Rendered layout layouts/application.html.erb (Duration: 6.6ms | Allocations: 5460)
Completed 200 OK in 8ms (Views: 6.6ms | ActiveRecord: 0.4ms | Allocations: 5757)


Started GET "/decks/new" for 127.0.0.1 at 2026-04-05 21:17:34 -0300
Processing by DecksController#new as HTML
  [1m[36mDeck Exists? (0.1ms)[0m  [1m[34mSELECT 1 AS one FROM "decks" LIMIT ?[0m  [["LIMIT", 1]]
  ↳ app/controllers/decks_controller.rb:13:in `new'
  [1m[36mDeck Maximum (0.0ms)[0m  [1m[34mSELECT MAX("decks"."created_at") FROM "decks"[0m
  ↳ app/controllers/decks_controller.rb:16:in `new'
  Rendering layout layouts/application.html.erb
  Rendering decks/new.html.erb within layouts/application
  Rendered shared/_landing_header.html.erb (Duration: 1.5ms | Allocations: 721)
  Rendered decks/_flashcard_item.html.erb (Duration: 0.0ms | Allocations: 26)
  Rendered decks/_flashcard_item.html.erb (Duration: 0.0ms | Allocations: 14)
  Rendered decks/new.html.erb within layouts/application (Duration: 2.2ms | Allocations: 1398)
  Rendered layout layouts/application.html.erb (Duration: 3.7ms | Allocations: 3086)
Completed 200 OK in 7ms (Views: 3.9ms | ActiveRecord: 0.2ms | Allocations: 4772)


Started GET "/decks" for 127.0.0.1 at 2026-04-05 21:17:39 -0300
Processing by DecksController#index as HTML
  Rendering layout layouts/application.html.erb
  Rendering decks/index.html.erb within layouts/application
  Rendered shared/_landing_header.html.erb (Duration: 1.6ms | Allocations: 721)
  [1m[36mDeck Exists? (0.1ms)[0m  [1m[34mSELECT 1 AS one FROM "decks" LIMIT ?[0m  [["LIMIT", 1]]
  ↳ app/views/decks/index.html.erb:10
  [1m[36mDeck Load (0.0ms)[0m  [1m[34mSELECT "decks".* FROM "decks" ORDER BY "decks"."updated_at" DESC[0m
  ↳ app/views/decks/index.html.erb:12
  [1m[36mFlashcard Load (0.1ms)[0m  [1m[34mSELECT "flashcards".* FROM "flashcards" WHERE "flashcards"."deck_id" IN (?, ?, ?, ?, ?) ORDER BY "flashcards"."position" ASC, "flashcards"."id" ASC[0m  [["deck_id", 5], ["deck_id", 4], ["deck_id", 3], ["deck_id", 2], ["deck_id", 1]]
  ↳ app/views/decks/index.html.erb:12
  Rendered decks/index.html.erb within layouts/application (Duration: 3.7ms | Allocations: 3583)
  Rendered layout layouts/application.html.erb (Duration: 5.5ms | Allocations: 5466)
Completed 200 OK in 7ms (Views: 5.7ms | ActiveRecord: 0.2ms | Allocations: 5763)


Started GET "/decks/new" for 127.0.0.1 at 2026-04-05 21:17:41 -0300
Processing by DecksController#new as HTML
  [1m[36mDeck Exists? (0.2ms)[0m  [1m[34mSELECT 1 AS one FROM "decks" LIMIT ?[0m  [["LIMIT", 1]]
  ↳ app/controllers/decks_controller.rb:13:in `new'
  [1m[36mDeck Maximum (0.1ms)[0m  [1m[34mSELECT MAX("decks"."created_at") FROM "decks"[0m
  ↳ app/controllers/decks_controller.rb:16:in `new'
  Rendering layout layouts/application.html.erb
  Rendering decks/new.html.erb within layouts/application
  Rendered shared/_landing_header.html.erb (Duration: 2.0ms | Allocations: 721)
  Rendered decks/_flashcard_item.html.erb (Duration: 0.0ms | Allocations: 26)
  Rendered decks/_flashcard_item.html.erb (Duration: 0.0ms | Allocations: 14)
  Rendered decks/new.html.erb within layouts/application (Duration: 3.5ms | Allocations: 1398)
  Rendered layout layouts/application.html.erb (Duration: 5.4ms | Allocations: 3086)
Completed 200 OK in 10ms (Views: 5.8ms | ActiveRecord: 0.2ms | Allocations: 4772)


Started POST "/decks" for 127.0.0.1 at 2026-04-05 21:17:48 -0300
Processing by DecksController#create as TURBO_STREAM
  Parameters: {"authenticity_token"=>"[FILTERED]", "deck"=>{"title"=>"bbbb", "description"=>"bbbb", "flashcards_attributes"=>{"0"=>{"position"=>"0", "term"=>"bb", "definition"=>"bbb"}, "1"=>{"position"=>"1", "term"=>"", "definition"=>""}}}, "commit_action"=>"create"}
  [1m[36mTRANSACTION (0.0ms)[0m  [1m[36mbegin transaction[0m
  ↳ app/controllers/decks_controller.rb:37:in `create'
  [1m[36mDeck Create (0.6ms)[0m  [1m[32mINSERT INTO "decks" ("title", "description", "created_at", "updated_at") VALUES (?, ?, ?, ?) RETURNING "id"[0m  [["title", "bbbb"], ["description", "bbbb"], ["created_at", "2026-04-06 00:17:48.172586"], ["updated_at", "2026-04-06 00:17:48.172586"]]
  ↳ app/controllers/decks_controller.rb:37:in `create'
  [1m[36mFlashcard Create (0.0ms)[0m  [1m[32mINSERT INTO "flashcards" ("deck_id", "term", "definition", "position", "created_at", "updated_at") VALUES (?, ?, ?, ?, ?, ?) RETURNING "id"[0m  [["deck_id", 6], ["term", "bb"], ["definition", "bbb"], ["position", 0], ["created_at", "2026-04-06 00:17:48.173861"], ["updated_at", "2026-04-06 00:17:48.173861"]]
  ↳ app/controllers/decks_controller.rb:37:in `create'
  [1m[36mTRANSACTION (0.4ms)[0m  [1m[36mcommit transaction[0m
  ↳ app/controllers/decks_controller.rb:37:in `create'
Redirected to http://127.0.0.1:3000/decks/new
Completed 302 Found in 11ms (ActiveRecord: 2.7ms | Allocations: 14332)


Started GET "/decks/new" for 127.0.0.1 at 2026-04-05 21:17:48 -0300
Processing by DecksController#new as TURBO_STREAM
  [1m[36mDeck Exists? (0.1ms)[0m  [1m[34mSELECT 1 AS one FROM "decks" LIMIT ?[0m  [["LIMIT", 1]]
  ↳ app/controllers/decks_controller.rb:13:in `new'
  [1m[36mDeck Maximum (0.0ms)[0m  [1m[34mSELECT MAX("decks"."created_at") FROM "decks"[0m
  ↳ app/controllers/decks_controller.rb:16:in `new'
  Rendering layout layouts/application.html.erb
  Rendering decks/new.html.erb within layouts/application
  Rendered shared/_landing_header.html.erb (Duration: 1.4ms | Allocations: 1186)
  Rendered decks/_flashcard_item.html.erb (Duration: 0.4ms | Allocations: 369)
  Rendered decks/_flashcard_item.html.erb (Duration: 0.0ms | Allocations: 14)
  Rendered decks/new.html.erb within layouts/application (Duration: 4.0ms | Allocations: 3365)
  Rendered layout layouts/application.html.erb (Duration: 20.5ms | Allocations: 42043)
Completed 200 OK in 25ms (Views: 22.8ms | ActiveRecord: 0.1ms | Allocations: 44774)


Started GET "/decks" for 127.0.0.1 at 2026-04-05 21:17:49 -0300
Processing by DecksController#index as HTML
  Rendering layout layouts/application.html.erb
  Rendering decks/index.html.erb within layouts/application
  Rendered shared/_landing_header.html.erb (Duration: 1.8ms | Allocations: 724)
  [1m[36mDeck Exists? (0.1ms)[0m  [1m[34mSELECT 1 AS one FROM "decks" LIMIT ?[0m  [["LIMIT", 1]]
  ↳ app/views/decks/index.html.erb:10
  [1m[36mDeck Load (0.1ms)[0m  [1m[34mSELECT "decks".* FROM "decks" ORDER BY "decks"."updated_at" DESC[0m
  ↳ app/views/decks/index.html.erb:12
  [1m[36mFlashcard Load (0.1ms)[0m  [1m[34mSELECT "flashcards".* FROM "flashcards" WHERE "flashcards"."deck_id" IN (?, ?, ?, ?, ?, ?) ORDER BY "flashcards"."position" ASC, "flashcards"."id" ASC[0m  [["deck_id", 6], ["deck_id", 5], ["deck_id", 4], ["deck_id", 3], ["deck_id", 2], ["deck_id", 1]]
  ↳ app/views/decks/index.html.erb:12
  Rendered decks/index.html.erb within layouts/application (Duration: 6.5ms | Allocations: 4408)
  Rendered layout layouts/application.html.erb (Duration: 8.6ms | Allocations: 6273)
Completed 200 OK in 11ms (Views: 8.7ms | ActiveRecord: 0.3ms | Allocations: 6696)


Started GET "/decks/6/practice" for 127.0.0.1 at 2026-04-05 21:17:52 -0300
Processing by DecksController#practice as HTML
  Parameters: {"id"=>"6"}
  [1m[36mDeck Load (0.1ms)[0m  [1m[34mSELECT "decks".* FROM "decks" WHERE "decks"."id" = ? LIMIT ?[0m  [["id", 6], ["LIMIT", 1]]
  ↳ app/controllers/decks_controller.rb:30:in `practice'
  [1m[36mFlashcard Load (0.1ms)[0m  [1m[34mSELECT "flashcards".* FROM "flashcards" WHERE "flashcards"."deck_id" = ? ORDER BY "flashcards"."position" ASC, "flashcards"."id" ASC[0m  [["deck_id", 6]]
  ↳ app/controllers/decks_controller.rb:30:in `practice'
  Rendering layout layouts/application.html.erb
  Rendering decks/practice.html.erb within layouts/application
  Rendered shared/_landing_header.html.erb (Duration: 1.8ms | Allocations: 1195)
  Rendered shared/_flashcard_flip.html.erb (Duration: 0.4ms | Allocations: 424)
  Rendered decks/practice.html.erb within layouts/application (Duration: 3.7ms | Allocations: 2311)
  Rendered layout layouts/application.html.erb (Duration: 20.0ms | Allocations: 41270)
Completed 200 OK in 35ms (Views: 21.8ms | ActiveRecord: 2.3ms | Allocations: 54079)


Started GET "/decks" for 127.0.0.1 at 2026-04-05 21:17:56 -0300
Processing by DecksController#index as HTML
  Rendering layout layouts/application.html.erb
  Rendering decks/index.html.erb within layouts/application
  Rendered shared/_landing_header.html.erb (Duration: 2.0ms | Allocations: 721)
  [1m[36mDeck Exists? (0.1ms)[0m  [1m[34mSELECT 1 AS one FROM "decks" LIMIT ?[0m  [["LIMIT", 1]]
  ↳ app/views/decks/index.html.erb:10
  [1m[36mDeck Load (0.0ms)[0m  [1m[34mSELECT "decks".* FROM "decks" ORDER BY "decks"."updated_at" DESC[0m
  ↳ app/views/decks/index.html.erb:12
  [1m[36mFlashcard Load (0.1ms)[0m  [1m[34mSELECT "flashcards".* FROM "flashcards" WHERE "flashcards"."deck_id" IN (?, ?, ?, ?, ?, ?) ORDER BY "flashcards"."position" ASC, "flashcards"."id" ASC[0m  [["deck_id", 6], ["deck_id", 5], ["deck_id", 4], ["deck_id", 3], ["deck_id", 2], ["deck_id", 1]]
  ↳ app/views/decks/index.html.erb:12
  Rendered decks/index.html.erb within layouts/application (Duration: 5.4ms | Allocations: 4277)
  Rendered layout layouts/application.html.erb (Duration: 7.3ms | Allocations: 6151)
Completed 200 OK in 10ms (Views: 7.5ms | ActiveRecord: 0.2ms | Allocations: 6554)


Started GET "/decks/new" for 127.0.0.1 at 2026-04-05 21:17:58 -0300
Processing by DecksController#new as HTML
  [1m[36mDeck Exists? (0.2ms)[0m  [1m[34mSELECT 1 AS one FROM "decks" LIMIT ?[0m  [["LIMIT", 1]]
  ↳ app/controllers/decks_controller.rb:13:in `new'
  [1m[36mDeck Maximum (0.1ms)[0m  [1m[34mSELECT MAX("decks"."created_at") FROM "decks"[0m
  ↳ app/controllers/decks_controller.rb:16:in `new'
  Rendering layout layouts/application.html.erb
  Rendering decks/new.html.erb within layouts/application
  Rendered shared/_landing_header.html.erb (Duration: 2.0ms | Allocations: 721)
  Rendered decks/_flashcard_item.html.erb (Duration: 0.5ms | Allocations: 367)
  Rendered decks/_flashcard_item.html.erb (Duration: 0.0ms | Allocations: 14)
  Rendered decks/new.html.erb within layouts/application (Duration: 5.8ms | Allocations: 2635)
  Rendered layout layouts/application.html.erb (Duration: 7.9ms | Allocations: 4323)
Completed 200 OK in 14ms (Views: 8.4ms | ActiveRecord: 0.3ms | Allocations: 6257)


Started GET "/decks/new" for 127.0.0.1 at 2026-04-05 21:18:03 -0300
Processing by DecksController#new as HTML
  [1m[36mDeck Exists? (0.1ms)[0m  [1m[34mSELECT 1 AS one FROM "decks" LIMIT ?[0m  [["LIMIT", 1]]
  ↳ app/controllers/decks_controller.rb:13:in `new'
  [1m[36mDeck Maximum (0.1ms)[0m  [1m[34mSELECT MAX("decks"."created_at") FROM "decks"[0m
  ↳ app/controllers/decks_controller.rb:16:in `new'
  Rendering layout layouts/application.html.erb
  Rendering decks/new.html.erb within layouts/application
  Rendered shared/_landing_header.html.erb (Duration: 2.2ms | Allocations: 725)
  Rendered decks/_flashcard_item.html.erb (Duration: 0.0ms | Allocations: 26)
  Rendered decks/_flashcard_item.html.erb (Duration: 0.0ms | Allocations: 14)
  Rendered decks/new.html.erb within layouts/application (Duration: 3.7ms | Allocations: 1390)
  Rendered layout layouts/application.html.erb (Duration: 7.1ms | Allocations: 3081)
Completed 200 OK in 11ms (Views: 7.5ms | ActiveRecord: 0.2ms | Allocations: 4767)


Started GET "/decks/4/practice" for 127.0.0.1 at 2026-04-05 21:18:04 -0300
Processing by DecksController#practice as HTML
  Parameters: {"id"=>"4"}
  [1m[36mDeck Load (0.1ms)[0m  [1m[34mSELECT "decks".* FROM "decks" WHERE "decks"."id" = ? LIMIT ?[0m  [["id", 4], ["LIMIT", 1]]
  ↳ app/controllers/decks_controller.rb:30:in `practice'
  [1m[36mFlashcard Load (0.1ms)[0m  [1m[34mSELECT "flashcards".* FROM "flashcards" WHERE "flashcards"."deck_id" = ? ORDER BY "flashcards"."position" ASC, "flashcards"."id" ASC[0m  [["deck_id", 4]]
  ↳ app/controllers/decks_controller.rb:30:in `practice'
  Rendering layout layouts/application.html.erb
  Rendering decks/practice.html.erb within layouts/application
  Rendered shared/_landing_header.html.erb (Duration: 2.4ms | Allocations: 721)
  Rendered shared/_flashcard_flip.html.erb (Duration: 0.1ms | Allocations: 30)
  Rendered decks/practice.html.erb within layouts/application (Duration: 3.0ms | Allocations: 968)
  Rendered layout layouts/application.html.erb (Duration: 5.3ms | Allocations: 2843)
Completed 200 OK in 10ms (Views: 5.7ms | ActiveRecord: 0.2ms | Allocations: 4772)


Started GET "/decks" for 127.0.0.1 at 2026-04-05 21:18:11 -0300
Processing by DecksController#index as HTML
  Rendering layout layouts/application.html.erb
  Rendering decks/index.html.erb within layouts/application
  Rendered shared/_landing_header.html.erb (Duration: 1.9ms | Allocations: 1192)
  [1m[36mDeck Exists? (0.1ms)[0m  [1m[34mSELECT 1 AS one FROM "decks" LIMIT ?[0m  [["LIMIT", 1]]
  ↳ app/views/decks/index.html.erb:10
  [1m[36mDeck Load (0.1ms)[0m  [1m[34mSELECT "decks".* FROM "decks" ORDER BY "decks"."updated_at" DESC[0m
  ↳ app/views/decks/index.html.erb:12
  [1m[36mFlashcard Load (0.1ms)[0m  [1m[34mSELECT "flashcards".* FROM "flashcards" WHERE "flashcards"."deck_id" IN (?, ?, ?, ?, ?, ?) ORDER BY "flashcards"."position" ASC, "flashcards"."id" ASC[0m  [["deck_id", 6], ["deck_id", 5], ["deck_id", 4], ["deck_id", 3], ["deck_id", 2], ["deck_id", 1]]
  ↳ app/views/decks/index.html.erb:12
  Rendered decks/index.html.erb within layouts/application (Duration: 21.3ms | Allocations: 13415)
  Rendered layout layouts/application.html.erb (Duration: 38.1ms | Allocations: 52210)
Completed 200 OK in 45ms (Views: 39.9ms | ActiveRecord: 2.3ms | Allocations: 55399)


Started GET "/decks/6/edit" for 127.0.0.1 at 2026-04-05 21:18:13 -0300
Processing by DecksController#edit as HTML
  Parameters: {"id"=>"6"}
  [1m[36mDeck Exists? (0.1ms)[0m  [1m[34mSELECT 1 AS one FROM "decks" LIMIT ?[0m  [["LIMIT", 1]]
  ↳ app/controllers/decks_controller.rb:22:in `edit'
  [1m[36mDeck Load (0.2ms)[0m  [1m[34mSELECT "decks".* FROM "decks" WHERE "decks"."id" = ? LIMIT ?[0m  [["id", 6], ["LIMIT", 1]]
  ↳ app/controllers/decks_controller.rb:23:in `edit'
  [1m[36mFlashcard Load (0.2ms)[0m  [1m[34mSELECT "flashcards".* FROM "flashcards" WHERE "flashcards"."deck_id" = ? ORDER BY "flashcards"."position" ASC, "flashcards"."id" ASC[0m  [["deck_id", 6]]
  ↳ app/controllers/decks_controller.rb:23:in `edit'
  Rendering layout layouts/application.html.erb
  Rendering decks/new.html.erb within layouts/application
  Rendered shared/_landing_header.html.erb (Duration: 5.1ms | Allocations: 743)
  Rendered decks/_flashcard_item.html.erb (Duration: 0.7ms | Allocations: 381)
  Rendered decks/_flashcard_item.html.erb (Duration: 0.0ms | Allocations: 14)
  Rendered decks/new.html.erb within layouts/application (Duration: 19.1ms | Allocations: 2734)
  Rendered layout layouts/application.html.erb (Duration: 24.2ms | Allocations: 4424)
Completed 200 OK in 38ms (Views: 28.3ms | ActiveRecord: 0.5ms | Allocations: 7197)


Started GET "/decks" for 127.0.0.1 at 2026-04-05 21:18:27 -0300
Processing by DecksController#index as HTML
  Rendering layout layouts/application.html.erb
  Rendering decks/index.html.erb within layouts/application
  Rendered shared/_landing_header.html.erb (Duration: 2.2ms | Allocations: 721)
  [1m[36mDeck Exists? (0.2ms)[0m  [1m[34mSELECT 1 AS one FROM "decks" LIMIT ?[0m  [["LIMIT", 1]]
  ↳ app/views/decks/index.html.erb:10
  [1m[36mDeck Load (0.1ms)[0m  [1m[34mSELECT "decks".* FROM "decks" ORDER BY "decks"."updated_at" DESC[0m
  ↳ app/views/decks/index.html.erb:12
  [1m[36mFlashcard Load (0.1ms)[0m  [1m[34mSELECT "flashcards".* FROM "flashcards" WHERE "flashcards"."deck_id" IN (?, ?, ?, ?, ?, ?) ORDER BY "flashcards"."position" ASC, "flashcards"."id" ASC[0m  [["deck_id", 6], ["deck_id", 5], ["deck_id", 4], ["deck_id", 3], ["deck_id", 2], ["deck_id", 1]]
  ↳ app/views/decks/index.html.erb:12
  Rendered decks/index.html.erb within layouts/application (Duration: 6.6ms | Allocations: 3995)
  Rendered layout layouts/application.html.erb (Duration: 43.9ms | Allocations: 71149)
Completed 200 OK in 46ms (Views: 43.9ms | ActiveRecord: 0.3ms | Allocations: 71458)


Started DELETE "/decks/3" for 127.0.0.1 at 2026-04-05 21:18:33 -0300
Processing by DecksController#destroy as TURBO_STREAM
  Parameters: {"authenticity_token"=>"[FILTERED]", "id"=>"3"}
  [1m[36mDeck Load (0.2ms)[0m  [1m[34mSELECT "decks".* FROM "decks" WHERE "decks"."id" = ? LIMIT ?[0m  [["id", 3], ["LIMIT", 1]]
  ↳ app/controllers/decks_controller.rb:73:in `destroy'
  [1m[36mTRANSACTION (0.1ms)[0m  [1m[36mbegin transaction[0m
  ↳ app/controllers/decks_controller.rb:74:in `destroy'
  [1m[36mFlashcard Load (0.9ms)[0m  [1m[34mSELECT "flashcards".* FROM "flashcards" WHERE "flashcards"."deck_id" = ? ORDER BY "flashcards"."position" ASC, "flashcards"."id" ASC[0m  [["deck_id", 3]]
  ↳ app/controllers/decks_controller.rb:74:in `destroy'
  [1m[36mFlashcard Destroy (0.1ms)[0m  [1m[31mDELETE FROM "flashcards" WHERE "flashcards"."id" = ?[0m  [["id", 3]]
  ↳ app/controllers/decks_controller.rb:74:in `destroy'
  [1m[36mDeck Destroy (0.1ms)[0m  [1m[31mDELETE FROM "decks" WHERE "decks"."id" = ?[0m  [["id", 3]]
  ↳ app/controllers/decks_controller.rb:74:in `destroy'
  [1m[36mTRANSACTION (0.4ms)[0m  [1m[36mcommit transaction[0m
  ↳ app/controllers/decks_controller.rb:74:in `destroy'
Redirected to http://127.0.0.1:3000/decks
Completed 302 Found in 10ms (ActiveRecord: 1.6ms | Allocations: 5323)


Started GET "/decks" for 127.0.0.1 at 2026-04-05 21:18:33 -0300
Processing by DecksController#index as TURBO_STREAM
  Rendering layout layouts/application.html.erb
  Rendering decks/index.html.erb within layouts/application
  Rendered shared/_landing_header.html.erb (Duration: 1.1ms | Allocations: 724)
  [1m[36mDeck Exists? (0.1ms)[0m  [1m[34mSELECT 1 AS one FROM "decks" LIMIT ?[0m  [["LIMIT", 1]]
  ↳ app/views/decks/index.html.erb:10
  [1m[36mDeck Load (0.0ms)[0m  [1m[34mSELECT "decks".* FROM "decks" ORDER BY "decks"."updated_at" DESC[0m
  ↳ app/views/decks/index.html.erb:12
  [1m[36mFlashcard Load (0.1ms)[0m  [1m[34mSELECT "flashcards".* FROM "flashcards" WHERE "flashcards"."deck_id" IN (?, ?, ?, ?, ?) ORDER BY "flashcards"."position" ASC, "flashcards"."id" ASC[0m  [["deck_id", 6], ["deck_id", 5], ["deck_id", 4], ["deck_id", 2], ["deck_id", 1]]
  ↳ app/views/decks/index.html.erb:12
  Rendered decks/index.html.erb within layouts/application (Duration: 3.1ms | Allocations: 3909)
  Rendered layout layouts/application.html.erb (Duration: 4.6ms | Allocations: 5622)
Completed 200 OK in 5ms (Views: 4.6ms | ActiveRecord: 0.2ms | Allocations: 5970)


Started DELETE "/decks/2" for 127.0.0.1 at 2026-04-05 21:18:34 -0300
Processing by DecksController#destroy as TURBO_STREAM
  Parameters: {"authenticity_token"=>"[FILTERED]", "id"=>"2"}
  [1m[36mDeck Load (0.1ms)[0m  [1m[34mSELECT "decks".* FROM "decks" WHERE "decks"."id" = ? LIMIT ?[0m  [["id", 2], ["LIMIT", 1]]
  ↳ app/controllers/decks_controller.rb:73:in `destroy'
  [1m[36mTRANSACTION (0.0ms)[0m  [1m[36mbegin transaction[0m
  ↳ app/controllers/decks_controller.rb:74:in `destroy'
  [1m[36mFlashcard Load (0.5ms)[0m  [1m[34mSELECT "flashcards".* FROM "flashcards" WHERE "flashcards"."deck_id" = ? ORDER BY "flashcards"."position" ASC, "flashcards"."id" ASC[0m  [["deck_id", 2]]
  ↳ app/controllers/decks_controller.rb:74:in `destroy'
  [1m[36mDeck Destroy (0.0ms)[0m  [1m[31mDELETE FROM "decks" WHERE "decks"."id" = ?[0m  [["id", 2]]
  ↳ app/controllers/decks_controller.rb:74:in `destroy'
  [1m[36mTRANSACTION (0.0ms)[0m  [1m[36mcommit transaction[0m
  ↳ app/controllers/decks_controller.rb:74:in `destroy'
Redirected to http://127.0.0.1:3000/decks
Completed 302 Found in 4ms (ActiveRecord: 0.7ms | Allocations: 3597)


Started GET "/decks" for 127.0.0.1 at 2026-04-05 21:18:34 -0300
Processing by DecksController#index as TURBO_STREAM
  Rendering layout layouts/application.html.erb
  Rendering decks/index.html.erb within layouts/application
  Rendered shared/_landing_header.html.erb (Duration: 1.2ms | Allocations: 727)
  [1m[36mDeck Exists? (0.1ms)[0m  [1m[34mSELECT 1 AS one FROM "decks" LIMIT ?[0m  [["LIMIT", 1]]
  ↳ app/views/decks/index.html.erb:10
  [1m[36mDeck Load (0.0ms)[0m  [1m[34mSELECT "decks".* FROM "decks" ORDER BY "decks"."updated_at" DESC[0m
  ↳ app/views/decks/index.html.erb:12
  [1m[36mFlashcard Load (0.1ms)[0m  [1m[34mSELECT "flashcards".* FROM "flashcards" WHERE "flashcards"."deck_id" IN (?, ?, ?, ?) ORDER BY "flashcards"."position" ASC, "flashcards"."id" ASC[0m  [["deck_id", 6], ["deck_id", 5], ["deck_id", 4], ["deck_id", 1]]
  ↳ app/views/decks/index.html.erb:12
  Rendered decks/index.html.erb within layouts/application (Duration: 3.0ms | Allocations: 3754)
  Rendered layout layouts/application.html.erb (Duration: 4.4ms | Allocations: 5473)
Completed 200 OK in 5ms (Views: 4.5ms | ActiveRecord: 0.1ms | Allocations: 5776)


Started GET "/decks/1/edit" for 127.0.0.1 at 2026-04-05 21:18:35 -0300
Processing by DecksController#edit as HTML
  Parameters: {"id"=>"1"}
  [1m[36mDeck Exists? (0.1ms)[0m  [1m[34mSELECT 1 AS one FROM "decks" LIMIT ?[0m  [["LIMIT", 1]]
  ↳ app/controllers/decks_controller.rb:22:in `edit'
  [1m[36mDeck Load (0.0ms)[0m  [1m[34mSELECT "decks".* FROM "decks" WHERE "decks"."id" = ? LIMIT ?[0m  [["id", 1], ["LIMIT", 1]]
  ↳ app/controllers/decks_controller.rb:23:in `edit'
  [1m[36mFlashcard Load (0.0ms)[0m  [1m[34mSELECT "flashcards".* FROM "flashcards" WHERE "flashcards"."deck_id" = ? ORDER BY "flashcards"."position" ASC, "flashcards"."id" ASC[0m  [["deck_id", 1]]
  ↳ app/controllers/decks_controller.rb:23:in `edit'
  Rendering layout layouts/application.html.erb
  Rendering decks/new.html.erb within layouts/application
  Rendered shared/_landing_header.html.erb (Duration: 1.4ms | Allocations: 721)
  Rendered decks/_flashcard_item.html.erb (Duration: 0.0ms | Allocations: 35)
  Rendered decks/_flashcard_item.html.erb (Duration: 0.1ms | Allocations: 26)
  Rendered decks/_flashcard_item.html.erb (Duration: 0.0ms | Allocations: 14)
  Rendered decks/new.html.erb within layouts/application (Duration: 2.6ms | Allocations: 1524)
  Rendered layout layouts/application.html.erb (Duration: 4.4ms | Allocations: 3232)
Completed 200 OK in 7ms (Views: 4.6ms | ActiveRecord: 0.1ms | Allocations: 5770)


Started DELETE "/decks/1" for 127.0.0.1 at 2026-04-05 21:18:36 -0300
Processing by DecksController#destroy as TURBO_STREAM
  Parameters: {"authenticity_token"=>"[FILTERED]", "id"=>"1"}
  [1m[36mDeck Load (0.1ms)[0m  [1m[34mSELECT "decks".* FROM "decks" WHERE "decks"."id" = ? LIMIT ?[0m  [["id", 1], ["LIMIT", 1]]
  ↳ app/controllers/decks_controller.rb:73:in `destroy'
  [1m[36mTRANSACTION (0.0ms)[0m  [1m[36mbegin transaction[0m
  ↳ app/controllers/decks_controller.rb:74:in `destroy'
  [1m[36mFlashcard Load (1.0ms)[0m  [1m[34mSELECT "flashcards".* FROM "flashcards" WHERE "flashcards"."deck_id" = ? ORDER BY "flashcards"."position" ASC, "flashcards"."id" ASC[0m  [["deck_id", 1]]
  ↳ app/controllers/decks_controller.rb:74:in `destroy'
  [1m[36mFlashcard Destroy (0.2ms)[0m  [1m[31mDELETE FROM "flashcards" WHERE "flashcards"."id" = ?[0m  [["id", 1]]
  ↳ app/controllers/decks_controller.rb:74:in `destroy'
  [1m[36mFlashcard Destroy (0.0ms)[0m  [1m[31mDELETE FROM "flashcards" WHERE "flashcards"."id" = ?[0m  [["id", 2]]
  ↳ app/controllers/decks_controller.rb:74:in `destroy'
  [1m[36mDeck Destroy (0.0ms)[0m  [1m[31mDELETE FROM "decks" WHERE "decks"."id" = ?[0m  [["id", 1]]
  ↳ app/controllers/decks_controller.rb:74:in `destroy'
  [1m[36mTRANSACTION (0.1ms)[0m  [1m[36mcommit transaction[0m
  ↳ app/controllers/decks_controller.rb:74:in `destroy'
Redirected to http://127.0.0.1:3000/decks
Completed 302 Found in 8ms (ActiveRecord: 1.4ms | Allocations: 5164)


Started GET "/decks" for 127.0.0.1 at 2026-04-05 21:18:36 -0300
Processing by DecksController#index as TURBO_STREAM
  Rendering layout layouts/application.html.erb
  Rendering decks/index.html.erb within layouts/application
  Rendered shared/_landing_header.html.erb (Duration: 1.1ms | Allocations: 721)
  [1m[36mDeck Exists? (0.1ms)[0m  [1m[34mSELECT 1 AS one FROM "decks" LIMIT ?[0m  [["LIMIT", 1]]
  ↳ app/views/decks/index.html.erb:10
  [1m[36mDeck Load (0.0ms)[0m  [1m[34mSELECT "decks".* FROM "decks" ORDER BY "decks"."updated_at" DESC[0m
  ↳ app/views/decks/index.html.erb:12
  [1m[36mFlashcard Load (0.1ms)[0m  [1m[34mSELECT "flashcards".* FROM "flashcards" WHERE "flashcards"."deck_id" IN (?, ?, ?) ORDER BY "flashcards"."position" ASC, "flashcards"."id" ASC[0m  [["deck_id", 6], ["deck_id", 5], ["deck_id", 4]]
  ↳ app/views/decks/index.html.erb:12
  Rendered decks/index.html.erb within layouts/application (Duration: 3.3ms | Allocations: 3607)
  Rendered layout layouts/application.html.erb (Duration: 4.7ms | Allocations: 5319)
Completed 200 OK in 6ms (Views: 4.8ms | ActiveRecord: 0.2ms | Allocations: 5622)


Started DELETE "/decks/5" for 127.0.0.1 at 2026-04-05 21:18:38 -0300
Processing by DecksController#destroy as TURBO_STREAM
  Parameters: {"authenticity_token"=>"[FILTERED]", "id"=>"5"}
  [1m[36mDeck Load (0.1ms)[0m  [1m[34mSELECT "decks".* FROM "decks" WHERE "decks"."id" = ? LIMIT ?[0m  [["id", 5], ["LIMIT", 1]]
  ↳ app/controllers/decks_controller.rb:73:in `destroy'
  [1m[36mTRANSACTION (0.0ms)[0m  [1m[36mbegin transaction[0m
  ↳ app/controllers/decks_controller.rb:74:in `destroy'
  [1m[36mFlashcard Load (1.0ms)[0m  [1m[34mSELECT "flashcards".* FROM "flashcards" WHERE "flashcards"."deck_id" = ? ORDER BY "flashcards"."position" ASC, "flashcards"."id" ASC[0m  [["deck_id", 5]]
  ↳ app/controllers/decks_controller.rb:74:in `destroy'
  [1m[36mFlashcard Destroy (0.1ms)[0m  [1m[31mDELETE FROM "flashcards" WHERE "flashcards"."id" = ?[0m  [["id", 7]]
  ↳ app/controllers/decks_controller.rb:74:in `destroy'
  [1m[36mDeck Destroy (0.1ms)[0m  [1m[31mDELETE FROM "decks" WHERE "decks"."id" = ?[0m  [["id", 5]]
  ↳ app/controllers/decks_controller.rb:74:in `destroy'
  [1m[36mTRANSACTION (0.1ms)[0m  [1m[36mcommit transaction[0m
  ↳ app/controllers/decks_controller.rb:74:in `destroy'
Redirected to http://127.0.0.1:3000/decks
Completed 302 Found in 8ms (ActiveRecord: 1.4ms | Allocations: 4387)


Started GET "/decks" for 127.0.0.1 at 2026-04-05 21:18:38 -0300
Processing by DecksController#index as TURBO_STREAM
  Rendering layout layouts/application.html.erb
  Rendering decks/index.html.erb within layouts/application
  Rendered shared/_landing_header.html.erb (Duration: 1.3ms | Allocations: 722)
  [1m[36mDeck Exists? (0.1ms)[0m  [1m[34mSELECT 1 AS one FROM "decks" LIMIT ?[0m  [["LIMIT", 1]]
  ↳ app/views/decks/index.html.erb:10
  [1m[36mDeck Load (0.1ms)[0m  [1m[34mSELECT "decks".* FROM "decks" ORDER BY "decks"."updated_at" DESC[0m
  ↳ app/views/decks/index.html.erb:12
  [1m[36mFlashcard Load (0.1ms)[0m  [1m[34mSELECT "flashcards".* FROM "flashcards" WHERE "flashcards"."deck_id" IN (?, ?) ORDER BY "flashcards"."position" ASC, "flashcards"."id" ASC[0m  [["deck_id", 6], ["deck_id", 4]]
  ↳ app/views/decks/index.html.erb:12
  Rendered decks/index.html.erb within layouts/application (Duration: 4.1ms | Allocations: 3466)
  Rendered layout layouts/application.html.erb (Duration: 5.8ms | Allocations: 5178)
Completed 200 OK in 7ms (Views: 5.9ms | ActiveRecord: 0.2ms | Allocations: 5481)


Started GET "/decks/4/edit" for 127.0.0.1 at 2026-04-05 21:18:40 -0300
Processing by DecksController#edit as HTML
  Parameters: {"id"=>"4"}
  [1m[36mDeck Exists? (0.2ms)[0m  [1m[34mSELECT 1 AS one FROM "decks" LIMIT ?[0m  [["LIMIT", 1]]
  ↳ app/controllers/decks_controller.rb:22:in `edit'
  [1m[36mDeck Load (0.1ms)[0m  [1m[34mSELECT "decks".* FROM "decks" WHERE "decks"."id" = ? LIMIT ?[0m  [["id", 4], ["LIMIT", 1]]
  ↳ app/controllers/decks_controller.rb:23:in `edit'
  [1m[36mFlashcard Load (0.0ms)[0m  [1m[34mSELECT "flashcards".* FROM "flashcards" WHERE "flashcards"."deck_id" = ? ORDER BY "flashcards"."position" ASC, "flashcards"."id" ASC[0m  [["deck_id", 4]]
  ↳ app/controllers/decks_controller.rb:23:in `edit'
  Rendering layout layouts/application.html.erb
  Rendering decks/new.html.erb within layouts/application
  Rendered shared/_landing_header.html.erb (Duration: 1.3ms | Allocations: 727)
  Rendered decks/_flashcard_item.html.erb (Duration: 0.0ms | Allocations: 35)
  Rendered decks/_flashcard_item.html.erb (Duration: 0.0ms | Allocations: 26)
  Rendered decks/_flashcard_item.html.erb (Duration: 0.0ms | Allocations: 14)
  Rendered decks/new.html.erb within layouts/application (Duration: 2.1ms | Allocations: 1521)
  Rendered layout layouts/application.html.erb (Duration: 3.6ms | Allocations: 3233)
Completed 200 OK in 8ms (Views: 3.8ms | ActiveRecord: 0.2ms | Allocations: 5769)


Started GET "/decks/4/practice" for 127.0.0.1 at 2026-04-05 21:18:41 -0300
Processing by DecksController#practice as HTML
  Parameters: {"id"=>"4"}
  [1m[36mDeck Load (0.2ms)[0m  [1m[34mSELECT "decks".* FROM "decks" WHERE "decks"."id" = ? LIMIT ?[0m  [["id", 4], ["LIMIT", 1]]
  ↳ app/controllers/decks_controller.rb:30:in `practice'
  [1m[36mFlashcard Load (0.1ms)[0m  [1m[34mSELECT "flashcards".* FROM "flashcards" WHERE "flashcards"."deck_id" = ? ORDER BY "flashcards"."position" ASC, "flashcards"."id" ASC[0m  [["deck_id", 4]]
  ↳ app/controllers/decks_controller.rb:30:in `practice'
  Rendering layout layouts/application.html.erb
  Rendering decks/practice.html.erb within layouts/application
  Rendered shared/_landing_header.html.erb (Duration: 1.6ms | Allocations: 721)
  Rendered shared/_flashcard_flip.html.erb (Duration: 0.4ms | Allocations: 416)
  Rendered decks/practice.html.erb within layouts/application (Duration: 3.0ms | Allocations: 1683)
  Rendered layout layouts/application.html.erb (Duration: 4.9ms | Allocations: 3571)
Completed 200 OK in 10ms (Views: 5.2ms | ActiveRecord: 0.2ms | Allocations: 5556)


Started GET "/decks" for 127.0.0.1 at 2026-04-05 21:18:42 -0300
Processing by DecksController#index as HTML
  Rendering layout layouts/application.html.erb
  Rendering decks/index.html.erb within layouts/application
  Rendered shared/_landing_header.html.erb (Duration: 1.1ms | Allocations: 721)
  [1m[36mDeck Exists? (0.1ms)[0m  [1m[34mSELECT 1 AS one FROM "decks" LIMIT ?[0m  [["LIMIT", 1]]
  ↳ app/views/decks/index.html.erb:10
  [1m[36mDeck Load (0.0ms)[0m  [1m[34mSELECT "decks".* FROM "decks" ORDER BY "decks"."updated_at" DESC[0m
  ↳ app/views/decks/index.html.erb:12
  [1m[36mFlashcard Load (0.1ms)[0m  [1m[34mSELECT "flashcards".* FROM "flashcards" WHERE "flashcards"."deck_id" IN (?, ?) ORDER BY "flashcards"."position" ASC, "flashcards"."id" ASC[0m  [["deck_id", 6], ["deck_id", 4]]
  ↳ app/views/decks/index.html.erb:12
  Rendered decks/index.html.erb within layouts/application (Duration: 3.2ms | Allocations: 3465)
  Rendered layout layouts/application.html.erb (Duration: 4.9ms | Allocations: 5178)
Completed 200 OK in 6ms (Views: 4.9ms | ActiveRecord: 0.2ms | Allocations: 5478)


Started GET "/decks/6/practice" for 127.0.0.1 at 2026-04-05 21:18:43 -0300
Processing by DecksController#practice as HTML
  Parameters: {"id"=>"6"}
  [1m[36mDeck Load (0.1ms)[0m  [1m[34mSELECT "decks".* FROM "decks" WHERE "decks"."id" = ? LIMIT ?[0m  [["id", 6], ["LIMIT", 1]]
  ↳ app/controllers/decks_controller.rb:30:in `practice'
  [1m[36mFlashcard Load (0.1ms)[0m  [1m[34mSELECT "flashcards".* FROM "flashcards" WHERE "flashcards"."deck_id" = ? ORDER BY "flashcards"."position" ASC, "flashcards"."id" ASC[0m  [["deck_id", 6]]
  ↳ app/controllers/decks_controller.rb:30:in `practice'
  Rendering layout layouts/application.html.erb
  Rendering decks/practice.html.erb within layouts/application
  Rendered shared/_landing_header.html.erb (Duration: 2.1ms | Allocations: 721)
  Rendered shared/_flashcard_flip.html.erb (Duration: 0.1ms | Allocations: 27)
  Rendered decks/practice.html.erb within layouts/application (Duration: 2.8ms | Allocations: 962)
  Rendered layout layouts/application.html.erb (Duration: 5.6ms | Allocations: 2853)
Completed 200 OK in 11ms (Views: 6.0ms | ActiveRecord: 0.2ms | Allocations: 4760)


Started GET "/decks" for 127.0.0.1 at 2026-04-05 21:18:43 -0300
Processing by DecksController#index as HTML
  Rendering layout layouts/application.html.erb
  Rendering decks/index.html.erb within layouts/application
  Rendered shared/_landing_header.html.erb (Duration: 2.1ms | Allocations: 721)
  [1m[36mDeck Exists? (0.1ms)[0m  [1m[34mSELECT 1 AS one FROM "decks" LIMIT ?[0m  [["LIMIT", 1]]
  ↳ app/views/decks/index.html.erb:10
  [1m[36mDeck Load (0.0ms)[0m  [1m[34mSELECT "decks".* FROM "decks" ORDER BY "decks"."updated_at" DESC[0m
  ↳ app/views/decks/index.html.erb:12
  [1m[36mFlashcard Load (0.2ms)[0m  [1m[34mSELECT "flashcards".* FROM "flashcards" WHERE "flashcards"."deck_id" IN (?, ?) ORDER BY "flashcards"."position" ASC, "flashcards"."id" ASC[0m  [["deck_id", 6], ["deck_id", 4]]
  ↳ app/views/decks/index.html.erb:12
  Rendered decks/index.html.erb within layouts/application (Duration: 4.9ms | Allocations: 3456)
  Rendered layout layouts/application.html.erb (Duration: 6.7ms | Allocations: 5168)
Completed 200 OK in 8ms (Views: 6.8ms | ActiveRecord: 0.3ms | Allocations: 5468)


Started GET "/decks/4/edit" for 127.0.0.1 at 2026-04-05 21:18:44 -0300
Processing by DecksController#edit as HTML
  Parameters: {"id"=>"4"}
  [1m[36mDeck Exists? (0.1ms)[0m  [1m[34mSELECT 1 AS one FROM "decks" LIMIT ?[0m  [["LIMIT", 1]]
  ↳ app/controllers/decks_controller.rb:22:in `edit'
  [1m[36mDeck Load (0.1ms)[0m  [1m[34mSELECT "decks".* FROM "decks" WHERE "decks"."id" = ? LIMIT ?[0m  [["id", 4], ["LIMIT", 1]]
  ↳ app/controllers/decks_controller.rb:23:in `edit'
  [1m[36mFlashcard Load (0.1ms)[0m  [1m[34mSELECT "flashcards".* FROM "flashcards" WHERE "flashcards"."deck_id" = ? ORDER BY "flashcards"."position" ASC, "flashcards"."id" ASC[0m  [["deck_id", 4]]
  ↳ app/controllers/decks_controller.rb:23:in `edit'
  Rendering layout layouts/application.html.erb
  Rendering decks/new.html.erb within layouts/application
  Rendered shared/_landing_header.html.erb (Duration: 2.2ms | Allocations: 721)
  Rendered decks/_flashcard_item.html.erb (Duration: 0.0ms | Allocations: 35)
  Rendered decks/_flashcard_item.html.erb (Duration: 0.0ms | Allocations: 26)
  Rendered decks/_flashcard_item.html.erb (Duration: 0.0ms | Allocations: 14)
  Rendered decks/new.html.erb within layouts/application (Duration: 3.3ms | Allocations: 1512)
  Rendered layout layouts/application.html.erb (Duration: 4.9ms | Allocations: 3220)
Completed 200 OK in 10ms (Views: 5.5ms | ActiveRecord: 0.3ms | Allocations: 5758)


Started DELETE "/decks/6" for 127.0.0.1 at 2026-04-05 21:18:45 -0300
Processing by DecksController#destroy as TURBO_STREAM
  Parameters: {"authenticity_token"=>"[FILTERED]", "id"=>"6"}
  [1m[36mDeck Load (0.1ms)[0m  [1m[34mSELECT "decks".* FROM "decks" WHERE "decks"."id" = ? LIMIT ?[0m  [["id", 6], ["LIMIT", 1]]
  ↳ app/controllers/decks_controller.rb:73:in `destroy'
  [1m[36mTRANSACTION (0.0ms)[0m  [1m[36mbegin transaction[0m
  ↳ app/controllers/decks_controller.rb:74:in `destroy'
  [1m[36mFlashcard Load (1.0ms)[0m  [1m[34mSELECT "flashcards".* FROM "flashcards" WHERE "flashcards"."deck_id" = ? ORDER BY "flashcards"."position" ASC, "flashcards"."id" ASC[0m  [["deck_id", 6]]
  ↳ app/controllers/decks_controller.rb:74:in `destroy'
  [1m[36mFlashcard Destroy (0.1ms)[0m  [1m[31mDELETE FROM "flashcards" WHERE "flashcards"."id" = ?[0m  [["id", 8]]
  ↳ app/controllers/decks_controller.rb:74:in `destroy'
  [1m[36mDeck Destroy (0.0ms)[0m  [1m[31mDELETE FROM "decks" WHERE "decks"."id" = ?[0m  [["id", 6]]
  ↳ app/controllers/decks_controller.rb:74:in `destroy'
  [1m[36mTRANSACTION (0.1ms)[0m  [1m[36mcommit transaction[0m
  ↳ app/controllers/decks_controller.rb:74:in `destroy'
Redirected to http://127.0.0.1:3000/decks
Completed 302 Found in 7ms (ActiveRecord: 1.3ms | Allocations: 4378)


Started GET "/decks" for 127.0.0.1 at 2026-04-05 21:18:45 -0300
Processing by DecksController#index as TURBO_STREAM
  Rendering layout layouts/application.html.erb
  Rendering decks/index.html.erb within layouts/application
  Rendered shared/_landing_header.html.erb (Duration: 1.2ms | Allocations: 722)
  [1m[36mDeck Exists? (0.1ms)[0m  [1m[34mSELECT 1 AS one FROM "decks" LIMIT ?[0m  [["LIMIT", 1]]
  ↳ app/views/decks/index.html.erb:10
  [1m[36mDeck Load (0.0ms)[0m  [1m[34mSELECT "decks".* FROM "decks" ORDER BY "decks"."updated_at" DESC[0m
  ↳ app/views/decks/index.html.erb:12
  [1m[36mFlashcard Load (0.0ms)[0m  [1m[34mSELECT "flashcards".* FROM "flashcards" WHERE "flashcards"."deck_id" = ? ORDER BY "flashcards"."position" ASC, "flashcards"."id" ASC[0m  [["deck_id", 4]]
  ↳ app/views/decks/index.html.erb:12
  Rendered decks/index.html.erb within layouts/application (Duration: 3.2ms | Allocations: 3315)
  Rendered layout layouts/application.html.erb (Duration: 4.8ms | Allocations: 5027)
Completed 200 OK in 6ms (Views: 4.9ms | ActiveRecord: 0.1ms | Allocations: 5330)


Started DELETE "/decks/4" for 127.0.0.1 at 2026-04-05 21:18:47 -0300
Processing by DecksController#destroy as TURBO_STREAM
  Parameters: {"authenticity_token"=>"[FILTERED]", "id"=>"4"}
  [1m[36mDeck Load (0.1ms)[0m  [1m[34mSELECT "decks".* FROM "decks" WHERE "decks"."id" = ? LIMIT ?[0m  [["id", 4], ["LIMIT", 1]]
  ↳ app/controllers/decks_controller.rb:73:in `destroy'
  [1m[36mTRANSACTION (0.0ms)[0m  [1m[36mbegin transaction[0m
  ↳ app/controllers/decks_controller.rb:74:in `destroy'
  [1m[36mFlashcard Load (0.3ms)[0m  [1m[34mSELECT "flashcards".* FROM "flashcards" WHERE "flashcards"."deck_id" = ? ORDER BY "flashcards"."position" ASC, "flashcards"."id" ASC[0m  [["deck_id", 4]]
  ↳ app/controllers/decks_controller.rb:74:in `destroy'
  [1m[36mFlashcard Destroy (0.0ms)[0m  [1m[31mDELETE FROM "flashcards" WHERE "flashcards"."id" = ?[0m  [["id", 4]]
  ↳ app/controllers/decks_controller.rb:74:in `destroy'
  [1m[36mFlashcard Destroy (0.0ms)[0m  [1m[31mDELETE FROM "flashcards" WHERE "flashcards"."id" = ?[0m  [["id", 6]]
  ↳ app/controllers/decks_controller.rb:74:in `destroy'
  [1m[36mDeck Destroy (0.0ms)[0m  [1m[31mDELETE FROM "decks" WHERE "decks"."id" = ?[0m  [["id", 4]]
  ↳ app/controllers/decks_controller.rb:74:in `destroy'
  [1m[36mTRANSACTION (0.0ms)[0m  [1m[36mcommit transaction[0m
  ↳ app/controllers/decks_controller.rb:74:in `destroy'
Redirected to http://127.0.0.1:3000/decks
Completed 302 Found in 4ms (ActiveRecord: 0.5ms | Allocations: 5166)


Started GET "/decks" for 127.0.0.1 at 2026-04-05 21:18:47 -0300
Processing by DecksController#index as TURBO_STREAM
  Rendering layout layouts/application.html.erb
  Rendering decks/index.html.erb within layouts/application
  Rendered shared/_landing_header.html.erb (Duration: 1.3ms | Allocations: 721)
  [1m[36mDeck Exists? (0.1ms)[0m  [1m[34mSELECT 1 AS one FROM "decks" LIMIT ?[0m  [["LIMIT", 1]]
  ↳ app/views/decks/index.html.erb:10
  Rendered decks/index.html.erb within layouts/application (Duration: 2.0ms | Allocations: 1587)
  Rendered layout layouts/application.html.erb (Duration: 3.3ms | Allocations: 3303)
Completed 200 OK in 4ms (Views: 3.4ms | ActiveRecord: 0.1ms | Allocations: 3606)


Started GET "/decks/new" for 127.0.0.1 at 2026-04-05 21:18:49 -0300
Processing by DecksController#new as HTML
  [1m[36mDeck Exists? (0.1ms)[0m  [1m[34mSELECT 1 AS one FROM "decks" LIMIT ?[0m  [["LIMIT", 1]]
  ↳ app/controllers/decks_controller.rb:13:in `new'
  Rendering layout layouts/application.html.erb
  Rendering decks/new.html.erb within layouts/application
  Rendered shared/_landing_header.html.erb (Duration: 1.2ms | Allocations: 721)
  Rendered decks/_flashcard_item.html.erb (Duration: 0.0ms | Allocations: 26)
  Rendered decks/_flashcard_item.html.erb (Duration: 0.0ms | Allocations: 14)
  Rendered decks/new.html.erb within layouts/application (Duration: 1.8ms | Allocations: 1350)
  Rendered layout layouts/application.html.erb (Duration: 3.2ms | Allocations: 3062)
Completed 200 OK in 6ms (Views: 3.4ms | ActiveRecord: 0.1ms | Allocations: 4254)


Started GET "/" for 127.0.0.1 at 2026-04-05 21:18:49 -0300
Processing by HomeController#index as HTML
  [1m[36mDeck Exists? (0.1ms)[0m  [1m[34mSELECT 1 AS one FROM "decks" LIMIT ?[0m  [["LIMIT", 1]]
  ↳ app/controllers/home_controller.rb:3:in `index'
  Rendering layout layouts/application.html.erb
  Rendering home/index.html.erb within layouts/application
  Rendered shared/_landing_header.html.erb (Duration: 3.0ms | Allocations: 853)
  Rendered shared/_flashcard_flip.html.erb (Duration: 0.0ms | Allocations: 46)
  Rendered home/index.html.erb within layouts/application (Duration: 3.7ms | Allocations: 1374)
  Rendered layout layouts/application.html.erb (Duration: 5.3ms | Allocations: 3375)
Completed 200 OK in 8ms (Views: 6.1ms | ActiveRecord: 0.1ms | Allocations: 4565)


Started GET "/decks/start" for 127.0.0.1 at 2026-04-05 21:18:50 -0300
Processing by DecksController#start as HTML
  [1m[36mDeck Exists? (0.1ms)[0m  [1m[34mSELECT 1 AS one FROM "decks" LIMIT ?[0m  [["LIMIT", 1]]
  ↳ app/controllers/decks_controller.rb:3:in `start'
Redirected to http://127.0.0.1:3000/decks/new
Completed 302 Found in 3ms (ActiveRecord: 0.1ms | Allocations: 714)


Started GET "/decks/new" for 127.0.0.1 at 2026-04-05 21:18:50 -0300
Processing by DecksController#new as HTML
  [1m[36mDeck Exists? (0.1ms)[0m  [1m[34mSELECT 1 AS one FROM "decks" LIMIT ?[0m  [["LIMIT", 1]]
  ↳ app/controllers/decks_controller.rb:13:in `new'
  Rendering layout layouts/application.html.erb
  Rendering decks/new.html.erb within layouts/application
  Rendered shared/_landing_header.html.erb (Duration: 1.5ms | Allocations: 721)
  Rendered decks/_flashcard_item.html.erb (Duration: 0.0ms | Allocations: 27)
  Rendered decks/_flashcard_item.html.erb (Duration: 0.0ms | Allocations: 14)
  Rendered decks/new.html.erb within layouts/application (Duration: 2.4ms | Allocations: 1372)
  Rendered layout layouts/application.html.erb (Duration: 4.2ms | Allocations: 3084)
Completed 200 OK in 6ms (Views: 4.4ms | ActiveRecord: 0.1ms | Allocations: 4309)


Started GET "/" for 127.0.0.1 at 2026-04-05 21:19:00 -0300
Processing by HomeController#index as HTML
  [1m[36mDeck Exists? (0.1ms)[0m  [1m[34mSELECT 1 AS one FROM "decks" LIMIT ?[0m  [["LIMIT", 1]]
  ↳ app/controllers/home_controller.rb:3:in `index'
  Rendering layout layouts/application.html.erb
  Rendering home/index.html.erb within layouts/application
  Rendered shared/_landing_header.html.erb (Duration: 2.4ms | Allocations: 721)
  Rendered shared/_flashcard_flip.html.erb (Duration: 0.1ms | Allocations: 32)
  Rendered home/index.html.erb within layouts/application (Duration: 3.0ms | Allocations: 922)
  Rendered layout layouts/application.html.erb (Duration: 5.4ms | Allocations: 2838)
Completed 200 OK in 8ms (Views: 5.8ms | ActiveRecord: 0.1ms | Allocations: 3636)


Started GET "/decks/new?q=dddd" for 127.0.0.1 at 2026-04-05 21:19:12 -0300
Processing by DecksController#new as HTML
  Parameters: {"q"=>"dddd"}
  [1m[36mDeck Exists? (0.1ms)[0m  [1m[34mSELECT 1 AS one FROM "decks" LIMIT ?[0m  [["LIMIT", 1]]
  ↳ app/controllers/decks_controller.rb:13:in `new'
  Rendering layout layouts/application.html.erb
  Rendering decks/new.html.erb within layouts/application
  Rendered shared/_landing_header.html.erb (Duration: 1.7ms | Allocations: 724)
  Rendered decks/_flashcard_item.html.erb (Duration: 0.0ms | Allocations: 26)
  Rendered decks/_flashcard_item.html.erb (Duration: 0.0ms | Allocations: 14)
  Rendered decks/new.html.erb within layouts/application (Duration: 2.4ms | Allocations: 1358)
  Rendered layout layouts/application.html.erb (Duration: 6.2ms | Allocations: 3078)
Completed 200 OK in 10ms (Views: 6.6ms | ActiveRecord: 0.1ms | Allocations: 4207)


Started GET "/" for 127.0.0.1 at 2026-04-05 21:19:23 -0300
Processing by HomeController#index as HTML
  [1m[36mDeck Exists? (0.1ms)[0m  [1m[34mSELECT 1 AS one FROM "decks" LIMIT ?[0m  [["LIMIT", 1]]
  ↳ app/controllers/home_controller.rb:3:in `index'
  Rendering layout layouts/application.html.erb
  Rendering home/index.html.erb within layouts/application
  Rendered shared/_landing_header.html.erb (Duration: 1.4ms | Allocations: 724)
  Rendered shared/_flashcard_flip.html.erb (Duration: 0.0ms | Allocations: 32)
  Rendered home/index.html.erb within layouts/application (Duration: 1.5ms | Allocations: 925)
  Rendered layout layouts/application.html.erb (Duration: 3.1ms | Allocations: 2805)
Completed 200 OK in 5ms (Views: 3.4ms | ActiveRecord: 0.1ms | Allocations: 3604)


Started GET "/" for 127.0.0.1 at 2026-04-05 21:19:27 -0300
Processing by HomeController#index as HTML
  [1m[36mDeck Exists? (0.1ms)[0m  [1m[34mSELECT 1 AS one FROM "decks" LIMIT ?[0m  [["LIMIT", 1]]
  ↳ app/controllers/home_controller.rb:3:in `index'
  Rendering layout layouts/application.html.erb
  Rendering home/index.html.erb within layouts/application
  Rendered shared/_landing_header.html.erb (Duration: 1.7ms | Allocations: 726)
  Rendered shared/_flashcard_flip.html.erb (Duration: 0.0ms | Allocations: 32)
  Rendered home/index.html.erb within layouts/application (Duration: 2.0ms | Allocations: 927)
  Rendered layout layouts/application.html.erb (Duration: 3.8ms | Allocations: 2830)
Completed 200 OK in 7ms (Views: 4.2ms | ActiveRecord: 0.1ms | Allocations: 3628)


Started GET "/decks/start" for 127.0.0.1 at 2026-04-05 21:19:28 -0300
Processing by DecksController#start as HTML
  [1m[36mDeck Exists? (0.1ms)[0m  [1m[34mSELECT 1 AS one FROM "decks" LIMIT ?[0m  [["LIMIT", 1]]
  ↳ app/controllers/decks_controller.rb:3:in `start'
Redirected to http://127.0.0.1:3000/decks/new
Completed 302 Found in 3ms (ActiveRecord: 0.1ms | Allocations: 696)


Started GET "/decks/new" for 127.0.0.1 at 2026-04-05 21:19:28 -0300
Processing by DecksController#new as HTML
  [1m[36mDeck Exists? (0.1ms)[0m  [1m[34mSELECT 1 AS one FROM "decks" LIMIT ?[0m  [["LIMIT", 1]]
  ↳ app/controllers/decks_controller.rb:13:in `new'
  Rendering layout layouts/application.html.erb
  Rendering decks/new.html.erb within layouts/application
  Rendered shared/_landing_header.html.erb (Duration: 1.3ms | Allocations: 721)
  Rendered decks/_flashcard_item.html.erb (Duration: 0.0ms | Allocations: 26)
  Rendered decks/_flashcard_item.html.erb (Duration: 0.0ms | Allocations: 14)
  Rendered decks/new.html.erb within layouts/application (Duration: 2.5ms | Allocations: 1358)
  Rendered layout layouts/application.html.erb (Duration: 4.5ms | Allocations: 3070)
Completed 200 OK in 6ms (Views: 4.7ms | ActiveRecord: 0.1ms | Allocations: 4203)


Started POST "/decks" for 127.0.0.1 at 2026-04-05 21:19:36 -0300
Processing by DecksController#create as TURBO_STREAM
  Parameters: {"authenticity_token"=>"[FILTERED]", "deck"=>{"title"=>"test", "description"=>"", "flashcards_attributes"=>{"0"=>{"position"=>"0", "term"=>"ssss", "definition"=>"dddd"}, "1"=>{"position"=>"1", "term"=>"", "definition"=>""}}}, "commit_action"=>"create"}
  [1m[36mTRANSACTION (0.1ms)[0m  [1m[36mbegin transaction[0m
  ↳ app/controllers/decks_controller.rb:37:in `create'
  [1m[36mDeck Create (0.9ms)[0m  [1m[32mINSERT INTO "decks" ("title", "description", "created_at", "updated_at") VALUES (?, ?, ?, ?) RETURNING "id"[0m  [["title", "test"], ["description", ""], ["created_at", "2026-04-06 00:19:36.712917"], ["updated_at", "2026-04-06 00:19:36.712917"]]
  ↳ app/controllers/decks_controller.rb:37:in `create'
  [1m[36mFlashcard Create (0.1ms)[0m  [1m[32mINSERT INTO "flashcards" ("deck_id", "term", "definition", "position", "created_at", "updated_at") VALUES (?, ?, ?, ?, ?, ?) RETURNING "id"[0m  [["deck_id", 7], ["term", "ssss"], ["definition", "dddd"], ["position", 0], ["created_at", "2026-04-06 00:19:36.715264"], ["updated_at", "2026-04-06 00:19:36.715264"]]
  ↳ app/controllers/decks_controller.rb:37:in `create'
  [1m[36mTRANSACTION (0.3ms)[0m  [1m[36mcommit transaction[0m
  ↳ app/controllers/decks_controller.rb:37:in `create'
Redirected to http://127.0.0.1:3000/decks/new
Completed 302 Found in 8ms (ActiveRecord: 1.3ms | Allocations: 4417)


Started GET "/decks/new" for 127.0.0.1 at 2026-04-05 21:19:36 -0300
Processing by DecksController#new as TURBO_STREAM
  [1m[36mDeck Exists? (0.1ms)[0m  [1m[34mSELECT 1 AS one FROM "decks" LIMIT ?[0m  [["LIMIT", 1]]
  ↳ app/controllers/decks_controller.rb:13:in `new'
  [1m[36mDeck Maximum (0.0ms)[0m  [1m[34mSELECT MAX("decks"."created_at") FROM "decks"[0m
  ↳ app/controllers/decks_controller.rb:16:in `new'
  Rendering layout layouts/application.html.erb
  Rendering decks/new.html.erb within layouts/application
  Rendered shared/_landing_header.html.erb (Duration: 1.0ms | Allocations: 721)
  Rendered decks/_flashcard_item.html.erb (Duration: 0.0ms | Allocations: 26)
  Rendered decks/_flashcard_item.html.erb (Duration: 0.0ms | Allocations: 14)
  Rendered decks/new.html.erb within layouts/application (Duration: 1.7ms | Allocations: 1410)
  Rendered layout layouts/application.html.erb (Duration: 3.1ms | Allocations: 3122)
Completed 200 OK in 5ms (Views: 3.3ms | ActiveRecord: 0.1ms | Allocations: 4847)


Started GET "/decks" for 127.0.0.1 at 2026-04-05 21:19:37 -0300
Processing by DecksController#index as HTML
  Rendering layout layouts/application.html.erb
  Rendering decks/index.html.erb within layouts/application
  Rendered shared/_landing_header.html.erb (Duration: 2.8ms | Allocations: 721)
  [1m[36mDeck Exists? (0.2ms)[0m  [1m[34mSELECT 1 AS one FROM "decks" LIMIT ?[0m  [["LIMIT", 1]]
  ↳ app/views/decks/index.html.erb:10
  [1m[36mDeck Load (0.1ms)[0m  [1m[34mSELECT "decks".* FROM "decks" ORDER BY "decks"."updated_at" DESC[0m
  ↳ app/views/decks/index.html.erb:12
  [1m[36mFlashcard Load (0.1ms)[0m  [1m[34mSELECT "flashcards".* FROM "flashcards" WHERE "flashcards"."deck_id" = ? ORDER BY "flashcards"."position" ASC, "flashcards"."id" ASC[0m  [["deck_id", 7]]
  ↳ app/views/decks/index.html.erb:12
  Rendered decks/index.html.erb within layouts/application (Duration: 7.4ms | Allocations: 3325)
  Rendered layout layouts/application.html.erb (Duration: 9.1ms | Allocations: 5037)
Completed 200 OK in 11ms (Views: 9.4ms | ActiveRecord: 0.3ms | Allocations: 5346)


Started GET "/decks/7/edit" for 127.0.0.1 at 2026-04-05 21:19:41 -0300
Processing by DecksController#edit as HTML
  Parameters: {"id"=>"7"}
  [1m[36mDeck Exists? (0.2ms)[0m  [1m[34mSELECT 1 AS one FROM "decks" LIMIT ?[0m  [["LIMIT", 1]]
  ↳ app/controllers/decks_controller.rb:22:in `edit'
  [1m[36mDeck Load (0.1ms)[0m  [1m[34mSELECT "decks".* FROM "decks" WHERE "decks"."id" = ? LIMIT ?[0m  [["id", 7], ["LIMIT", 1]]
  ↳ app/controllers/decks_controller.rb:23:in `edit'
  [1m[36mFlashcard Load (0.1ms)[0m  [1m[34mSELECT "flashcards".* FROM "flashcards" WHERE "flashcards"."deck_id" = ? ORDER BY "flashcards"."position" ASC, "flashcards"."id" ASC[0m  [["deck_id", 7]]
  ↳ app/controllers/decks_controller.rb:23:in `edit'
  Rendering layout layouts/application.html.erb
  Rendering decks/new.html.erb within layouts/application
  Rendered shared/_landing_header.html.erb (Duration: 1.8ms | Allocations: 722)
  Rendered decks/_flashcard_item.html.erb (Duration: 0.0ms | Allocations: 35)
  Rendered decks/_flashcard_item.html.erb (Duration: 0.0ms | Allocations: 14)
  Rendered decks/new.html.erb within layouts/application (Duration: 2.6ms | Allocations: 1447)
  Rendered layout layouts/application.html.erb (Duration: 4.9ms | Allocations: 3155)
Completed 200 OK in 11ms (Views: 5.4ms | ActiveRecord: 0.3ms | Allocations: 5677)


Started GET "/decks/new" for 127.0.0.1 at 2026-04-05 21:19:42 -0300
Processing by DecksController#new as HTML
  [1m[36mDeck Exists? (0.1ms)[0m  [1m[34mSELECT 1 AS one FROM "decks" LIMIT ?[0m  [["LIMIT", 1]]
  ↳ app/controllers/decks_controller.rb:13:in `new'
  [1m[36mDeck Maximum (0.0ms)[0m  [1m[34mSELECT MAX("decks"."created_at") FROM "decks"[0m
  ↳ app/controllers/decks_controller.rb:16:in `new'
  Rendering layout layouts/application.html.erb
  Rendering decks/new.html.erb within layouts/application
  Rendered shared/_landing_header.html.erb (Duration: 2.1ms | Allocations: 726)
  Rendered decks/_flashcard_item.html.erb (Duration: 0.0ms | Allocations: 26)
  Rendered decks/_flashcard_item.html.erb (Duration: 0.0ms | Allocations: 14)
  Rendered decks/new.html.erb within layouts/application (Duration: 2.9ms | Allocations: 1415)
  Rendered layout layouts/application.html.erb (Duration: 5.0ms | Allocations: 3131)
Completed 200 OK in 9ms (Views: 5.4ms | ActiveRecord: 0.2ms | Allocations: 4821)


Started GET "/decks/new" for 127.0.0.1 at 2026-04-05 21:19:45 -0300
Processing by DecksController#new as HTML
  [1m[36mDeck Exists? (0.1ms)[0m  [1m[34mSELECT 1 AS one FROM "decks" LIMIT ?[0m  [["LIMIT", 1]]
  ↳ app/controllers/decks_controller.rb:13:in `new'
  [1m[36mDeck Maximum (0.1ms)[0m  [1m[34mSELECT MAX("decks"."created_at") FROM "decks"[0m
  ↳ app/controllers/decks_controller.rb:16:in `new'
  Rendering layout layouts/application.html.erb
  Rendering decks/new.html.erb within layouts/application
  Rendered shared/_landing_header.html.erb (Duration: 2.8ms | Allocations: 721)
  Rendered decks/_flashcard_item.html.erb (Duration: 0.1ms | Allocations: 26)
  Rendered decks/_flashcard_item.html.erb (Duration: 0.0ms | Allocations: 14)
  Rendered decks/new.html.erb within layouts/application (Duration: 4.7ms | Allocations: 1413)
  Rendered layout layouts/application.html.erb (Duration: 8.6ms | Allocations: 3125)
Completed 200 OK in 14ms (Views: 9.2ms | ActiveRecord: 0.2ms | Allocations: 4814)


Started GET "/decks" for 127.0.0.1 at 2026-04-05 21:19:54 -0300
Processing by DecksController#index as HTML
  Rendering layout layouts/application.html.erb
  Rendering decks/index.html.erb within layouts/application
  Rendered shared/_landing_header.html.erb (Duration: 2.1ms | Allocations: 721)
  [1m[36mDeck Exists? (0.1ms)[0m  [1m[34mSELECT 1 AS one FROM "decks" LIMIT ?[0m  [["LIMIT", 1]]
  ↳ app/views/decks/index.html.erb:10
  [1m[36mDeck Load (0.1ms)[0m  [1m[34mSELECT "decks".* FROM "decks" ORDER BY "decks"."updated_at" DESC[0m
  ↳ app/views/decks/index.html.erb:12
  [1m[36mFlashcard Load (0.1ms)[0m  [1m[34mSELECT "flashcards".* FROM "flashcards" WHERE "flashcards"."deck_id" = ? ORDER BY "flashcards"."position" ASC, "flashcards"."id" ASC[0m  [["deck_id", 7]]
  ↳ app/views/decks/index.html.erb:12
  Rendered decks/index.html.erb within layouts/application (Duration: 6.8ms | Allocations: 3300)
  Rendered layout layouts/application.html.erb (Duration: 9.9ms | Allocations: 5012)
Completed 200 OK in 12ms (Views: 10.2ms | ActiveRecord: 0.3ms | Allocations: 5312)


Started POST "/decks" for 127.0.0.1 at 2026-04-05 21:19:55 -0300
Processing by DecksController#create as TURBO_STREAM
  Parameters: {"authenticity_token"=>"[FILTERED]", "deck"=>{"title"=>"exemplo", "description"=>"", "flashcards_attributes"=>{"0"=>{"position"=>"0", "term"=>"termo", "definition"=>"termo"}}}, "commit_action"=>"create"}
  [1m[36mTRANSACTION (0.1ms)[0m  [1m[36mbegin transaction[0m
  ↳ app/controllers/decks_controller.rb:37:in `create'
  [1m[36mDeck Create (1.0ms)[0m  [1m[32mINSERT INTO "decks" ("title", "description", "created_at", "updated_at") VALUES (?, ?, ?, ?) RETURNING "id"[0m  [["title", "exemplo"], ["description", ""], ["created_at", "2026-04-06 00:19:55.203793"], ["updated_at", "2026-04-06 00:19:55.203793"]]
  ↳ app/controllers/decks_controller.rb:37:in `create'
  [1m[36mFlashcard Create (0.1ms)[0m  [1m[32mINSERT INTO "flashcards" ("deck_id", "term", "definition", "position", "created_at", "updated_at") VALUES (?, ?, ?, ?, ?, ?) RETURNING "id"[0m  [["deck_id", 8], ["term", "termo"], ["definition", "termo"], ["position", 0], ["created_at", "2026-04-06 00:19:55.206262"], ["updated_at", "2026-04-06 00:19:55.206262"]]
  ↳ app/controllers/decks_controller.rb:37:in `create'
  [1m[36mTRANSACTION (0.3ms)[0m  [1m[36mcommit transaction[0m
  ↳ app/controllers/decks_controller.rb:37:in `create'
Redirected to http://127.0.0.1:3000/decks/new
Completed 302 Found in 9ms (ActiveRecord: 1.5ms | Allocations: 3838)


Started GET "/decks/new" for 127.0.0.1 at 2026-04-05 21:19:55 -0300
Processing by DecksController#new as TURBO_STREAM
  [1m[36mDeck Exists? (0.1ms)[0m  [1m[34mSELECT 1 AS one FROM "decks" LIMIT ?[0m  [["LIMIT", 1]]
  ↳ app/controllers/decks_controller.rb:13:in `new'
  [1m[36mDeck Maximum (0.0ms)[0m  [1m[34mSELECT MAX("decks"."created_at") FROM "decks"[0m
  ↳ app/controllers/decks_controller.rb:16:in `new'
  Rendering layout layouts/application.html.erb
  Rendering decks/new.html.erb within layouts/application
  Rendered shared/_landing_header.html.erb (Duration: 1.5ms | Allocations: 722)
  Rendered decks/_flashcard_item.html.erb (Duration: 0.0ms | Allocations: 26)
  Rendered decks/_flashcard_item.html.erb (Duration: 0.0ms | Allocations: 14)
  Rendered decks/new.html.erb within layouts/application (Duration: 2.1ms | Allocations: 1423)
  Rendered layout layouts/application.html.erb (Duration: 3.4ms | Allocations: 3135)
Completed 200 OK in 5ms (Views: 3.6ms | ActiveRecord: 0.1ms | Allocations: 4827)


Started GET "/decks" for 127.0.0.1 at 2026-04-05 21:19:55 -0300
Processing by DecksController#index as HTML
  Rendering layout layouts/application.html.erb
  Rendering decks/index.html.erb within layouts/application
  Rendered shared/_landing_header.html.erb (Duration: 2.2ms | Allocations: 721)
  [1m[36mDeck Exists? (0.1ms)[0m  [1m[34mSELECT 1 AS one FROM "decks" LIMIT ?[0m  [["LIMIT", 1]]
  ↳ app/views/decks/index.html.erb:10
  [1m[36mDeck Load (0.0ms)[0m  [1m[34mSELECT "decks".* FROM "decks" ORDER BY "decks"."updated_at" DESC[0m
  ↳ app/views/decks/index.html.erb:12
  [1m[36mFlashcard Load (0.2ms)[0m  [1m[34mSELECT "flashcards".* FROM "flashcards" WHERE "flashcards"."deck_id" IN (?, ?) ORDER BY "flashcards"."position" ASC, "flashcards"."id" ASC[0m  [["deck_id", 8], ["deck_id", 7]]
  ↳ app/views/decks/index.html.erb:12
  Rendered decks/index.html.erb within layouts/application (Duration: 7.1ms | Allocations: 3455)
  Rendered layout layouts/application.html.erb (Duration: 11.3ms | Allocations: 5167)
Completed 200 OK in 13ms (Views: 11.6ms | ActiveRecord: 0.4ms | Allocations: 5467)


Started GET "/decks/8/practice" for 127.0.0.1 at 2026-04-05 21:20:44 -0300
Processing by DecksController#practice as HTML
  Parameters: {"id"=>"8"}
  [1m[36mDeck Load (0.0ms)[0m  [1m[34mSELECT "decks".* FROM "decks" WHERE "decks"."id" = ? LIMIT ?[0m  [["id", 8], ["LIMIT", 1]]
  ↳ app/controllers/decks_controller.rb:30:in `practice'
  [1m[36mFlashcard Load (0.0ms)[0m  [1m[34mSELECT "flashcards".* FROM "flashcards" WHERE "flashcards"."deck_id" = ? ORDER BY "flashcards"."position" ASC, "flashcards"."id" ASC[0m  [["deck_id", 8]]
  ↳ app/controllers/decks_controller.rb:30:in `practice'
  Rendering layout layouts/application.html.erb
  Rendering decks/practice.html.erb within layouts/application
  Rendered shared/_landing_header.html.erb (Duration: 1.7ms | Allocations: 1217)
  Rendered shared/_flashcard_flip.html.erb (Duration: 0.5ms | Allocations: 424)
  Rendered decks/practice.html.erb within layouts/application (Duration: 3.9ms | Allocations: 2332)
  Rendered layout layouts/application.html.erb (Duration: 24.6ms | Allocations: 44974)
Completed 200 OK in 37ms (Views: 26.6ms | ActiveRecord: 1.7ms | Allocations: 57824)


Started GET "/decks" for 127.0.0.1 at 2026-04-05 21:20:48 -0300
Processing by DecksController#index as HTML
  Rendering layout layouts/application.html.erb
  Rendering decks/index.html.erb within layouts/application
  Rendered shared/_landing_header.html.erb (Duration: 2.0ms | Allocations: 734)
  [1m[36mDeck Exists? (0.1ms)[0m  [1m[34mSELECT 1 AS one FROM "decks" LIMIT ?[0m  [["LIMIT", 1]]
  ↳ app/views/decks/index.html.erb:10
  [1m[36mDeck Load (0.0ms)[0m  [1m[34mSELECT "decks".* FROM "decks" ORDER BY "decks"."updated_at" DESC[0m
  ↳ app/views/decks/index.html.erb:12
  [1m[36mFlashcard Load (0.1ms)[0m  [1m[34mSELECT "flashcards".* FROM "flashcards" WHERE "flashcards"."deck_id" IN (?, ?) ORDER BY "flashcards"."position" ASC, "flashcards"."id" ASC[0m  [["deck_id", 8], ["deck_id", 7]]
  ↳ app/views/decks/index.html.erb:12
  Rendered decks/index.html.erb within layouts/application (Duration: 5.6ms | Allocations: 4143)
  Rendered layout layouts/application.html.erb (Duration: 7.5ms | Allocations: 5865)
Completed 200 OK in 10ms (Views: 7.7ms | ActiveRecord: 0.2ms | Allocations: 6271)


Started GET "/decks/7/practice" for 127.0.0.1 at 2026-04-05 21:20:49 -0300
Processing by DecksController#practice as HTML
  Parameters: {"id"=>"7"}
  [1m[36mDeck Load (0.0ms)[0m  [1m[34mSELECT "decks".* FROM "decks" WHERE "decks"."id" = ? LIMIT ?[0m  [["id", 7], ["LIMIT", 1]]
  ↳ app/controllers/decks_controller.rb:46:in `practice'
  [1m[36mFlashcard Load (0.1ms)[0m  [1m[34mSELECT "flashcards".* FROM "flashcards" WHERE "flashcards"."deck_id" = ? ORDER BY "flashcards"."position" ASC, "flashcards"."id" ASC[0m  [["deck_id", 7]]
  ↳ app/controllers/decks_controller.rb:46:in `practice'
  Rendering layout layouts/application.html.erb
  Rendering decks/practice.html.erb within layouts/application
  Rendered shared/_landing_header.html.erb (Duration: 1.6ms | Allocations: 1220)
  Rendered shared/_flashcard_flip.html.erb (Duration: 0.4ms | Allocations: 424)
  Rendered decks/practice.html.erb within layouts/application (Duration: 3.4ms | Allocations: 2331)
  Rendered layout layouts/application.html.erb (Duration: 25.2ms | Allocations: 44973)
Completed 200 OK in 37ms (Views: 26.8ms | ActiveRecord: 1.8ms | Allocations: 57785)


Started GET "/decks" for 127.0.0.1 at 2026-04-05 21:20:50 -0300
Processing by DecksController#index as HTML
  Rendering layout layouts/application.html.erb
  Rendering decks/index.html.erb within layouts/application
  Rendered shared/_landing_header.html.erb (Duration: 1.8ms | Allocations: 737)
  [1m[36mDeck Exists? (0.1ms)[0m  [1m[34mSELECT 1 AS one FROM "decks" LIMIT ?[0m  [["LIMIT", 1]]
  ↳ app/views/decks/index.html.erb:10
  [1m[36mDeck Load (0.1ms)[0m  [1m[34mSELECT "decks".* FROM "decks" ORDER BY "decks"."updated_at" DESC[0m
  ↳ app/views/decks/index.html.erb:12
  [1m[36mFlashcard Load (0.1ms)[0m  [1m[34mSELECT "flashcards".* FROM "flashcards" WHERE "flashcards"."deck_id" IN (?, ?) ORDER BY "flashcards"."position" ASC, "flashcards"."id" ASC[0m  [["deck_id", 8], ["deck_id", 7]]
  ↳ app/views/decks/index.html.erb:12
  Rendered decks/index.html.erb within layouts/application (Duration: 5.4ms | Allocations: 4125)
  Rendered layout layouts/application.html.erb (Duration: 7.2ms | Allocations: 5838)
Completed 200 OK in 10ms (Views: 7.5ms | ActiveRecord: 0.2ms | Allocations: 6253)


Started GET "/decks" for 127.0.0.1 at 2026-04-05 21:20:50 -0300
Processing by DecksController#index as HTML
  Rendering layout layouts/application.html.erb
  Rendering decks/index.html.erb within layouts/application
  Rendered shared/_landing_header.html.erb (Duration: 2.1ms | Allocations: 731)
  [1m[36mDeck Exists? (0.1ms)[0m  [1m[34mSELECT 1 AS one FROM "decks" LIMIT ?[0m  [["LIMIT", 1]]
  ↳ app/views/decks/index.html.erb:10
  [1m[36mDeck Load (0.1ms)[0m  [1m[34mSELECT "decks".* FROM "decks" ORDER BY "decks"."updated_at" DESC[0m
  ↳ app/views/decks/index.html.erb:12
  [1m[36mFlashcard Load (0.2ms)[0m  [1m[34mSELECT "flashcards".* FROM "flashcards" WHERE "flashcards"."deck_id" IN (?, ?) ORDER BY "flashcards"."position" ASC, "flashcards"."id" ASC[0m  [["deck_id", 8], ["deck_id", 7]]
  ↳ app/views/decks/index.html.erb:12
  Rendered decks/index.html.erb within layouts/application (Duration: 6.2ms | Allocations: 3467)
  Rendered layout layouts/application.html.erb (Duration: 8.0ms | Allocations: 5175)
Completed 200 OK in 10ms (Views: 8.0ms | ActiveRecord: 0.3ms | Allocations: 5482)


Started GET "/decks/8/practice" for 127.0.0.1 at 2026-04-05 21:20:51 -0300
Processing by DecksController#practice as HTML
  Parameters: {"id"=>"8"}
  [1m[36mDeck Load (0.1ms)[0m  [1m[34mSELECT "decks".* FROM "decks" WHERE "decks"."id" = ? LIMIT ?[0m  [["id", 8], ["LIMIT", 1]]
  ↳ app/controllers/decks_controller.rb:46:in `practice'
  [1m[36mFlashcard Load (0.1ms)[0m  [1m[34mSELECT "flashcards".* FROM "flashcards" WHERE "flashcards"."deck_id" = ? ORDER BY "flashcards"."position" ASC, "flashcards"."id" ASC[0m  [["deck_id", 8]]
  ↳ app/controllers/decks_controller.rb:46:in `practice'
  Rendering layout layouts/application.html.erb
  Rendering decks/practice.html.erb within layouts/application
  Rendered shared/_landing_header.html.erb (Duration: 2.2ms | Allocations: 731)
  Rendered shared/_flashcard_flip.html.erb (Duration: 0.1ms | Allocations: 27)
  Rendered decks/practice.html.erb within layouts/application (Duration: 2.6ms | Allocations: 972)
  Rendered layout layouts/application.html.erb (Duration: 4.2ms | Allocations: 2866)
Completed 200 OK in 9ms (Views: 4.6ms | ActiveRecord: 0.2ms | Allocations: 4788)


Started GET "/decks" for 127.0.0.1 at 2026-04-05 21:20:52 -0300
Processing by DecksController#index as HTML
  Rendering layout layouts/application.html.erb
  Rendering decks/index.html.erb within layouts/application
  Rendered shared/_landing_header.html.erb (Duration: 2.2ms | Allocations: 731)
  [1m[36mDeck Exists? (0.1ms)[0m  [1m[34mSELECT 1 AS one FROM "decks" LIMIT ?[0m  [["LIMIT", 1]]
  ↳ app/views/decks/index.html.erb:10
  [1m[36mDeck Load (0.0ms)[0m  [1m[34mSELECT "decks".* FROM "decks" ORDER BY "decks"."updated_at" DESC[0m
  ↳ app/views/decks/index.html.erb:12
  [1m[36mFlashcard Load (0.3ms)[0m  [1m[34mSELECT "flashcards".* FROM "flashcards" WHERE "flashcards"."deck_id" IN (?, ?) ORDER BY "flashcards"."position" ASC, "flashcards"."id" ASC[0m  [["deck_id", 8], ["deck_id", 7]]
  ↳ app/views/decks/index.html.erb:12
  Rendered decks/index.html.erb within layouts/application (Duration: 5.5ms | Allocations: 3461)
  Rendered layout layouts/application.html.erb (Duration: 8.0ms | Allocations: 5170)
Completed 200 OK in 10ms (Views: 8.2ms | ActiveRecord: 0.4ms | Allocations: 5478)


Started GET "/decks" for 127.0.0.1 at 2026-04-05 21:20:53 -0300
Processing by DecksController#index as HTML
  Rendering layout layouts/application.html.erb
  Rendering decks/index.html.erb within layouts/application
  Rendered shared/_landing_header.html.erb (Duration: 6.3ms | Allocations: 735)
  [1m[36mDeck Exists? (0.1ms)[0m  [1m[34mSELECT 1 AS one FROM "decks" LIMIT ?[0m  [["LIMIT", 1]]
  ↳ app/views/decks/index.html.erb:10
  [1m[36mDeck Load (0.0ms)[0m  [1m[34mSELECT "decks".* FROM "decks" ORDER BY "decks"."updated_at" DESC[0m
  ↳ app/views/decks/index.html.erb:12
  [1m[36mFlashcard Load (0.1ms)[0m  [1m[34mSELECT "flashcards".* FROM "flashcards" WHERE "flashcards"."deck_id" IN (?, ?) ORDER BY "flashcards"."position" ASC, "flashcards"."id" ASC[0m  [["deck_id", 8], ["deck_id", 7]]
  ↳ app/views/decks/index.html.erb:12
  Rendered decks/index.html.erb within layouts/application (Duration: 10.9ms | Allocations: 3462)
  Rendered layout layouts/application.html.erb (Duration: 18.9ms | Allocations: 5177)
Completed 200 OK in 22ms (Views: 19.5ms | ActiveRecord: 0.3ms | Allocations: 5484)


Started GET "/decks" for 127.0.0.1 at 2026-04-05 21:20:54 -0300
Processing by DecksController#index as HTML
  Rendering layout layouts/application.html.erb
  Rendering decks/index.html.erb within layouts/application
  Rendered shared/_landing_header.html.erb (Duration: 1.8ms | Allocations: 731)
  [1m[36mDeck Exists? (0.1ms)[0m  [1m[34mSELECT 1 AS one FROM "decks" LIMIT ?[0m  [["LIMIT", 1]]
  ↳ app/views/decks/index.html.erb:10
  [1m[36mDeck Load (0.1ms)[0m  [1m[34mSELECT "decks".* FROM "decks" ORDER BY "decks"."updated_at" DESC[0m
  ↳ app/views/decks/index.html.erb:12
  [1m[36mFlashcard Load (0.2ms)[0m  [1m[34mSELECT "flashcards".* FROM "flashcards" WHERE "flashcards"."deck_id" IN (?, ?) ORDER BY "flashcards"."position" ASC, "flashcards"."id" ASC[0m  [["deck_id", 8], ["deck_id", 7]]
  ↳ app/views/decks/index.html.erb:12
  Rendered decks/index.html.erb within layouts/application (Duration: 6.6ms | Allocations: 3452)
  Rendered layout layouts/application.html.erb (Duration: 9.1ms | Allocations: 5160)
Completed 200 OK in 11ms (Views: 9.3ms | ActiveRecord: 0.4ms | Allocations: 5467)


Started GET "/decks/8/edit" for 127.0.0.1 at 2026-04-05 21:20:55 -0300
Processing by DecksController#edit as HTML
  Parameters: {"id"=>"8"}
  [1m[36mDeck Exists? (0.1ms)[0m  [1m[34mSELECT 1 AS one FROM "decks" LIMIT ?[0m  [["LIMIT", 1]]
  ↳ app/controllers/decks_controller.rb:38:in `edit'
  [1m[36mDeck Load (0.1ms)[0m  [1m[34mSELECT "decks".* FROM "decks" WHERE "decks"."id" = ? LIMIT ?[0m  [["id", 8], ["LIMIT", 1]]
  ↳ app/controllers/decks_controller.rb:39:in `edit'
  [1m[36mFlashcard Load (0.1ms)[0m  [1m[34mSELECT "flashcards".* FROM "flashcards" WHERE "flashcards"."deck_id" = ? ORDER BY "flashcards"."position" ASC, "flashcards"."id" ASC[0m  [["deck_id", 8]]
  ↳ app/controllers/decks_controller.rb:39:in `edit'
  Rendering layout layouts/application.html.erb
  Rendering decks/new.html.erb within layouts/application
  Rendered shared/_landing_header.html.erb (Duration: 1.8ms | Allocations: 731)
  Rendered decks/_flashcard_item.html.erb (Duration: 0.5ms | Allocations: 376)
  Rendered decks/_flashcard_item.html.erb (Duration: 0.0ms | Allocations: 14)
  Rendered decks/new.html.erb within layouts/application (Duration: 4.7ms | Allocations: 2695)
  Rendered layout layouts/application.html.erb (Duration: 6.3ms | Allocations: 4403)
Completed 200 OK in 14ms (Views: 7.7ms | ActiveRecord: 0.3ms | Allocations: 7004)


Started PATCH "/decks/8" for 127.0.0.1 at 2026-04-05 21:21:08 -0300
Processing by DecksController#update as TURBO_STREAM
  Parameters: {"authenticity_token"=>"[FILTERED]", "deck"=>{"title"=>"exemplo", "description"=>"", "flashcards_attributes"=>{"0"=>{"id"=>"10", "position"=>"0", "term"=>"termo", "definition"=>"ormt"}, "1"=>{"position"=>"1", "term"=>"macaco", "definition"=>"louco"}}}, "commit_action"=>"update", "id"=>"8"}
  [1m[36mDeck Load (0.1ms)[0m  [1m[34mSELECT "decks".* FROM "decks" WHERE "decks"."id" = ? LIMIT ?[0m  [["id", 8], ["LIMIT", 1]]
  ↳ app/controllers/decks_controller.rb:69:in `update'
  [1m[36mFlashcard Load (0.1ms)[0m  [1m[34mSELECT "flashcards".* FROM "flashcards" WHERE "flashcards"."deck_id" = ? ORDER BY "flashcards"."position" ASC, "flashcards"."id" ASC[0m  [["deck_id", 8]]
  ↳ app/controllers/decks_controller.rb:69:in `update'
  [1m[36mDeck Exists? (0.1ms)[0m  [1m[34mSELECT 1 AS one FROM "decks" LIMIT ?[0m  [["LIMIT", 1]]
  ↳ app/controllers/decks_controller.rb:70:in `update'
  [1m[36mTRANSACTION (0.0ms)[0m  [1m[36mbegin transaction[0m
  ↳ app/controllers/decks_controller.rb:76:in `update'
  [1m[36mFlashcard Update (0.4ms)[0m  [1m[33mUPDATE "flashcards" SET "definition" = ?, "updated_at" = ? WHERE "flashcards"."id" = ?[0m  [["definition", "ormt"], ["updated_at", "2026-04-06 00:21:08.714896"], ["id", 10]]
  ↳ app/controllers/decks_controller.rb:76:in `update'
  [1m[36mFlashcard Create (0.1ms)[0m  [1m[32mINSERT INTO "flashcards" ("deck_id", "term", "definition", "position", "created_at", "updated_at") VALUES (?, ?, ?, ?, ?, ?) RETURNING "id"[0m  [["deck_id", 8], ["term", "macaco"], ["definition", "louco"], ["position", 1], ["created_at", "2026-04-06 00:21:08.715962"], ["updated_at", "2026-04-06 00:21:08.715962"]]
  ↳ app/controllers/decks_controller.rb:76:in `update'
  [1m[36mTRANSACTION (0.3ms)[0m  [1m[36mcommit transaction[0m
  ↳ app/controllers/decks_controller.rb:76:in `update'
Redirected to http://127.0.0.1:3000/decks/8/edit
Completed 302 Found in 17ms (ActiveRecord: 4.1ms | Allocations: 17779)


Started GET "/decks/8/edit" for 127.0.0.1 at 2026-04-05 21:21:08 -0300
Processing by DecksController#edit as TURBO_STREAM
  Parameters: {"id"=>"8"}
  [1m[36mDeck Exists? (0.1ms)[0m  [1m[34mSELECT 1 AS one FROM "decks" LIMIT ?[0m  [["LIMIT", 1]]
  ↳ app/controllers/decks_controller.rb:38:in `edit'
  [1m[36mDeck Load (3.9ms)[0m  [1m[34mSELECT "decks".* FROM "decks" WHERE "decks"."id" = ? LIMIT ?[0m  [["id", 8], ["LIMIT", 1]]
  ↳ app/controllers/decks_controller.rb:39:in `edit'
  [1m[36mFlashcard Load (0.0ms)[0m  [1m[34mSELECT "flashcards".* FROM "flashcards" WHERE "flashcards"."deck_id" = ? ORDER BY "flashcards"."position" ASC, "flashcards"."id" ASC[0m  [["deck_id", 8]]
  ↳ app/controllers/decks_controller.rb:39:in `edit'
  Rendering layout layouts/application.html.erb
  Rendering decks/new.html.erb within layouts/application
  Rendered shared/_landing_header.html.erb (Duration: 2.5ms | Allocations: 1216)
  Rendered decks/_flashcard_item.html.erb (Duration: 0.4ms | Allocations: 376)
  Rendered decks/_flashcard_item.html.erb (Duration: 0.0ms | Allocations: 26)
  Rendered decks/_flashcard_item.html.erb (Duration: 0.0ms | Allocations: 14)
  Rendered decks/new.html.erb within layouts/application (Duration: 6.1ms | Allocations: 3505)
  Rendered layout layouts/application.html.erb (Duration: 24.8ms | Allocations: 45863)
Completed 200 OK in 34ms (Views: 27.8ms | ActiveRecord: 4.0ms | Allocations: 49229)


Started GET "/decks" for 127.0.0.1 at 2026-04-05 21:21:11 -0300
Processing by DecksController#index as HTML
  Rendering layout layouts/application.html.erb
  Rendering decks/index.html.erb within layouts/application
  Rendered shared/_landing_header.html.erb (Duration: 2.3ms | Allocations: 737)
  [1m[36mDeck Exists? (0.1ms)[0m  [1m[34mSELECT 1 AS one FROM "decks" LIMIT ?[0m  [["LIMIT", 1]]
  ↳ app/views/decks/index.html.erb:10
  [1m[36mDeck Load (0.1ms)[0m  [1m[34mSELECT "decks".* FROM "decks" ORDER BY "decks"."updated_at" DESC[0m
  ↳ app/views/decks/index.html.erb:12
  [1m[36mFlashcard Load (0.1ms)[0m  [1m[34mSELECT "flashcards".* FROM "flashcards" WHERE "flashcards"."deck_id" IN (?, ?) ORDER BY "flashcards"."position" ASC, "flashcards"."id" ASC[0m  [["deck_id", 8], ["deck_id", 7]]
  ↳ app/views/decks/index.html.erb:12
  Rendered decks/index.html.erb within layouts/application (Duration: 7.0ms | Allocations: 4084)
  Rendered layout layouts/application.html.erb (Duration: 8.5ms | Allocations: 5797)
Completed 200 OK in 11ms (Views: 8.7ms | ActiveRecord: 0.3ms | Allocations: 6231)


Started GET "/decks/8/practice" for 127.0.0.1 at 2026-04-05 21:21:12 -0300
Processing by DecksController#practice as HTML
  Parameters: {"id"=>"8"}
  [1m[36mDeck Load (0.1ms)[0m  [1m[34mSELECT "decks".* FROM "decks" WHERE "decks"."id" = ? LIMIT ?[0m  [["id", 8], ["LIMIT", 1]]
  ↳ app/controllers/decks_controller.rb:46:in `practice'
  [1m[36mFlashcard Load (0.1ms)[0m  [1m[34mSELECT "flashcards".* FROM "flashcards" WHERE "flashcards"."deck_id" = ? ORDER BY "flashcards"."position" ASC, "flashcards"."id" ASC[0m  [["deck_id", 8]]
  ↳ app/controllers/decks_controller.rb:46:in `practice'
  Rendering layout layouts/application.html.erb
  Rendering decks/practice.html.erb within layouts/application
  Rendered shared/_landing_header.html.erb (Duration: 1.2ms | Allocations: 731)
  Rendered shared/_flashcard_flip.html.erb (Duration: 0.5ms | Allocations: 416)
  Rendered decks/practice.html.erb within layouts/application (Duration: 3.0ms | Allocations: 1694)
  Rendered layout layouts/application.html.erb (Duration: 5.3ms | Allocations: 3579)
Completed 200 OK in 11ms (Views: 5.7ms | ActiveRecord: 0.2ms | Allocations: 5578)


Started GET "/decks/8/practice" for 127.0.0.1 at 2026-04-05 21:21:12 -0300
Processing by DecksController#practice as HTML
  Parameters: {"id"=>"8"}
  [1m[36mDeck Load (0.1ms)[0m  [1m[34mSELECT "decks".* FROM "decks" WHERE "decks"."id" = ? LIMIT ?[0m  [["id", 8], ["LIMIT", 1]]
  ↳ app/controllers/decks_controller.rb:46:in `practice'
  [1m[36mFlashcard Load (0.1ms)[0m  [1m[34mSELECT "flashcards".* FROM "flashcards" WHERE "flashcards"."deck_id" = ? ORDER BY "flashcards"."position" ASC, "flashcards"."id" ASC[0m  [["deck_id", 8]]
  ↳ app/controllers/decks_controller.rb:46:in `practice'
  Rendering layout layouts/application.html.erb
  Rendering decks/practice.html.erb within layouts/application
  Rendered shared/_landing_header.html.erb (Duration: 1.8ms | Allocations: 731)
  Rendered shared/_flashcard_flip.html.erb (Duration: 0.0ms | Allocations: 30)
  Rendered decks/practice.html.erb within layouts/application (Duration: 2.2ms | Allocations: 978)
  Rendered layout layouts/application.html.erb (Duration: 3.9ms | Allocations: 2878)
Completed 200 OK in 8ms (Views: 4.2ms | ActiveRecord: 0.2ms | Allocations: 4805)


Started GET "/decks/8/practice" for 127.0.0.1 at 2026-04-05 21:21:18 -0300
Processing by DecksController#practice as HTML
  Parameters: {"id"=>"8"}
  [1m[36mDeck Load (0.1ms)[0m  [1m[34mSELECT "decks".* FROM "decks" WHERE "decks"."id" = ? LIMIT ?[0m  [["id", 8], ["LIMIT", 1]]
  ↳ app/controllers/decks_controller.rb:46:in `practice'
  [1m[36mFlashcard Load (0.0ms)[0m  [1m[34mSELECT "flashcards".* FROM "flashcards" WHERE "flashcards"."deck_id" = ? ORDER BY "flashcards"."position" ASC, "flashcards"."id" ASC[0m  [["deck_id", 8]]
  ↳ app/controllers/decks_controller.rb:46:in `practice'
  Rendering layout layouts/application.html.erb
  Rendering decks/practice.html.erb within layouts/application
  Rendered shared/_landing_header.html.erb (Duration: 1.5ms | Allocations: 731)
  Rendered shared/_flashcard_flip.html.erb (Duration: 0.0ms | Allocations: 30)
  Rendered decks/practice.html.erb within layouts/application (Duration: 1.7ms | Allocations: 978)
  Rendered layout layouts/application.html.erb (Duration: 3.6ms | Allocations: 2861)
Completed 200 OK in 6ms (Views: 3.8ms | ActiveRecord: 0.1ms | Allocations: 4788)


Started GET "/decks/8/practice" for 127.0.0.1 at 2026-04-05 21:21:27 -0300
Processing by DecksController#practice as HTML
  Parameters: {"id"=>"8"}
  [1m[36mDeck Load (0.2ms)[0m  [1m[34mSELECT "decks".* FROM "decks" WHERE "decks"."id" = ? LIMIT ?[0m  [["id", 8], ["LIMIT", 1]]
  ↳ app/controllers/decks_controller.rb:46:in `practice'
  [1m[36mFlashcard Load (0.1ms)[0m  [1m[34mSELECT "flashcards".* FROM "flashcards" WHERE "flashcards"."deck_id" = ? ORDER BY "flashcards"."position" ASC, "flashcards"."id" ASC[0m  [["deck_id", 8]]
  ↳ app/controllers/decks_controller.rb:46:in `practice'
  Rendering layout layouts/application.html.erb
  Rendering decks/practice.html.erb within layouts/application
  Rendered shared/_landing_header.html.erb (Duration: 2.1ms | Allocations: 731)
  Rendered shared/_flashcard_flip.html.erb (Duration: 0.1ms | Allocations: 30)
  Rendered decks/practice.html.erb within layouts/application (Duration: 2.8ms | Allocations: 978)
  Rendered layout layouts/application.html.erb (Duration: 5.0ms | Allocations: 2869)
Completed 200 OK in 10ms (Views: 5.4ms | ActiveRecord: 0.2ms | Allocations: 4796)


Started GET "/decks?q=ffff" for 127.0.0.1 at 2026-04-05 21:21:32 -0300
Processing by DecksController#index as HTML
  Parameters: {"q"=>"ffff"}
  [1m[36mDeck Exists? (0.1ms)[0m  [1m[34mSELECT 1 AS one FROM "decks" LEFT OUTER JOIN "flashcards" ON "flashcards"."deck_id" = "decks"."id" WHERE (decks.title LIKE '%ffff%' OR decks.description LIKE '%ffff%' OR flashcards.term LIKE '%ffff%' OR flashcards.definition LIKE '%ffff%') LIMIT ?[0m  [["LIMIT", 1]]
  ↳ app/controllers/decks_controller.rb:22:in `index'
  Rendering layout layouts/application.html.erb
  Rendering decks/not_found.html.erb within layouts/application
  Rendered shared/_landing_header.html.erb (Duration: 1.4ms | Allocations: 861)
  Rendered decks/not_found.html.erb within layouts/application (Duration: 1.8ms | Allocations: 1182)
  Rendered layout layouts/application.html.erb (Duration: 3.5ms | Allocations: 3175)
Completed 200 OK in 18ms (Views: 4.3ms | ActiveRecord: 0.1ms | Allocations: 8243)


Started GET "/decks" for 127.0.0.1 at 2026-04-05 21:21:36 -0300
Processing by DecksController#index as HTML
  Rendering layout layouts/application.html.erb
  Rendering decks/index.html.erb within layouts/application
  Rendered shared/_landing_header.html.erb (Duration: 2.3ms | Allocations: 731)
  [1m[36mDeck Exists? (0.1ms)[0m  [1m[34mSELECT 1 AS one FROM "decks" LIMIT ?[0m  [["LIMIT", 1]]
  ↳ app/views/decks/index.html.erb:10
  [1m[36mDeck Load (0.1ms)[0m  [1m[34mSELECT "decks".* FROM "decks" ORDER BY "decks"."updated_at" DESC[0m
  ↳ app/views/decks/index.html.erb:12
  [1m[36mFlashcard Load (0.1ms)[0m  [1m[34mSELECT "flashcards".* FROM "flashcards" WHERE "flashcards"."deck_id" IN (?, ?) ORDER BY "flashcards"."position" ASC, "flashcards"."id" ASC[0m  [["deck_id", 8], ["deck_id", 7]]
  ↳ app/views/decks/index.html.erb:12
  Rendered decks/index.html.erb within layouts/application (Duration: 5.6ms | Allocations: 3519)
  Rendered layout layouts/application.html.erb (Duration: 7.5ms | Allocations: 5227)
Completed 200 OK in 9ms (Views: 7.8ms | ActiveRecord: 0.3ms | Allocations: 5555)


Started GET "/decks/new" for 127.0.0.1 at 2026-04-05 21:21:39 -0300
Processing by DecksController#new as HTML
  [1m[36mDeck Exists? (0.1ms)[0m  [1m[34mSELECT 1 AS one FROM "decks" LIMIT ?[0m  [["LIMIT", 1]]
  ↳ app/controllers/decks_controller.rb:29:in `new'
  [1m[36mDeck Maximum (0.1ms)[0m  [1m[34mSELECT MAX("decks"."created_at") FROM "decks"[0m
  ↳ app/controllers/decks_controller.rb:32:in `new'
  Rendering layout layouts/application.html.erb
  Rendering decks/new.html.erb within layouts/application
  Rendered shared/_landing_header.html.erb (Duration: 1.8ms | Allocations: 731)
  Rendered decks/_flashcard_item.html.erb (Duration: 0.0ms | Allocations: 26)
  Rendered decks/_flashcard_item.html.erb (Duration: 0.0ms | Allocations: 14)
  Rendered decks/new.html.erb within layouts/application (Duration: 2.8ms | Allocations: 1462)
  Rendered layout layouts/application.html.erb (Duration: 4.4ms | Allocations: 3174)
Completed 200 OK in 9ms (Views: 4.8ms | ActiveRecord: 0.2ms | Allocations: 4964)


Started GET "/decks/new" for 127.0.0.1 at 2026-04-05 21:21:41 -0300
Processing by DecksController#new as HTML
  [1m[36mDeck Exists? (0.1ms)[0m  [1m[34mSELECT 1 AS one FROM "decks" LIMIT ?[0m  [["LIMIT", 1]]
  ↳ app/controllers/decks_controller.rb:29:in `new'
  [1m[36mDeck Maximum (0.1ms)[0m  [1m[34mSELECT MAX("decks"."created_at") FROM "decks"[0m
  ↳ app/controllers/decks_controller.rb:32:in `new'
  Rendering layout layouts/application.html.erb
  Rendering decks/new.html.erb within layouts/application
  Rendered shared/_landing_header.html.erb (Duration: 2.2ms | Allocations: 731)
  Rendered decks/_flashcard_item.html.erb (Duration: 0.0ms | Allocations: 26)
  Rendered decks/_flashcard_item.html.erb (Duration: 0.0ms | Allocations: 14)
  Rendered decks/new.html.erb within layouts/application (Duration: 2.9ms | Allocations: 1405)
  Rendered layout layouts/application.html.erb (Duration: 7.0ms | Allocations: 3117)
Completed 200 OK in 12ms (Views: 7.4ms | ActiveRecord: 0.3ms | Allocations: 4807)


Started GET "/decks?q=ffff" for 127.0.0.1 at 2026-04-05 21:21:41 -0300
Processing by DecksController#index as HTML
  Parameters: {"q"=>"ffff"}
  [1m[36mDeck Exists? (0.2ms)[0m  [1m[34mSELECT 1 AS one FROM "decks" LEFT OUTER JOIN "flashcards" ON "flashcards"."deck_id" = "decks"."id" WHERE (decks.title LIKE '%ffff%' OR decks.description LIKE '%ffff%' OR flashcards.term LIKE '%ffff%' OR flashcards.definition LIKE '%ffff%') LIMIT ?[0m  [["LIMIT", 1]]
  ↳ app/controllers/decks_controller.rb:22:in `index'
  Rendering layout layouts/application.html.erb
  Rendering decks/not_found.html.erb within layouts/application
  Rendered shared/_landing_header.html.erb (Duration: 1.1ms | Allocations: 738)
  Rendered decks/not_found.html.erb within layouts/application (Duration: 1.2ms | Allocations: 846)
  Rendered layout layouts/application.html.erb (Duration: 2.8ms | Allocations: 2743)
Completed 200 OK in 6ms (Views: 3.1ms | ActiveRecord: 0.2ms | Allocations: 3981)


Started GET "/decks/new" for 127.0.0.1 at 2026-04-05 21:21:42 -0300
Processing by DecksController#new as HTML
  [1m[36mDeck Exists? (0.1ms)[0m  [1m[34mSELECT 1 AS one FROM "decks" LIMIT ?[0m  [["LIMIT", 1]]
  ↳ app/controllers/decks_controller.rb:29:in `new'
  [1m[36mDeck Maximum (0.0ms)[0m  [1m[34mSELECT MAX("decks"."created_at") FROM "decks"[0m
  ↳ app/controllers/decks_controller.rb:32:in `new'
  Rendering layout layouts/application.html.erb
  Rendering decks/new.html.erb within layouts/application
  Rendered shared/_landing_header.html.erb (Duration: 1.5ms | Allocations: 733)
  Rendered decks/_flashcard_item.html.erb (Duration: 0.0ms | Allocations: 26)
  Rendered decks/_flashcard_item.html.erb (Duration: 0.0ms | Allocations: 14)
  Rendered decks/new.html.erb within layouts/application (Duration: 2.1ms | Allocations: 1410)
  Rendered layout layouts/application.html.erb (Duration: 3.8ms | Allocations: 3127)
Completed 200 OK in 6ms (Views: 4.0ms | ActiveRecord: 0.1ms | Allocations: 4822)


Started GET "/" for 127.0.0.1 at 2026-04-05 21:21:45 -0300
Processing by HomeController#index as HTML
  [1m[36mDeck Exists? (0.2ms)[0m  [1m[34mSELECT 1 AS one FROM "decks" LIMIT ?[0m  [["LIMIT", 1]]
  ↳ app/controllers/home_controller.rb:3:in `index'
  Rendering layout layouts/application.html.erb
  Rendering home/index.html.erb within layouts/application
  Rendered shared/_landing_header.html.erb (Duration: 3.3ms | Allocations: 864)
  Rendered shared/_flashcard_flip.html.erb (Duration: 0.1ms | Allocations: 46)
  Rendered home/index.html.erb within layouts/application (Duration: 4.4ms | Allocations: 1388)
  Rendered layout layouts/application.html.erb (Duration: 7.9ms | Allocations: 3386)
Completed 200 OK in 13ms (Views: 9.2ms | ActiveRecord: 0.2ms | Allocations: 4577)


Started GET "/decks?q=macaco" for 127.0.0.1 at 2026-04-05 21:21:47 -0300
Processing by DecksController#index as HTML
  Parameters: {"q"=>"macaco"}
  [1m[36mDeck Exists? (0.2ms)[0m  [1m[34mSELECT 1 AS one FROM "decks" LEFT OUTER JOIN "flashcards" ON "flashcards"."deck_id" = "decks"."id" WHERE (decks.title LIKE '%macaco%' OR decks.description LIKE '%macaco%' OR flashcards.term LIKE '%macaco%' OR flashcards.definition LIKE '%macaco%') LIMIT ?[0m  [["LIMIT", 1]]
  ↳ app/controllers/decks_controller.rb:22:in `index'
  Rendering layout layouts/application.html.erb
  Rendering decks/index.html.erb within layouts/application
  Rendered shared/_landing_header.html.erb (Duration: 1.8ms | Allocations: 734)
  [1m[36mCACHE Deck Exists? (0.0ms)[0m  [1m[34mSELECT 1 AS one FROM "decks" LEFT OUTER JOIN "flashcards" ON "flashcards"."deck_id" = "decks"."id" WHERE (decks.title LIKE '%macaco%' OR decks.description LIKE '%macaco%' OR flashcards.term LIKE '%macaco%' OR flashcards.definition LIKE '%macaco%') LIMIT ?[0m  [["LIMIT", 1]]
  ↳ app/views/decks/index.html.erb:10
  [1m[36mDeck Load (0.1ms)[0m  [1m[34mSELECT DISTINCT "decks".* FROM "decks" LEFT OUTER JOIN "flashcards" ON "flashcards"."deck_id" = "decks"."id" WHERE (decks.title LIKE '%macaco%' OR decks.description LIKE '%macaco%' OR flashcards.term LIKE '%macaco%' OR flashcards.definition LIKE '%macaco%') ORDER BY "decks"."updated_at" DESC[0m
  ↳ app/views/decks/index.html.erb:12
  [1m[36mFlashcard Load (0.0ms)[0m  [1m[34mSELECT "flashcards".* FROM "flashcards" WHERE "flashcards"."deck_id" = ? ORDER BY "flashcards"."position" ASC, "flashcards"."id" ASC[0m  [["deck_id", 8]]
  ↳ app/views/decks/index.html.erb:12
  Rendered decks/index.html.erb within layouts/application (Duration: 4.2ms | Allocations: 4384)
  Rendered layout layouts/application.html.erb (Duration: 5.9ms | Allocations: 6096)
Completed 200 OK in 10ms (Views: 6.2ms | ActiveRecord: 0.3ms | Allocations: 7438)


Started GET "/" for 127.0.0.1 at 2026-04-05 21:21:47 -0300
Processing by HomeController#index as HTML
  [1m[36mDeck Exists? (0.1ms)[0m  [1m[34mSELECT 1 AS one FROM "decks" LIMIT ?[0m  [["LIMIT", 1]]
  ↳ app/controllers/home_controller.rb:3:in `index'
  Rendering layout layouts/application.html.erb
  Rendering home/index.html.erb within layouts/application
  Rendered shared/_landing_header.html.erb (Duration: 1.5ms | Allocations: 731)
  Rendered shared/_flashcard_flip.html.erb (Duration: 0.0ms | Allocations: 32)
  Rendered home/index.html.erb within layouts/application (Duration: 1.8ms | Allocations: 932)
  Rendered layout layouts/application.html.erb (Duration: 3.5ms | Allocations: 2836)
Completed 200 OK in 6ms (Views: 3.9ms | ActiveRecord: 0.1ms | Allocations: 3635)


Started GET "/decks/8/practice" for 127.0.0.1 at 2026-04-05 21:21:49 -0300
Processing by DecksController#practice as HTML
  Parameters: {"id"=>"8"}
  [1m[36mDeck Load (0.1ms)[0m  [1m[34mSELECT "decks".* FROM "decks" WHERE "decks"."id" = ? LIMIT ?[0m  [["id", 8], ["LIMIT", 1]]
  ↳ app/controllers/decks_controller.rb:46:in `practice'
  [1m[36mFlashcard Load (0.1ms)[0m  [1m[34mSELECT "flashcards".* FROM "flashcards" WHERE "flashcards"."deck_id" = ? ORDER BY "flashcards"."position" ASC, "flashcards"."id" ASC[0m  [["deck_id", 8]]
  ↳ app/controllers/decks_controller.rb:46:in `practice'
  Rendering layout layouts/application.html.erb
  Rendering decks/practice.html.erb within layouts/application
  Rendered shared/_landing_header.html.erb (Duration: 1.6ms | Allocations: 732)
  Rendered shared/_flashcard_flip.html.erb (Duration: 0.0ms | Allocations: 30)
  Rendered decks/practice.html.erb within layouts/application (Duration: 2.0ms | Allocations: 980)
  Rendered layout layouts/application.html.erb (Duration: 3.8ms | Allocations: 2868)
Completed 200 OK in 8ms (Views: 4.1ms | ActiveRecord: 0.2ms | Allocations: 4799)


Started GET "/decks" for 127.0.0.1 at 2026-04-05 21:21:51 -0300
Processing by DecksController#index as HTML
  Rendering layout layouts/application.html.erb
  Rendering decks/index.html.erb within layouts/application
  Rendered shared/_landing_header.html.erb (Duration: 1.9ms | Allocations: 731)
  [1m[36mDeck Exists? (0.1ms)[0m  [1m[34mSELECT 1 AS one FROM "decks" LIMIT ?[0m  [["LIMIT", 1]]
  ↳ app/views/decks/index.html.erb:10
  [1m[36mDeck Load (0.1ms)[0m  [1m[34mSELECT "decks".* FROM "decks" ORDER BY "decks"."updated_at" DESC[0m
  ↳ app/views/decks/index.html.erb:12
  [1m[36mFlashcard Load (0.1ms)[0m  [1m[34mSELECT "flashcards".* FROM "flashcards" WHERE "flashcards"."deck_id" IN (?, ?) ORDER BY "flashcards"."position" ASC, "flashcards"."id" ASC[0m  [["deck_id", 8], ["deck_id", 7]]
  ↳ app/views/decks/index.html.erb:12
  Rendered decks/index.html.erb within layouts/application (Duration: 5.3ms | Allocations: 3476)
  Rendered layout layouts/application.html.erb (Duration: 7.5ms | Allocations: 5184)
Completed 200 OK in 9ms (Views: 7.6ms | ActiveRecord: 0.3ms | Allocations: 5492)


Started GET "/decks" for 127.0.0.1 at 2026-04-05 21:21:51 -0300
Processing by DecksController#index as HTML
  Rendering layout layouts/application.html.erb
  Rendering decks/index.html.erb within layouts/application
  Rendered shared/_landing_header.html.erb (Duration: 2.2ms | Allocations: 737)
  [1m[36mDeck Exists? (0.1ms)[0m  [1m[34mSELECT 1 AS one FROM "decks" LIMIT ?[0m  [["LIMIT", 1]]
  ↳ app/views/decks/index.html.erb:10
  [1m[36mDeck Load (0.1ms)[0m  [1m[34mSELECT "decks".* FROM "decks" ORDER BY "decks"."updated_at" DESC[0m
  ↳ app/views/decks/index.html.erb:12
  [1m[36mFlashcard Load (0.1ms)[0m  [1m[34mSELECT "flashcards".* FROM "flashcards" WHERE "flashcards"."deck_id" IN (?, ?) ORDER BY "flashcards"."position" ASC, "flashcards"."id" ASC[0m  [["deck_id", 8], ["deck_id", 7]]
  ↳ app/views/decks/index.html.erb:12
  Rendered decks/index.html.erb within layouts/application (Duration: 6.2ms | Allocations: 3487)
  Rendered layout layouts/application.html.erb (Duration: 8.3ms | Allocations: 5200)
Completed 200 OK in 10ms (Views: 8.4ms | ActiveRecord: 0.3ms | Allocations: 5507)


Started GET "/decks/8/practice" for 127.0.0.1 at 2026-04-05 21:21:52 -0300
Processing by DecksController#practice as HTML
  Parameters: {"id"=>"8"}
  [1m[36mDeck Load (0.1ms)[0m  [1m[34mSELECT "decks".* FROM "decks" WHERE "decks"."id" = ? LIMIT ?[0m  [["id", 8], ["LIMIT", 1]]
  ↳ app/controllers/decks_controller.rb:46:in `practice'
  [1m[36mFlashcard Load (0.0ms)[0m  [1m[34mSELECT "flashcards".* FROM "flashcards" WHERE "flashcards"."deck_id" = ? ORDER BY "flashcards"."position" ASC, "flashcards"."id" ASC[0m  [["deck_id", 8]]
  ↳ app/controllers/decks_controller.rb:46:in `practice'
  Rendering layout layouts/application.html.erb
  Rendering decks/practice.html.erb within layouts/application
  Rendered shared/_landing_header.html.erb (Duration: 1.7ms | Allocations: 731)
  Rendered shared/_flashcard_flip.html.erb (Duration: 0.1ms | Allocations: 30)
  Rendered decks/practice.html.erb within layouts/application (Duration: 2.2ms | Allocations: 978)
  Rendered layout layouts/application.html.erb (Duration: 4.3ms | Allocations: 2887)
Completed 200 OK in 9ms (Views: 4.6ms | ActiveRecord: 0.2ms | Allocations: 4814)


Started GET "/decks?q=exemplo" for 127.0.0.1 at 2026-04-05 21:21:57 -0300
Processing by DecksController#index as HTML
  Parameters: {"q"=>"exemplo"}
  [1m[36mDeck Exists? (0.2ms)[0m  [1m[34mSELECT 1 AS one FROM "decks" LEFT OUTER JOIN "flashcards" ON "flashcards"."deck_id" = "decks"."id" WHERE (decks.title LIKE '%exemplo%' OR decks.description LIKE '%exemplo%' OR flashcards.term LIKE '%exemplo%' OR flashcards.definition LIKE '%exemplo%') LIMIT ?[0m  [["LIMIT", 1]]
  ↳ app/controllers/decks_controller.rb:22:in `index'
  Rendering layout layouts/application.html.erb
  Rendering decks/index.html.erb within layouts/application
  Rendered shared/_landing_header.html.erb (Duration: 1.8ms | Allocations: 731)
  [1m[36mCACHE Deck Exists? (0.0ms)[0m  [1m[34mSELECT 1 AS one FROM "decks" LEFT OUTER JOIN "flashcards" ON "flashcards"."deck_id" = "decks"."id" WHERE (decks.title LIKE '%exemplo%' OR decks.description LIKE '%exemplo%' OR flashcards.term LIKE '%exemplo%' OR flashcards.definition LIKE '%exemplo%') LIMIT ?[0m  [["LIMIT", 1]]
  ↳ app/views/decks/index.html.erb:10
  [1m[36mDeck Load (0.2ms)[0m  [1m[34mSELECT DISTINCT "decks".* FROM "decks" LEFT OUTER JOIN "flashcards" ON "flashcards"."deck_id" = "decks"."id" WHERE (decks.title LIKE '%exemplo%' OR decks.description LIKE '%exemplo%' OR flashcards.term LIKE '%exemplo%' OR flashcards.definition LIKE '%exemplo%') ORDER BY "decks"."updated_at" DESC[0m
  ↳ app/views/decks/index.html.erb:12
  [1m[36mFlashcard Load (0.0ms)[0m  [1m[34mSELECT "flashcards".* FROM "flashcards" WHERE "flashcards"."deck_id" = ? ORDER BY "flashcards"."position" ASC, "flashcards"."id" ASC[0m  [["deck_id", 8]]
  ↳ app/views/decks/index.html.erb:12
  Rendered decks/index.html.erb within layouts/application (Duration: 4.3ms | Allocations: 4286)
  Rendered layout layouts/application.html.erb (Duration: 5.9ms | Allocations: 5994)
Completed 200 OK in 9ms (Views: 6.0ms | ActiveRecord: 0.4ms | Allocations: 7239)


Started GET "/decks/new" for 127.0.0.1 at 2026-04-05 21:21:59 -0300
Processing by DecksController#new as HTML
  [1m[36mDeck Exists? (0.2ms)[0m  [1m[34mSELECT 1 AS one FROM "decks" LIMIT ?[0m  [["LIMIT", 1]]
  ↳ app/controllers/decks_controller.rb:29:in `new'
  [1m[36mDeck Maximum (0.0ms)[0m  [1m[34mSELECT MAX("decks"."created_at") FROM "decks"[0m
  ↳ app/controllers/decks_controller.rb:32:in `new'
  Rendering layout layouts/application.html.erb
  Rendering decks/new.html.erb within layouts/application
  Rendered shared/_landing_header.html.erb (Duration: 1.4ms | Allocations: 731)
  Rendered decks/_flashcard_item.html.erb (Duration: 0.0ms | Allocations: 26)
  Rendered decks/_flashcard_item.html.erb (Duration: 0.0ms | Allocations: 14)
  Rendered decks/new.html.erb within layouts/application (Duration: 2.1ms | Allocations: 1452)
  Rendered layout layouts/application.html.erb (Duration: 3.7ms | Allocations: 3164)
Completed 200 OK in 8ms (Views: 3.9ms | ActiveRecord: 0.2ms | Allocations: 4899)


Started GET "/decks/8/practice" for 127.0.0.1 at 2026-04-05 21:22:01 -0300
Processing by DecksController#practice as HTML
  Parameters: {"id"=>"8"}
  [1m[36mDeck Load (0.1ms)[0m  [1m[34mSELECT "decks".* FROM "decks" WHERE "decks"."id" = ? LIMIT ?[0m  [["id", 8], ["LIMIT", 1]]
  ↳ app/controllers/decks_controller.rb:46:in `practice'
  [1m[36mFlashcard Load (0.1ms)[0m  [1m[34mSELECT "flashcards".* FROM "flashcards" WHERE "flashcards"."deck_id" = ? ORDER BY "flashcards"."position" ASC, "flashcards"."id" ASC[0m  [["deck_id", 8]]
  ↳ app/controllers/decks_controller.rb:46:in `practice'
  Rendering layout layouts/application.html.erb
  Rendering decks/practice.html.erb within layouts/application
  Rendered shared/_landing_header.html.erb (Duration: 1.3ms | Allocations: 731)
  Rendered shared/_flashcard_flip.html.erb (Duration: 0.0ms | Allocations: 30)
  Rendered decks/practice.html.erb within layouts/application (Duration: 1.7ms | Allocations: 978)
  Rendered layout layouts/application.html.erb (Duration: 3.5ms | Allocations: 2875)
Completed 200 OK in 8ms (Views: 3.8ms | ActiveRecord: 0.2ms | Allocations: 4802)


Started GET "/decks/8/practice" for 127.0.0.1 at 2026-04-05 21:22:03 -0300
Processing by DecksController#practice as HTML
  Parameters: {"id"=>"8"}
  [1m[36mDeck Load (0.1ms)[0m  [1m[34mSELECT "decks".* FROM "decks" WHERE "decks"."id" = ? LIMIT ?[0m  [["id", 8], ["LIMIT", 1]]
  ↳ app/controllers/decks_controller.rb:46:in `practice'
  [1m[36mFlashcard Load (0.0ms)[0m  [1m[34mSELECT "flashcards".* FROM "flashcards" WHERE "flashcards"."deck_id" = ? ORDER BY "flashcards"."position" ASC, "flashcards"."id" ASC[0m  [["deck_id", 8]]
  ↳ app/controllers/decks_controller.rb:46:in `practice'
  Rendering layout layouts/application.html.erb
  Rendering decks/practice.html.erb within layouts/application
  Rendered shared/_landing_header.html.erb (Duration: 1.3ms | Allocations: 731)
  Rendered shared/_flashcard_flip.html.erb (Duration: 0.0ms | Allocations: 30)
  Rendered decks/practice.html.erb within layouts/application (Duration: 1.6ms | Allocations: 978)
  Rendered layout layouts/application.html.erb (Duration: 3.2ms | Allocations: 2887)
Completed 200 OK in 7ms (Views: 3.3ms | ActiveRecord: 0.2ms | Allocations: 4814)


Started GET "/decks?q=louco" for 127.0.0.1 at 2026-04-05 21:22:09 -0300
Processing by DecksController#index as HTML
  Parameters: {"q"=>"louco"}
  [1m[36mDeck Exists? (0.2ms)[0m  [1m[34mSELECT 1 AS one FROM "decks" LEFT OUTER JOIN "flashcards" ON "flashcards"."deck_id" = "decks"."id" WHERE (decks.title LIKE '%louco%' OR decks.description LIKE '%louco%' OR flashcards.term LIKE '%louco%' OR flashcards.definition LIKE '%louco%') LIMIT ?[0m  [["LIMIT", 1]]
  ↳ app/controllers/decks_controller.rb:22:in `index'
  Rendering layout layouts/application.html.erb
  Rendering decks/index.html.erb within layouts/application
  Rendered shared/_landing_header.html.erb (Duration: 1.8ms | Allocations: 731)
  [1m[36mCACHE Deck Exists? (0.0ms)[0m  [1m[34mSELECT 1 AS one FROM "decks" LEFT OUTER JOIN "flashcards" ON "flashcards"."deck_id" = "decks"."id" WHERE (decks.title LIKE '%louco%' OR decks.description LIKE '%louco%' OR flashcards.term LIKE '%louco%' OR flashcards.definition LIKE '%louco%') LIMIT ?[0m  [["LIMIT", 1]]
  ↳ app/views/decks/index.html.erb:10
  [1m[36mDeck Load (0.1ms)[0m  [1m[34mSELECT DISTINCT "decks".* FROM "decks" LEFT OUTER JOIN "flashcards" ON "flashcards"."deck_id" = "decks"."id" WHERE (decks.title LIKE '%louco%' OR decks.description LIKE '%louco%' OR flashcards.term LIKE '%louco%' OR flashcards.definition LIKE '%louco%') ORDER BY "decks"."updated_at" DESC[0m
  ↳ app/views/decks/index.html.erb:12
  [1m[36mFlashcard Load (0.0ms)[0m  [1m[34mSELECT "flashcards".* FROM "flashcards" WHERE "flashcards"."deck_id" = ? ORDER BY "flashcards"."position" ASC, "flashcards"."id" ASC[0m  [["deck_id", 8]]
  ↳ app/views/decks/index.html.erb:12
  Rendered decks/index.html.erb within layouts/application (Duration: 4.3ms | Allocations: 4310)
  Rendered layout layouts/application.html.erb (Duration: 6.0ms | Allocations: 6018)
Completed 200 OK in 9ms (Views: 6.2ms | ActiveRecord: 0.3ms | Allocations: 7262)


Started GET "/" for 127.0.0.1 at 2026-04-05 21:22:11 -0300
Processing by HomeController#index as HTML
  [1m[36mDeck Exists? (0.1ms)[0m  [1m[34mSELECT 1 AS one FROM "decks" LIMIT ?[0m  [["LIMIT", 1]]
  ↳ app/controllers/home_controller.rb:3:in `index'
  Rendering layout layouts/application.html.erb
  Rendering home/index.html.erb within layouts/application
  Rendered shared/_landing_header.html.erb (Duration: 1.9ms | Allocations: 731)
  Rendered shared/_flashcard_flip.html.erb (Duration: 0.0ms | Allocations: 32)
  Rendered home/index.html.erb within layouts/application (Duration: 2.2ms | Allocations: 932)
  Rendered layout layouts/application.html.erb (Duration: 3.9ms | Allocations: 2818)
Completed 200 OK in 6ms (Views: 4.3ms | ActiveRecord: 0.1ms | Allocations: 3617)


Started GET "/decks" for 127.0.0.1 at 2026-04-05 21:22:13 -0300
Processing by DecksController#index as HTML
  Rendering layout layouts/application.html.erb
  Rendering decks/index.html.erb within layouts/application
  Rendered shared/_landing_header.html.erb (Duration: 4.1ms | Allocations: 731)
  [1m[36mDeck Exists? (0.1ms)[0m  [1m[34mSELECT 1 AS one FROM "decks" LIMIT ?[0m  [["LIMIT", 1]]
  ↳ app/views/decks/index.html.erb:10
  [1m[36mDeck Load (0.0ms)[0m  [1m[34mSELECT "decks".* FROM "decks" ORDER BY "decks"."updated_at" DESC[0m
  ↳ app/views/decks/index.html.erb:12
  [1m[36mFlashcard Load (0.1ms)[0m  [1m[34mSELECT "flashcards".* FROM "flashcards" WHERE "flashcards"."deck_id" IN (?, ?) ORDER BY "flashcards"."position" ASC, "flashcards"."id" ASC[0m  [["deck_id", 8], ["deck_id", 7]]
  ↳ app/views/decks/index.html.erb:12
  Rendered decks/index.html.erb within layouts/application (Duration: 22.6ms | Allocations: 3469)
  Rendered layout layouts/application.html.erb (Duration: 33.9ms | Allocations: 5177)
Completed 200 OK in 35ms (Views: 33.9ms | ActiveRecord: 0.2ms | Allocations: 5484)


Started GET "/decks/new" for 127.0.0.1 at 2026-04-05 21:22:22 -0300
Processing by DecksController#new as HTML
  [1m[36mDeck Exists? (0.1ms)[0m  [1m[34mSELECT 1 AS one FROM "decks" LIMIT ?[0m  [["LIMIT", 1]]
  ↳ app/controllers/decks_controller.rb:29:in `new'
  [1m[36mDeck Maximum (0.0ms)[0m  [1m[34mSELECT MAX("decks"."created_at") FROM "decks"[0m
  ↳ app/controllers/decks_controller.rb:32:in `new'
  Rendering layout layouts/application.html.erb
  Rendering decks/new.html.erb within layouts/application
  Rendered shared/_landing_header.html.erb (Duration: 1.1ms | Allocations: 738)
  Rendered decks/_flashcard_item.html.erb (Duration: 0.0ms | Allocations: 26)
  Rendered decks/_flashcard_item.html.erb (Duration: 0.0ms | Allocations: 14)
  Rendered decks/new.html.erb within layouts/application (Duration: 1.8ms | Allocations: 1424)
  Rendered layout layouts/application.html.erb (Duration: 4.0ms | Allocations: 3145)
Completed 200 OK in 7ms (Views: 4.5ms | ActiveRecord: 0.1ms | Allocations: 4841)


Started GET "/.well-known/appspecific/com.chrome.devtools.json" for 127.0.0.1 at 2026-04-05 21:23:58 -0300
  
ActionController::RoutingError (No route matches [GET] "/.well-known/appspecific/com.chrome.devtools.json"):
  
Started GET "/" for 127.0.0.1 at 2026-04-05 21:24:08 -0300
Processing by HomeController#index as HTML
  [1m[36mDeck Exists? (0.2ms)[0m  [1m[34mSELECT 1 AS one FROM "decks" LIMIT ?[0m  [["LIMIT", 1]]
  ↳ app/controllers/home_controller.rb:3:in `index'
  Rendering layout layouts/application.html.erb
  Rendering home/index.html.erb within layouts/application
  Rendered shared/_landing_header.html.erb (Duration: 2.0ms | Allocations: 763)
  Rendered shared/_flashcard_flip.html.erb (Duration: 0.1ms | Allocations: 46)
  Rendered home/index.html.erb within layouts/application (Duration: 2.3ms | Allocations: 978)
  Rendered layout layouts/application.html.erb (Duration: 4.5ms | Allocations: 2907)
Completed 200 OK in 8ms (Views: 4.9ms | ActiveRecord: 0.2ms | Allocations: 3841)


Started GET "/decks/start" for 127.0.0.1 at 2026-04-05 21:27:19 -0300
  [1m[36mActiveRecord::SchemaMigration Load (0.0ms)[0m  [1m[34mSELECT "schema_migrations"."version" FROM "schema_migrations" ORDER BY "schema_migrations"."version" ASC[0m
Processing by DecksController#start as HTML
  [1m[36mDeck Exists? (0.0ms)[0m  [1m[34mSELECT 1 AS one FROM "decks" LIMIT ?[0m  [["LIMIT", 1]]
  ↳ app/controllers/decks_controller.rb:3:in `start'
Redirected to http://127.0.0.1:3000/decks
Completed 302 Found in 9ms (ActiveRecord: 1.5ms | Allocations: 3071)


Started GET "/decks" for 127.0.0.1 at 2026-04-05 21:27:20 -0300
Processing by DecksController#index as HTML
  Rendering layout layouts/application.html.erb
  Rendering decks/index.html.erb within layouts/application
  Rendered shared/_landing_header.html.erb (Duration: 2.2ms | Allocations: 1216)
  [1m[36mDeck Exists? (0.1ms)[0m  [1m[34mSELECT 1 AS one FROM "decks" LIMIT ?[0m  [["LIMIT", 1]]
  ↳ app/views/decks/index.html.erb:10
  [1m[36mDeck Load (0.1ms)[0m  [1m[34mSELECT "decks".* FROM "decks" ORDER BY "decks"."updated_at" DESC[0m
  ↳ app/views/decks/index.html.erb:12
  [1m[36mFlashcard Load (0.1ms)[0m  [1m[34mSELECT "flashcards".* FROM "flashcards" WHERE "flashcards"."deck_id" IN (?, ?) ORDER BY "flashcards"."position" ASC, "flashcards"."id" ASC[0m  [["deck_id", 8], ["deck_id", 7]]
  ↳ app/views/decks/index.html.erb:12
  Rendered decks/index.html.erb within layouts/application (Duration: 22.9ms | Allocations: 12937)
  Rendered layout layouts/application.html.erb (Duration: 89.3ms | Allocations: 57131)
Completed 200 OK in 93ms (Views: 91.3ms | ActiveRecord: 0.5ms | Allocations: 58263)


Started GET "/decks" for 127.0.0.1 at 2026-04-05 21:27:20 -0300
Processing by DecksController#index as HTML
  Rendering layout layouts/application.html.erb
  Rendering decks/index.html.erb within layouts/application
  Rendered shared/_landing_header.html.erb (Duration: 4.2ms | Allocations: 746)
  [1m[36mDeck Exists? (0.2ms)[0m  [1m[34mSELECT 1 AS one FROM "decks" LIMIT ?[0m  [["LIMIT", 1]]
  ↳ app/views/decks/index.html.erb:10
  [1m[36mDeck Load (0.1ms)[0m  [1m[34mSELECT "decks".* FROM "decks" ORDER BY "decks"."updated_at" DESC[0m
  ↳ app/views/decks/index.html.erb:12
  [1m[36mFlashcard Load (0.1ms)[0m  [1m[34mSELECT "flashcards".* FROM "flashcards" WHERE "flashcards"."deck_id" IN (?, ?) ORDER BY "flashcards"."position" ASC, "flashcards"."id" ASC[0m  [["deck_id", 8], ["deck_id", 7]]
  ↳ app/views/decks/index.html.erb:12
  Rendered decks/index.html.erb within layouts/application (Duration: 10.1ms | Allocations: 3516)
  Rendered layout layouts/application.html.erb (Duration: 13.7ms | Allocations: 5225)
Completed 200 OK in 16ms (Views: 13.9ms | ActiveRecord: 0.4ms | Allocations: 5584)


Started GET "/decks/new" for 127.0.0.1 at 2026-04-05 21:27:20 -0300
Processing by DecksController#new as HTML
  [1m[36mDeck Exists? (0.1ms)[0m  [1m[34mSELECT 1 AS one FROM "decks" LIMIT ?[0m  [["LIMIT", 1]]
  ↳ app/controllers/decks_controller.rb:29:in `new'
  [1m[36mDeck Maximum (0.1ms)[0m  [1m[34mSELECT MAX("decks"."created_at") FROM "decks"[0m
  ↳ app/controllers/decks_controller.rb:32:in `new'
  Rendering layout layouts/application.html.erb
  Rendering decks/new.html.erb within layouts/application
  Rendered shared/_landing_header.html.erb (Duration: 1.5ms | Allocations: 731)
  Rendered decks/_flashcard_item.html.erb (Duration: 0.4ms | Allocations: 372)
  Rendered decks/_flashcard_item.html.erb (Duration: 0.0ms | Allocations: 14)
  Rendered decks/new.html.erb within layouts/application (Duration: 3.8ms | Allocations: 2667)
  Rendered layout layouts/application.html.erb (Duration: 5.3ms | Allocations: 4379)
Completed 200 OK in 10ms (Views: 5.5ms | ActiveRecord: 0.2ms | Allocations: 6328)


Started GET "/templates/deck-import-template.json" for 127.0.0.1 at 2026-04-05 21:27:25 -0300
  
ActionController::RoutingError (No route matches [GET] "/templates/deck-import-template.json"):
  
Started GET "/templates/deck-import-template.json" for 127.0.0.1 at 2026-04-05 21:27:29 -0300
  
ActionController::RoutingError (No route matches [GET] "/templates/deck-import-template.json"):
  
Started GET "/decks/new" for 127.0.0.1 at 2026-04-05 21:30:01 -0300
Processing by DecksController#new as HTML
  [1m[36mDeck Exists? (0.1ms)[0m  [1m[34mSELECT 1 AS one FROM "decks" LIMIT ?[0m  [["LIMIT", 1]]
  ↳ app/controllers/decks_controller.rb:29:in `new'
  [1m[36mDeck Maximum (0.0ms)[0m  [1m[34mSELECT MAX("decks"."created_at") FROM "decks"[0m
  ↳ app/controllers/decks_controller.rb:32:in `new'
  Rendering layout layouts/application.html.erb
  Rendering decks/new.html.erb within layouts/application
  Rendered shared/_landing_header.html.erb (Duration: 2.3ms | Allocations: 738)
  Rendered decks/_flashcard_item.html.erb (Duration: 0.1ms | Allocations: 26)
  Rendered decks/_flashcard_item.html.erb (Duration: 0.0ms | Allocations: 14)
  Rendered decks/new.html.erb within layouts/application (Duration: 4.6ms | Allocations: 1407)
  Rendered layout layouts/application.html.erb (Duration: 7.1ms | Allocations: 3124)
Completed 200 OK in 11ms (Views: 7.8ms | ActiveRecord: 0.1ms | Allocations: 4824)


Started GET "/decks" for 127.0.0.1 at 2026-04-05 21:32:03 -0300
Processing by DecksController#index as HTML
  Rendering layout layouts/application.html.erb
  Rendering decks/index.html.erb within layouts/application
  Rendered shared/_landing_header.html.erb (Duration: 1.3ms | Allocations: 731)
  [1m[36mDeck Exists? (0.1ms)[0m  [1m[34mSELECT 1 AS one FROM "decks" LIMIT ?[0m  [["LIMIT", 1]]
  ↳ app/views/decks/index.html.erb:10
  [1m[36mDeck Load (0.0ms)[0m  [1m[34mSELECT "decks".* FROM "decks" ORDER BY "decks"."updated_at" DESC[0m
  ↳ app/views/decks/index.html.erb:12
  [1m[36mFlashcard Load (0.1ms)[0m  [1m[34mSELECT "flashcards".* FROM "flashcards" WHERE "flashcards"."deck_id" IN (?, ?) ORDER BY "flashcards"."position" ASC, "flashcards"."id" ASC[0m  [["deck_id", 8], ["deck_id", 7]]
  ↳ app/views/decks/index.html.erb:12
  Rendered decks/index.html.erb within layouts/application (Duration: 4.3ms | Allocations: 3493)
  Rendered layout layouts/application.html.erb (Duration: 31.5ms | Allocations: 47098)
Completed 200 OK in 33ms (Views: 31.9ms | ActiveRecord: 0.2ms | Allocations: 47405)


Started GET "/decks" for 127.0.0.1 at 2026-04-05 21:32:03 -0300
Processing by DecksController#index as HTML
  Rendering layout layouts/application.html.erb
  Rendering decks/index.html.erb within layouts/application
  Rendered shared/_landing_header.html.erb (Duration: 1.3ms | Allocations: 731)
  [1m[36mDeck Exists? (0.1ms)[0m  [1m[34mSELECT 1 AS one FROM "decks" LIMIT ?[0m  [["LIMIT", 1]]
  ↳ app/views/decks/index.html.erb:10
  [1m[36mDeck Load (0.0ms)[0m  [1m[34mSELECT "decks".* FROM "decks" ORDER BY "decks"."updated_at" DESC[0m
  ↳ app/views/decks/index.html.erb:12
  [1m[36mFlashcard Load (0.1ms)[0m  [1m[34mSELECT "flashcards".* FROM "flashcards" WHERE "flashcards"."deck_id" IN (?, ?) ORDER BY "flashcards"."position" ASC, "flashcards"."id" ASC[0m  [["deck_id", 8], ["deck_id", 7]]
  ↳ app/views/decks/index.html.erb:12
  Rendered decks/index.html.erb within layouts/application (Duration: 4.2ms | Allocations: 3475)
  Rendered layout layouts/application.html.erb (Duration: 5.7ms | Allocations: 5183)
Completed 200 OK in 7ms (Views: 5.8ms | ActiveRecord: 0.2ms | Allocations: 5490)


Started GET "/decks" for 127.0.0.1 at 2026-04-05 21:32:04 -0300
Processing by DecksController#index as HTML
  Rendering layout layouts/application.html.erb
  Rendering decks/index.html.erb within layouts/application
  Rendered shared/_landing_header.html.erb (Duration: 2.5ms | Allocations: 731)
  [1m[36mDeck Exists? (0.1ms)[0m  [1m[34mSELECT 1 AS one FROM "decks" LIMIT ?[0m  [["LIMIT", 1]]
  ↳ app/views/decks/index.html.erb:10
  [1m[36mDeck Load (0.0ms)[0m  [1m[34mSELECT "decks".* FROM "decks" ORDER BY "decks"."updated_at" DESC[0m
  ↳ app/views/decks/index.html.erb:12
  [1m[36mFlashcard Load (0.1ms)[0m  [1m[34mSELECT "flashcards".* FROM "flashcards" WHERE "flashcards"."deck_id" IN (?, ?) ORDER BY "flashcards"."position" ASC, "flashcards"."id" ASC[0m  [["deck_id", 8], ["deck_id", 7]]
  ↳ app/views/decks/index.html.erb:12
  Rendered decks/index.html.erb within layouts/application (Duration: 6.2ms | Allocations: 3496)
  Rendered layout layouts/application.html.erb (Duration: 7.9ms | Allocations: 5204)
Completed 200 OK in 10ms (Views: 8.4ms | ActiveRecord: 0.3ms | Allocations: 5511)


Started GET "/decks/8/practice" for 127.0.0.1 at 2026-04-05 21:32:05 -0300
Processing by DecksController#practice as HTML
  Parameters: {"id"=>"8"}
  [1m[36mDeck Load (0.1ms)[0m  [1m[34mSELECT "decks".* FROM "decks" WHERE "decks"."id" = ? LIMIT ?[0m  [["id", 8], ["LIMIT", 1]]
  ↳ app/controllers/decks_controller.rb:46:in `practice'
  [1m[36mFlashcard Load (0.1ms)[0m  [1m[34mSELECT "flashcards".* FROM "flashcards" WHERE "flashcards"."deck_id" = ? ORDER BY "flashcards"."position" ASC, "flashcards"."id" ASC[0m  [["deck_id", 8]]
  ↳ app/controllers/decks_controller.rb:46:in `practice'
  Rendering layout layouts/application.html.erb
  Rendering decks/practice.html.erb within layouts/application
  Rendered shared/_landing_header.html.erb (Duration: 1.4ms | Allocations: 731)
  Rendered shared/_flashcard_flip.html.erb (Duration: 2.2ms | Allocations: 416)
  Rendered decks/practice.html.erb within layouts/application (Duration: 4.8ms | Allocations: 1690)
  Rendered layout layouts/application.html.erb (Duration: 6.7ms | Allocations: 3599)
Completed 200 OK in 11ms (Views: 6.9ms | ActiveRecord: 0.2ms | Allocations: 5652)


Started GET "/decks/new" for 127.0.0.1 at 2026-04-05 21:32:05 -0300
Processing by DecksController#new as HTML
  [1m[36mDeck Exists? (0.1ms)[0m  [1m[34mSELECT 1 AS one FROM "decks" LIMIT ?[0m  [["LIMIT", 1]]
  ↳ app/controllers/decks_controller.rb:29:in `new'
  [1m[36mDeck Maximum (0.1ms)[0m  [1m[34mSELECT MAX("decks"."created_at") FROM "decks"[0m
  ↳ app/controllers/decks_controller.rb:32:in `new'
  Rendering layout layouts/application.html.erb
  Rendering decks/new.html.erb within layouts/application
  Rendered shared/_landing_header.html.erb (Duration: 1.4ms | Allocations: 734)
  Rendered decks/_flashcard_item.html.erb (Duration: 0.0ms | Allocations: 26)
  Rendered decks/_flashcard_item.html.erb (Duration: 0.0ms | Allocations: 14)
  Rendered decks/new.html.erb within layouts/application (Duration: 2.2ms | Allocations: 1418)
  Rendered layout layouts/application.html.erb (Duration: 3.6ms | Allocations: 3130)
Completed 200 OK in 8ms (Views: 3.8ms | ActiveRecord: 0.2ms | Allocations: 4825)


Started GET "/decks/new" for 127.0.0.1 at 2026-04-05 21:33:12 -0300
Processing by DecksController#new as HTML
  [1m[36mDeck Exists? (0.2ms)[0m  [1m[34mSELECT 1 AS one FROM "decks" LIMIT ?[0m  [["LIMIT", 1]]
  ↳ app/controllers/decks_controller.rb:29:in `new'
  [1m[36mDeck Maximum (0.1ms)[0m  [1m[34mSELECT MAX("decks"."created_at") FROM "decks"[0m
  ↳ app/controllers/decks_controller.rb:32:in `new'
  Rendering layout layouts/application.html.erb
  Rendering decks/new.html.erb within layouts/application
  Rendered shared/_landing_header.html.erb (Duration: 2.1ms | Allocations: 1214)
  Rendered decks/_flashcard_item.html.erb (Duration: 0.6ms | Allocations: 373)
  Rendered decks/_flashcard_item.html.erb (Duration: 0.1ms | Allocations: 14)
  Rendered decks/new.html.erb within layouts/application (Duration: 5.4ms | Allocations: 3364)
  Rendered layout layouts/application.html.erb (Duration: 34.6ms | Allocations: 45716)
Completed 200 OK in 51ms (Views: 36.6ms | ActiveRecord: 1.9ms | Allocations: 57995)


Started GET "/decks" for 127.0.0.1 at 2026-04-05 21:36:48 -0300
Processing by DecksController#index as HTML
  Rendering layout layouts/application.html.erb
  Rendering decks/index.html.erb within layouts/application
  Rendered shared/_landing_header.html.erb (Duration: 1.5ms | Allocations: 731)
  [1m[36mDeck Exists? (0.1ms)[0m  [1m[34mSELECT 1 AS one FROM "decks" LIMIT ?[0m  [["LIMIT", 1]]
  ↳ app/views/decks/index.html.erb:10
  [1m[36mDeck Load (0.0ms)[0m  [1m[34mSELECT "decks".* FROM "decks" ORDER BY "decks"."updated_at" DESC[0m
  ↳ app/views/decks/index.html.erb:12
  [1m[36mFlashcard Load (0.2ms)[0m  [1m[34mSELECT "flashcards".* FROM "flashcards" WHERE "flashcards"."deck_id" IN (?, ?) ORDER BY "flashcards"."position" ASC, "flashcards"."id" ASC[0m  [["deck_id", 8], ["deck_id", 7]]
  ↳ app/views/decks/index.html.erb:12
  Rendered decks/index.html.erb within layouts/application (Duration: 5.1ms | Allocations: 4294)
  Rendered layout layouts/application.html.erb (Duration: 34.3ms | Allocations: 47927)
Completed 200 OK in 36ms (Views: 34.4ms | ActiveRecord: 0.3ms | Allocations: 48362)


Started GET "/decks" for 127.0.0.1 at 2026-04-05 21:36:48 -0300
Processing by DecksController#index as HTML
  Rendering layout layouts/application.html.erb
  Rendering decks/index.html.erb within layouts/application
  Rendered shared/_landing_header.html.erb (Duration: 1.4ms | Allocations: 734)
  [1m[36mDeck Exists? (0.1ms)[0m  [1m[34mSELECT 1 AS one FROM "decks" LIMIT ?[0m  [["LIMIT", 1]]
  ↳ app/views/decks/index.html.erb:10
  [1m[36mDeck Load (0.0ms)[0m  [1m[34mSELECT "decks".* FROM "decks" ORDER BY "decks"."updated_at" DESC[0m
  ↳ app/views/decks/index.html.erb:12
  [1m[36mFlashcard Load (0.2ms)[0m  [1m[34mSELECT "flashcards".* FROM "flashcards" WHERE "flashcards"."deck_id" IN (?, ?) ORDER BY "flashcards"."position" ASC, "flashcards"."id" ASC[0m  [["deck_id", 8], ["deck_id", 7]]
  ↳ app/views/decks/index.html.erb:12
  Rendered decks/index.html.erb within layouts/application (Duration: 4.2ms | Allocations: 3487)
  Rendered layout layouts/application.html.erb (Duration: 6.9ms | Allocations: 5196)
Completed 200 OK in 8ms (Views: 7.1ms | ActiveRecord: 0.3ms | Allocations: 5503)


Started GET "/decks/8/edit" for 127.0.0.1 at 2026-04-05 21:36:49 -0300
Processing by DecksController#edit as HTML
  Parameters: {"id"=>"8"}
  [1m[36mDeck Exists? (0.1ms)[0m  [1m[34mSELECT 1 AS one FROM "decks" LIMIT ?[0m  [["LIMIT", 1]]
  ↳ app/controllers/decks_controller.rb:38:in `edit'
  [1m[36mDeck Load (0.1ms)[0m  [1m[34mSELECT "decks".* FROM "decks" WHERE "decks"."id" = ? LIMIT ?[0m  [["id", 8], ["LIMIT", 1]]
  ↳ app/controllers/decks_controller.rb:39:in `edit'
  [1m[36mFlashcard Load (0.1ms)[0m  [1m[34mSELECT "flashcards".* FROM "flashcards" WHERE "flashcards"."deck_id" = ? ORDER BY "flashcards"."position" ASC, "flashcards"."id" ASC[0m  [["deck_id", 8]]
  ↳ app/controllers/decks_controller.rb:39:in `edit'
  Rendering layout layouts/application.html.erb
  Rendering decks/new.html.erb within layouts/application
  Rendered shared/_landing_header.html.erb (Duration: 1.6ms | Allocations: 731)
  Rendered decks/_flashcard_item.html.erb (Duration: 0.0ms | Allocations: 35)
  Rendered decks/_flashcard_item.html.erb (Duration: 0.0ms | Allocations: 26)
  Rendered decks/_flashcard_item.html.erb (Duration: 0.0ms | Allocations: 14)
  Rendered decks/new.html.erb within layouts/application (Duration: 2.7ms | Allocations: 1544)
  Rendered layout layouts/application.html.erb (Duration: 4.3ms | Allocations: 3252)
Completed 200 OK in 10ms (Views: 4.7ms | ActiveRecord: 0.3ms | Allocations: 5891)


Started GET "/decks/8/edit" for 127.0.0.1 at 2026-04-05 21:37:23 -0300
Processing by DecksController#edit as HTML
  Parameters: {"id"=>"8"}
  [1m[36mDeck Exists? (0.2ms)[0m  [1m[34mSELECT 1 AS one FROM "decks" LIMIT ?[0m  [["LIMIT", 1]]
  ↳ app/controllers/decks_controller.rb:38:in `edit'
  [1m[36mDeck Load (0.1ms)[0m  [1m[34mSELECT "decks".* FROM "decks" WHERE "decks"."id" = ? LIMIT ?[0m  [["id", 8], ["LIMIT", 1]]
  ↳ app/controllers/decks_controller.rb:39:in `edit'
  [1m[36mFlashcard Load (0.0ms)[0m  [1m[34mSELECT "flashcards".* FROM "flashcards" WHERE "flashcards"."deck_id" = ? ORDER BY "flashcards"."position" ASC, "flashcards"."id" ASC[0m  [["deck_id", 8]]
  ↳ app/controllers/decks_controller.rb:39:in `edit'
  Rendering layout layouts/application.html.erb
  Rendering decks/new.html.erb within layouts/application
  Rendered shared/_landing_header.html.erb (Duration: 1.7ms | Allocations: 731)
  Rendered decks/_flashcard_item.html.erb (Duration: 0.0ms | Allocations: 35)
  Rendered decks/_flashcard_item.html.erb (Duration: 0.0ms | Allocations: 26)
  Rendered decks/_flashcard_item.html.erb (Duration: 0.0ms | Allocations: 14)
  Rendered decks/new.html.erb within layouts/application (Duration: 2.5ms | Allocations: 1526)
  Rendered layout layouts/application.html.erb (Duration: 4.7ms | Allocations: 3234)
Completed 200 OK in 9ms (Views: 5.0ms | ActiveRecord: 0.2ms | Allocations: 5768)


Started GET "/decks/8/edit" for 127.0.0.1 at 2026-04-05 21:39:59 -0300
Processing by DecksController#edit as HTML
  Parameters: {"id"=>"8"}
  [1m[36mDeck Exists? (0.0ms)[0m  [1m[34mSELECT 1 AS one FROM "decks" LIMIT ?[0m  [["LIMIT", 1]]
  ↳ app/controllers/decks_controller.rb:38:in `edit'
  [1m[36mDeck Load (0.0ms)[0m  [1m[34mSELECT "decks".* FROM "decks" WHERE "decks"."id" = ? LIMIT ?[0m  [["id", 8], ["LIMIT", 1]]
  ↳ app/controllers/decks_controller.rb:39:in `edit'
  [1m[36mFlashcard Load (0.0ms)[0m  [1m[34mSELECT "flashcards".* FROM "flashcards" WHERE "flashcards"."deck_id" = ? ORDER BY "flashcards"."position" ASC, "flashcards"."id" ASC[0m  [["deck_id", 8]]
  ↳ app/controllers/decks_controller.rb:39:in `edit'
  Rendering layout layouts/application.html.erb
  Rendering decks/new.html.erb within layouts/application
  Rendered shared/_landing_header.html.erb (Duration: 1.5ms | Allocations: 1221)
  Rendered decks/_flashcard_item.html.erb (Duration: 0.3ms | Allocations: 381)
  Rendered decks/_flashcard_item.html.erb (Duration: 0.0ms | Allocations: 26)
  Rendered decks/_flashcard_item.html.erb (Duration: 0.0ms | Allocations: 14)
  Rendered decks/new.html.erb within layouts/application (Duration: 3.9ms | Allocations: 3562)
  Rendered layout layouts/application.html.erb (Duration: 24.7ms | Allocations: 47541)
Completed 200 OK in 36ms (Views: 26.9ms | ActiveRecord: 1.5ms | Allocations: 61063)


Started PATCH "/decks/8" for 127.0.0.1 at 2026-04-05 21:40:11 -0300
Processing by DecksController#update as TURBO_STREAM
  Parameters: {"authenticity_token"=>"[FILTERED]", "deck"=>{"title"=>"Biology Basics", "description"=>"Cell and genetics review", "flashcards_attributes"=>{"0"=>{"id"=>"10", "position"=>"0", "term"=>"Cell membrane", "definition"=>"Controls what enters and leaves the cell."}, "1"=>{"id"=>"11", "position"=>"1", "term"=>"Mitosis", "definition"=>"Process that creates two identical daughter cells."}, "2"=>{"position"=>"2", "term"=>"DNA", "definition"=>"Stores genetic information."}}}, "commit_action"=>"import", "id"=>"8"}
  [1m[36mDeck Load (0.1ms)[0m  [1m[34mSELECT "decks".* FROM "decks" WHERE "decks"."id" = ? LIMIT ?[0m  [["id", 8], ["LIMIT", 1]]
  ↳ app/controllers/decks_controller.rb:70:in `update'
  [1m[36mFlashcard Load (0.0ms)[0m  [1m[34mSELECT "flashcards".* FROM "flashcards" WHERE "flashcards"."deck_id" = ? ORDER BY "flashcards"."position" ASC, "flashcards"."id" ASC[0m  [["deck_id", 8]]
  ↳ app/controllers/decks_controller.rb:70:in `update'
  [1m[36mDeck Exists? (0.0ms)[0m  [1m[34mSELECT 1 AS one FROM "decks" LIMIT ?[0m  [["LIMIT", 1]]
  ↳ app/controllers/decks_controller.rb:71:in `update'
  [1m[36mTRANSACTION (0.0ms)[0m  [1m[36mbegin transaction[0m
  ↳ app/controllers/decks_controller.rb:77:in `update'
  [1m[36mDeck Update (0.3ms)[0m  [1m[33mUPDATE "decks" SET "title" = ?, "description" = ?, "updated_at" = ? WHERE "decks"."id" = ?[0m  [["title", "Biology Basics"], ["description", "Cell and genetics review"], ["updated_at", "2026-04-06 00:40:11.958406"], ["id", 8]]
  ↳ app/controllers/decks_controller.rb:77:in `update'
  [1m[36mFlashcard Update (0.0ms)[0m  [1m[33mUPDATE "flashcards" SET "term" = ?, "definition" = ?, "updated_at" = ? WHERE "flashcards"."id" = ?[0m  [["term", "Cell membrane"], ["definition", "Controls what enters and leaves the cell."], ["updated_at", "2026-04-06 00:40:11.959444"], ["id", 10]]
  ↳ app/controllers/decks_controller.rb:77:in `update'
  [1m[36mFlashcard Update (0.0ms)[0m  [1m[33mUPDATE "flashcards" SET "term" = ?, "definition" = ?, "updated_at" = ? WHERE "flashcards"."id" = ?[0m  [["term", "Mitosis"], ["definition", "Process that creates two identical daughter cells."], ["updated_at", "2026-04-06 00:40:11.960173"], ["id", 11]]
  ↳ app/controllers/decks_controller.rb:77:in `update'
  [1m[36mFlashcard Create (0.2ms)[0m  [1m[32mINSERT INTO "flashcards" ("deck_id", "term", "definition", "position", "created_at", "updated_at") VALUES (?, ?, ?, ?, ?, ?) RETURNING "id"[0m  [["deck_id", 8], ["term", "DNA"], ["definition", "Stores genetic information."], ["position", 2], ["created_at", "2026-04-06 00:40:11.960749"], ["updated_at", "2026-04-06 00:40:11.960749"]]
  ↳ app/controllers/decks_controller.rb:77:in `update'
  [1m[36mTRANSACTION (0.5ms)[0m  [1m[36mcommit transaction[0m
  ↳ app/controllers/decks_controller.rb:77:in `update'
Redirected to http://127.0.0.1:3000/decks/8/edit
Completed 302 Found in 9ms (ActiveRecord: 1.3ms | Allocations: 9260)


Started GET "/decks/8/edit" for 127.0.0.1 at 2026-04-05 21:40:11 -0300
Processing by DecksController#edit as TURBO_STREAM
  Parameters: {"id"=>"8"}
  [1m[36mDeck Exists? (0.1ms)[0m  [1m[34mSELECT 1 AS one FROM "decks" LIMIT ?[0m  [["LIMIT", 1]]
  ↳ app/controllers/decks_controller.rb:38:in `edit'
  [1m[36mDeck Load (0.0ms)[0m  [1m[34mSELECT "decks".* FROM "decks" WHERE "decks"."id" = ? LIMIT ?[0m  [["id", 8], ["LIMIT", 1]]
  ↳ app/controllers/decks_controller.rb:39:in `edit'
  [1m[36mFlashcard Load (0.0ms)[0m  [1m[34mSELECT "flashcards".* FROM "flashcards" WHERE "flashcards"."deck_id" = ? ORDER BY "flashcards"."position" ASC, "flashcards"."id" ASC[0m  [["deck_id", 8]]
  ↳ app/controllers/decks_controller.rb:39:in `edit'
  Rendering layout layouts/application.html.erb
  Rendering decks/new.html.erb within layouts/application
  Rendered shared/_landing_header.html.erb (Duration: 1.3ms | Allocations: 735)
  Rendered decks/_flashcard_item.html.erb (Duration: 0.0ms | Allocations: 35)
  Rendered decks/_flashcard_item.html.erb (Duration: 0.0ms | Allocations: 26)
  Rendered decks/_flashcard_item.html.erb (Duration: 0.0ms | Allocations: 26)
  Rendered decks/_flashcard_item.html.erb (Duration: 0.0ms | Allocations: 14)
  Rendered decks/new.html.erb within layouts/application (Duration: 2.1ms | Allocations: 1702)
  Rendered layout layouts/application.html.erb (Duration: 4.0ms | Allocations: 3415)
Completed 200 OK in 7ms (Views: 4.3ms | ActiveRecord: 0.2ms | Allocations: 6034)


Started GET "/decks" for 127.0.0.1 at 2026-04-05 21:40:36 -0300
Processing by DecksController#index as HTML
  Rendering layout layouts/application.html.erb
  Rendering decks/index.html.erb within layouts/application
  Rendered shared/_landing_header.html.erb (Duration: 1.5ms | Allocations: 731)
  [1m[36mDeck Exists? (0.1ms)[0m  [1m[34mSELECT 1 AS one FROM "decks" LIMIT ?[0m  [["LIMIT", 1]]
  ↳ app/views/decks/index.html.erb:10
  [1m[36mDeck Load (0.0ms)[0m  [1m[34mSELECT "decks".* FROM "decks" ORDER BY "decks"."updated_at" DESC[0m
  ↳ app/views/decks/index.html.erb:12
  [1m[36mFlashcard Load (0.1ms)[0m  [1m[34mSELECT "flashcards".* FROM "flashcards" WHERE "flashcards"."deck_id" IN (?, ?) ORDER BY "flashcards"."position" ASC, "flashcards"."id" ASC[0m  [["deck_id", 8], ["deck_id", 7]]
  ↳ app/views/decks/index.html.erb:12
  Rendered decks/index.html.erb within layouts/application (Duration: 4.2ms | Allocations: 3943)
  Rendered layout layouts/application.html.erb (Duration: 6.1ms | Allocations: 5655)
Completed 200 OK in 8ms (Views: 6.1ms | ActiveRecord: 0.2ms | Allocations: 6045)


Started DELETE "/decks/8" for 127.0.0.1 at 2026-04-05 21:41:14 -0300
Processing by DecksController#destroy as TURBO_STREAM
  Parameters: {"authenticity_token"=>"[FILTERED]", "id"=>"8"}
  [1m[36mDeck Load (0.0ms)[0m  [1m[34mSELECT "decks".* FROM "decks" WHERE "decks"."id" = ? LIMIT ?[0m  [["id", 8], ["LIMIT", 1]]
  ↳ app/controllers/decks_controller.rb:91:in `destroy'
  [1m[36mTRANSACTION (0.0ms)[0m  [1m[36mbegin transaction[0m
  ↳ app/controllers/decks_controller.rb:92:in `destroy'
  [1m[36mFlashcard Load (0.0ms)[0m  [1m[34mSELECT "flashcards".* FROM "flashcards" WHERE "flashcards"."deck_id" = ? ORDER BY "flashcards"."position" ASC, "flashcards"."id" ASC[0m  [["deck_id", 8]]
  ↳ app/controllers/decks_controller.rb:92:in `destroy'
  [1m[36mFlashcard Destroy (0.0ms)[0m  [1m[31mDELETE FROM "flashcards" WHERE "flashcards"."id" = ?[0m  [["id", 10]]
  ↳ app/controllers/decks_controller.rb:92:in `destroy'
  [1m[36mFlashcard Destroy (0.0ms)[0m  [1m[31mDELETE FROM "flashcards" WHERE "flashcards"."id" = ?[0m  [["id", 11]]
  ↳ app/controllers/decks_controller.rb:92:in `destroy'
  [1m[36mFlashcard Destroy (0.0ms)[0m  [1m[31mDELETE FROM "flashcards" WHERE "flashcards"."id" = ?[0m  [["id", 12]]
  ↳ app/controllers/decks_controller.rb:92:in `destroy'
  [1m[36mDeck Destroy (0.0ms)[0m  [1m[31mDELETE FROM "decks" WHERE "decks"."id" = ?[0m  [["id", 8]]
  ↳ app/controllers/decks_controller.rb:92:in `destroy'
  [1m[36mTRANSACTION (0.4ms)[0m  [1m[36mcommit transaction[0m
  ↳ app/controllers/decks_controller.rb:92:in `destroy'
Redirected to http://127.0.0.1:3000/decks
Completed 302 Found in 15ms (ActiveRecord: 2.5ms | Allocations: 16761)


Started GET "/decks" for 127.0.0.1 at 2026-04-05 21:41:14 -0300
Processing by DecksController#index as TURBO_STREAM
  Rendering layout layouts/application.html.erb
  Rendering decks/index.html.erb within layouts/application
  Rendered shared/_landing_header.html.erb (Duration: 1.7ms | Allocations: 1217)
  [1m[36mDeck Exists? (0.1ms)[0m  [1m[34mSELECT 1 AS one FROM "decks" LIMIT ?[0m  [["LIMIT", 1]]
  ↳ app/views/decks/index.html.erb:10
  [1m[36mDeck Load (0.0ms)[0m  [1m[34mSELECT "decks".* FROM "decks" ORDER BY "decks"."updated_at" DESC[0m
  ↳ app/views/decks/index.html.erb:12
  [1m[36mFlashcard Load (0.0ms)[0m  [1m[34mSELECT "flashcards".* FROM "flashcards" WHERE "flashcards"."deck_id" = ? ORDER BY "flashcards"."position" ASC, "flashcards"."id" ASC[0m  [["deck_id", 7]]
  ↳ app/views/decks/index.html.erb:12
  Rendered decks/index.html.erb within layouts/application (Duration: 4.9ms | Allocations: 4876)
  Rendered layout layouts/application.html.erb (Duration: 20.6ms | Allocations: 47242)
Completed 200 OK in 24ms (Views: 22.3ms | ActiveRecord: 0.1ms | Allocations: 48412)


Started GET "/decks/new" for 127.0.0.1 at 2026-04-05 21:41:15 -0300
Processing by DecksController#new as HTML
  [1m[36mDeck Exists? (0.1ms)[0m  [1m[34mSELECT 1 AS one FROM "decks" LIMIT ?[0m  [["LIMIT", 1]]
  ↳ app/controllers/decks_controller.rb:29:in `new'
  [1m[36mDeck Maximum (0.2ms)[0m  [1m[34mSELECT MAX("decks"."created_at") FROM "decks"[0m
  ↳ app/controllers/decks_controller.rb:32:in `new'
  Rendering layout layouts/application.html.erb
  Rendering decks/new.html.erb within layouts/application
  Rendered shared/_landing_header.html.erb (Duration: 2.0ms | Allocations: 734)
  Rendered decks/_flashcard_item.html.erb (Duration: 0.4ms | Allocations: 370)
  Rendered decks/_flashcard_item.html.erb (Duration: 0.0ms | Allocations: 14)
  Rendered decks/new.html.erb within layouts/application (Duration: 5.1ms | Allocations: 2738)
  Rendered layout layouts/application.html.erb (Duration: 6.7ms | Allocations: 4457)
Completed 200 OK in 13ms (Views: 7.1ms | ActiveRecord: 0.3ms | Allocations: 6375)


Started POST "/decks" for 127.0.0.1 at 2026-04-05 21:41:32 -0300
Processing by DecksController#create as TURBO_STREAM
  Parameters: {"authenticity_token"=>"[FILTERED]", "deck"=>{"title"=>"Biology Basics", "description"=>"Cell and genetics review", "flashcards_attributes"=>{"0"=>{"position"=>"0", "term"=>"Cell membrane", "definition"=>"Controls what enters and leaves the cell."}, "1"=>{"position"=>"1", "term"=>"Mitosis", "definition"=>"Process that creates two identical daughter cells."}, "2"=>{"position"=>"2", "term"=>"DNA", "definition"=>"Stores genetic information."}}}, "commit_action"=>"import"}
  [1m[36mTRANSACTION (0.0ms)[0m  [1m[36mbegin transaction[0m
  ↳ app/controllers/decks_controller.rb:53:in `create'
  [1m[36mDeck Create (0.7ms)[0m  [1m[32mINSERT INTO "decks" ("title", "description", "created_at", "updated_at") VALUES (?, ?, ?, ?) RETURNING "id"[0m  [["title", "Biology Basics"], ["description", "Cell and genetics review"], ["created_at", "2026-04-06 00:41:32.050017"], ["updated_at", "2026-04-06 00:41:32.050017"]]
  ↳ app/controllers/decks_controller.rb:53:in `create'
  [1m[36mFlashcard Create (0.1ms)[0m  [1m[32mINSERT INTO "flashcards" ("deck_id", "term", "definition", "position", "created_at", "updated_at") VALUES (?, ?, ?, ?, ?, ?) RETURNING "id"[0m  [["deck_id", 9], ["term", "Cell membrane"], ["definition", "Controls what enters and leaves the cell."], ["position", 0], ["created_at", "2026-04-06 00:41:32.051825"], ["updated_at", "2026-04-06 00:41:32.051825"]]
  ↳ app/controllers/decks_controller.rb:53:in `create'
  [1m[36mFlashcard Create (0.1ms)[0m  [1m[32mINSERT INTO "flashcards" ("deck_id", "term", "definition", "position", "created_at", "updated_at") VALUES (?, ?, ?, ?, ?, ?) RETURNING "id"[0m  [["deck_id", 9], ["term", "Mitosis"], ["definition", "Process that creates two identical daughter cells."], ["position", 1], ["created_at", "2026-04-06 00:41:32.052990"], ["updated_at", "2026-04-06 00:41:32.052990"]]
  ↳ app/controllers/decks_controller.rb:53:in `create'
  [1m[36mFlashcard Create (0.1ms)[0m  [1m[32mINSERT INTO "flashcards" ("deck_id", "term", "definition", "position", "created_at", "updated_at") VALUES (?, ?, ?, ?, ?, ?) RETURNING "id"[0m  [["deck_id", 9], ["term", "DNA"], ["definition", "Stores genetic information."], ["position", 2], ["created_at", "2026-04-06 00:41:32.053802"], ["updated_at", "2026-04-06 00:41:32.053802"]]
  ↳ app/controllers/decks_controller.rb:53:in `create'
  [1m[36mTRANSACTION (0.1ms)[0m  [1m[36mcommit transaction[0m
  ↳ app/controllers/decks_controller.rb:53:in `create'
Redirected to http://127.0.0.1:3000/decks/9/edit
Completed 302 Found in 9ms (ActiveRecord: 1.0ms | Allocations: 6794)


Started GET "/decks/9/edit" for 127.0.0.1 at 2026-04-05 21:41:32 -0300
Processing by DecksController#edit as TURBO_STREAM
  Parameters: {"id"=>"9"}
  [1m[36mDeck Exists? (0.1ms)[0m  [1m[34mSELECT 1 AS one FROM "decks" LIMIT ?[0m  [["LIMIT", 1]]
  ↳ app/controllers/decks_controller.rb:38:in `edit'
  [1m[36mDeck Load (0.0ms)[0m  [1m[34mSELECT "decks".* FROM "decks" WHERE "decks"."id" = ? LIMIT ?[0m  [["id", 9], ["LIMIT", 1]]
  ↳ app/controllers/decks_controller.rb:39:in `edit'
  [1m[36mFlashcard Load (0.0ms)[0m  [1m[34mSELECT "flashcards".* FROM "flashcards" WHERE "flashcards"."deck_id" = ? ORDER BY "flashcards"."position" ASC, "flashcards"."id" ASC[0m  [["deck_id", 9]]
  ↳ app/controllers/decks_controller.rb:39:in `edit'
  Rendering layout layouts/application.html.erb
  Rendering decks/new.html.erb within layouts/application
  Rendered shared/_landing_header.html.erb (Duration: 1.6ms | Allocations: 731)
  Rendered decks/_flashcard_item.html.erb (Duration: 0.0ms | Allocations: 35)
  Rendered decks/_flashcard_item.html.erb (Duration: 0.0ms | Allocations: 26)
  Rendered decks/_flashcard_item.html.erb (Duration: 0.0ms | Allocations: 26)
  Rendered decks/_flashcard_item.html.erb (Duration: 0.0ms | Allocations: 14)
  Rendered decks/new.html.erb within layouts/application (Duration: 2.5ms | Allocations: 1637)
  Rendered layout layouts/application.html.erb (Duration: 4.5ms | Allocations: 3345)
Completed 200 OK in 8ms (Views: 4.8ms | ActiveRecord: 0.1ms | Allocations: 5931)


Started GET "/decks" for 127.0.0.1 at 2026-04-05 21:41:37 -0300
Processing by DecksController#index as HTML
  Rendering layout layouts/application.html.erb
  Rendering decks/index.html.erb within layouts/application
  Rendered shared/_landing_header.html.erb (Duration: 1.9ms | Allocations: 731)
  [1m[36mDeck Exists? (0.1ms)[0m  [1m[34mSELECT 1 AS one FROM "decks" LIMIT ?[0m  [["LIMIT", 1]]
  ↳ app/views/decks/index.html.erb:10
  [1m[36mDeck Load (0.1ms)[0m  [1m[34mSELECT "decks".* FROM "decks" ORDER BY "decks"."updated_at" DESC[0m
  ↳ app/views/decks/index.html.erb:12
  [1m[36mFlashcard Load (0.1ms)[0m  [1m[34mSELECT "flashcards".* FROM "flashcards" WHERE "flashcards"."deck_id" IN (?, ?) ORDER BY "flashcards"."position" ASC, "flashcards"."id" ASC[0m  [["deck_id", 9], ["deck_id", 7]]
  ↳ app/views/decks/index.html.erb:12
  Rendered decks/index.html.erb within layouts/application (Duration: 5.3ms | Allocations: 3500)
  Rendered layout layouts/application.html.erb (Duration: 7.0ms | Allocations: 5208)
Completed 200 OK in 9ms (Views: 7.2ms | ActiveRecord: 0.3ms | Allocations: 5524)


Started GET "/decks" for 127.0.0.1 at 2026-04-05 21:41:38 -0300
Processing by DecksController#index as HTML
  Rendering layout layouts/application.html.erb
  Rendering decks/index.html.erb within layouts/application
  Rendered shared/_landing_header.html.erb (Duration: 2.0ms | Allocations: 731)
  [1m[36mDeck Exists? (0.1ms)[0m  [1m[34mSELECT 1 AS one FROM "decks" LIMIT ?[0m  [["LIMIT", 1]]
  ↳ app/views/decks/index.html.erb:10
  [1m[36mDeck Load (0.1ms)[0m  [1m[34mSELECT "decks".* FROM "decks" ORDER BY "decks"."updated_at" DESC[0m
  ↳ app/views/decks/index.html.erb:12
  [1m[36mFlashcard Load (0.2ms)[0m  [1m[34mSELECT "flashcards".* FROM "flashcards" WHERE "flashcards"."deck_id" IN (?, ?) ORDER BY "flashcards"."position" ASC, "flashcards"."id" ASC[0m  [["deck_id", 9], ["deck_id", 7]]
  ↳ app/views/decks/index.html.erb:12
  Rendered decks/index.html.erb within layouts/application (Duration: 6.9ms | Allocations: 3496)
  Rendered layout layouts/application.html.erb (Duration: 10.0ms | Allocations: 5204)
Completed 200 OK in 12ms (Views: 10.1ms | ActiveRecord: 0.3ms | Allocations: 5512)


Started GET "/decks" for 127.0.0.1 at 2026-04-05 21:41:42 -0300
Processing by DecksController#index as HTML
  Rendering layout layouts/application.html.erb
  Rendering decks/index.html.erb within layouts/application
  Rendered shared/_landing_header.html.erb (Duration: 2.5ms | Allocations: 731)
  [1m[36mDeck Exists? (0.3ms)[0m  [1m[34mSELECT 1 AS one FROM "decks" LIMIT ?[0m  [["LIMIT", 1]]
  ↳ app/views/decks/index.html.erb:10
  [1m[36mDeck Load (0.1ms)[0m  [1m[34mSELECT "decks".* FROM "decks" ORDER BY "decks"."updated_at" DESC[0m
  ↳ app/views/decks/index.html.erb:12
  [1m[36mFlashcard Load (0.4ms)[0m  [1m[34mSELECT "flashcards".* FROM "flashcards" WHERE "flashcards"."deck_id" IN (?, ?) ORDER BY "flashcards"."position" ASC, "flashcards"."id" ASC[0m  [["deck_id", 9], ["deck_id", 7]]
  ↳ app/views/decks/index.html.erb:12
  Rendered decks/index.html.erb within layouts/application (Duration: 8.3ms | Allocations: 3481)
  Rendered layout layouts/application.html.erb (Duration: 12.2ms | Allocations: 5189)
Completed 200 OK in 14ms (Views: 12.1ms | ActiveRecord: 0.8ms | Allocations: 5496)


Started GET "/decks" for 127.0.0.1 at 2026-04-05 21:43:21 -0300
Processing by DecksController#index as HTML
  Rendering layout layouts/application.html.erb
  Rendering decks/index.html.erb within layouts/application
  Rendered shared/_landing_header.html.erb (Duration: 1.5ms | Allocations: 1219)
  [1m[36mDeck Exists? (0.2ms)[0m  [1m[34mSELECT 1 AS one FROM "decks" LIMIT ?[0m  [["LIMIT", 1]]
  ↳ app/views/decks/index.html.erb:13
  [1m[36mDeck Load (0.1ms)[0m  [1m[34mSELECT "decks".* FROM "decks" ORDER BY "decks"."updated_at" DESC[0m
  ↳ app/views/decks/index.html.erb:15
  [1m[36mFlashcard Load (0.1ms)[0m  [1m[34mSELECT "flashcards".* FROM "flashcards" WHERE "flashcards"."deck_id" IN (?, ?) ORDER BY "flashcards"."position" ASC, "flashcards"."id" ASC[0m  [["deck_id", 9], ["deck_id", 7]]
  ↳ app/views/decks/index.html.erb:15
  Rendered decks/index.html.erb within layouts/application (Duration: 13.3ms | Allocations: 13018)
  Rendered layout layouts/application.html.erb (Duration: 47.1ms | Allocations: 57232)
Completed 200 OK in 54ms (Views: 47.8ms | ActiveRecord: 2.5ms | Allocations: 60435)


Started GET "/decks/7/edit" for 127.0.0.1 at 2026-04-05 21:43:22 -0300
Processing by DecksController#edit as HTML
  Parameters: {"id"=>"7"}
  [1m[36mDeck Exists? (0.2ms)[0m  [1m[34mSELECT 1 AS one FROM "decks" LIMIT ?[0m  [["LIMIT", 1]]
  ↳ app/controllers/decks_controller.rb:38:in `edit'
  [1m[36mDeck Load (0.1ms)[0m  [1m[34mSELECT "decks".* FROM "decks" WHERE "decks"."id" = ? LIMIT ?[0m  [["id", 7], ["LIMIT", 1]]
  ↳ app/controllers/decks_controller.rb:39:in `edit'
  [1m[36mFlashcard Load (0.1ms)[0m  [1m[34mSELECT "flashcards".* FROM "flashcards" WHERE "flashcards"."deck_id" = ? ORDER BY "flashcards"."position" ASC, "flashcards"."id" ASC[0m  [["deck_id", 7]]
  ↳ app/controllers/decks_controller.rb:39:in `edit'
  Rendering layout layouts/application.html.erb
  Rendering decks/new.html.erb within layouts/application
  Rendered shared/_landing_header.html.erb (Duration: 1.3ms | Allocations: 745)
  Rendered decks/_flashcard_item.html.erb (Duration: 0.4ms | Allocations: 381)
  Rendered decks/_flashcard_item.html.erb (Duration: 0.0ms | Allocations: 14)
  Rendered decks/new.html.erb within layouts/application (Duration: 3.8ms | Allocations: 2862)
  Rendered layout layouts/application.html.erb (Duration: 5.5ms | Allocations: 4572)
Completed 200 OK in 12ms (Views: 6.2ms | ActiveRecord: 0.4ms | Allocations: 7349)


Started DELETE "/decks/9" for 127.0.0.1 at 2026-04-05 21:43:23 -0300
Processing by DecksController#destroy as TURBO_STREAM
  Parameters: {"authenticity_token"=>"[FILTERED]", "id"=>"9"}
  [1m[36mDeck Load (0.1ms)[0m  [1m[34mSELECT "decks".* FROM "decks" WHERE "decks"."id" = ? LIMIT ?[0m  [["id", 9], ["LIMIT", 1]]
  ↳ app/controllers/decks_controller.rb:99:in `destroy'
  [1m[36mTRANSACTION (0.0ms)[0m  [1m[36mbegin transaction[0m
  ↳ app/controllers/decks_controller.rb:100:in `destroy'
  [1m[36mFlashcard Load (0.9ms)[0m  [1m[34mSELECT "flashcards".* FROM "flashcards" WHERE "flashcards"."deck_id" = ? ORDER BY "flashcards"."position" ASC, "flashcards"."id" ASC[0m  [["deck_id", 9]]
  ↳ app/controllers/decks_controller.rb:100:in `destroy'
  [1m[36mFlashcard Destroy (0.1ms)[0m  [1m[31mDELETE FROM "flashcards" WHERE "flashcards"."id" = ?[0m  [["id", 13]]
  ↳ app/controllers/decks_controller.rb:100:in `destroy'
  [1m[36mFlashcard Destroy (0.0ms)[0m  [1m[31mDELETE FROM "flashcards" WHERE "flashcards"."id" = ?[0m  [["id", 14]]
  ↳ app/controllers/decks_controller.rb:100:in `destroy'
  [1m[36mFlashcard Destroy (0.0ms)[0m  [1m[31mDELETE FROM "flashcards" WHERE "flashcards"."id" = ?[0m  [["id", 15]]
  ↳ app/controllers/decks_controller.rb:100:in `destroy'
  [1m[36mDeck Destroy (0.0ms)[0m  [1m[31mDELETE FROM "decks" WHERE "decks"."id" = ?[0m  [["id", 9]]
  ↳ app/controllers/decks_controller.rb:100:in `destroy'
  [1m[36mTRANSACTION (0.7ms)[0m  [1m[36mcommit transaction[0m
  ↳ app/controllers/decks_controller.rb:100:in `destroy'
Redirected to http://127.0.0.1:3000/decks
Completed 302 Found in 8ms (ActiveRecord: 1.9ms | Allocations: 6828)


Started GET "/decks" for 127.0.0.1 at 2026-04-05 21:43:23 -0300
Processing by DecksController#index as TURBO_STREAM
  Rendering layout layouts/application.html.erb
  Rendering decks/index.html.erb within layouts/application
  Rendered shared/_landing_header.html.erb (Duration: 1.1ms | Allocations: 734)
  [1m[36mDeck Exists? (0.1ms)[0m  [1m[34mSELECT 1 AS one FROM "decks" LIMIT ?[0m  [["LIMIT", 1]]
  ↳ app/views/decks/index.html.erb:13
  [1m[36mDeck Load (0.0ms)[0m  [1m[34mSELECT "decks".* FROM "decks" ORDER BY "decks"."updated_at" DESC[0m
  ↳ app/views/decks/index.html.erb:15
  [1m[36mFlashcard Load (0.0ms)[0m  [1m[34mSELECT "flashcards".* FROM "flashcards" WHERE "flashcards"."deck_id" = ? ORDER BY "flashcards"."position" ASC, "flashcards"."id" ASC[0m  [["deck_id", 7]]
  ↳ app/views/decks/index.html.erb:15
  Rendered decks/index.html.erb within layouts/application (Duration: 2.9ms | Allocations: 3369)
  Rendered layout layouts/application.html.erb (Duration: 4.3ms | Allocations: 5082)
Completed 200 OK in 5ms (Views: 4.4ms | ActiveRecord: 0.1ms | Allocations: 5447)


Started GET "/decks/new" for 127.0.0.1 at 2026-04-05 21:43:24 -0300
Processing by DecksController#new as HTML
  [1m[36mDeck Exists? (0.1ms)[0m  [1m[34mSELECT 1 AS one FROM "decks" LIMIT ?[0m  [["LIMIT", 1]]
  ↳ app/controllers/decks_controller.rb:29:in `new'
  [1m[36mDeck Maximum (0.1ms)[0m  [1m[34mSELECT MAX("decks"."created_at") FROM "decks"[0m
  ↳ app/controllers/decks_controller.rb:32:in `new'
  Rendering layout layouts/application.html.erb
  Rendering decks/new.html.erb within layouts/application
  Rendered shared/_landing_header.html.erb (Duration: 1.9ms | Allocations: 731)
  Rendered decks/_flashcard_item.html.erb (Duration: 0.0ms | Allocations: 26)
  Rendered decks/_flashcard_item.html.erb (Duration: 0.0ms | Allocations: 14)
  Rendered decks/new.html.erb within layouts/application (Duration: 2.8ms | Allocations: 1421)
  Rendered layout layouts/application.html.erb (Duration: 4.7ms | Allocations: 3133)
Completed 200 OK in 10ms (Views: 5.0ms | ActiveRecord: 0.2ms | Allocations: 4919)


Started GET "/decks/new" for 127.0.0.1 at 2026-04-05 21:43:38 -0300
Processing by DecksController#new as HTML
  [1m[36mDeck Exists? (0.1ms)[0m  [1m[34mSELECT 1 AS one FROM "decks" LIMIT ?[0m  [["LIMIT", 1]]
  ↳ app/controllers/decks_controller.rb:29:in `new'
  [1m[36mDeck Maximum (0.0ms)[0m  [1m[34mSELECT MAX("decks"."created_at") FROM "decks"[0m
  ↳ app/controllers/decks_controller.rb:32:in `new'
  Rendering layout layouts/application.html.erb
  Rendering decks/new.html.erb within layouts/application
  Rendered shared/_landing_header.html.erb (Duration: 1.2ms | Allocations: 731)
  Rendered decks/_flashcard_item.html.erb (Duration: 0.1ms | Allocations: 26)
  Rendered decks/_flashcard_item.html.erb (Duration: 0.0ms | Allocations: 14)
  Rendered decks/new.html.erb within layouts/application (Duration: 2.5ms | Allocations: 1411)
  Rendered layout layouts/application.html.erb (Duration: 4.7ms | Allocations: 3123)
Completed 200 OK in 7ms (Views: 5.0ms | ActiveRecord: 0.1ms | Allocations: 4812)


Started GET "/decks" for 127.0.0.1 at 2026-04-05 21:43:42 -0300
Processing by DecksController#index as HTML
  Rendering layout layouts/application.html.erb
  Rendering decks/index.html.erb within layouts/application
  Rendered shared/_landing_header.html.erb (Duration: 2.6ms | Allocations: 731)
  [1m[36mDeck Exists? (0.2ms)[0m  [1m[34mSELECT 1 AS one FROM "decks" LIMIT ?[0m  [["LIMIT", 1]]
  ↳ app/views/decks/index.html.erb:13
  [1m[36mDeck Load (0.1ms)[0m  [1m[34mSELECT "decks".* FROM "decks" ORDER BY "decks"."updated_at" DESC[0m
  ↳ app/views/decks/index.html.erb:15
  [1m[36mFlashcard Load (0.0ms)[0m  [1m[34mSELECT "flashcards".* FROM "flashcards" WHERE "flashcards"."deck_id" = ? ORDER BY "flashcards"."position" ASC, "flashcards"."id" ASC[0m  [["deck_id", 7]]
  ↳ app/views/decks/index.html.erb:15
  Rendered decks/index.html.erb within layouts/application (Duration: 7.2ms | Allocations: 3314)
  Rendered layout layouts/application.html.erb (Duration: 9.1ms | Allocations: 5022)
Completed 200 OK in 12ms (Views: 9.4ms | ActiveRecord: 0.3ms | Allocations: 5329)


Started GET "/decks/new" for 127.0.0.1 at 2026-04-05 21:43:43 -0300
Processing by DecksController#new as HTML
  [1m[36mDeck Exists? (0.1ms)[0m  [1m[34mSELECT 1 AS one FROM "decks" LIMIT ?[0m  [["LIMIT", 1]]
  ↳ app/controllers/decks_controller.rb:29:in `new'
  [1m[36mDeck Maximum (0.1ms)[0m  [1m[34mSELECT MAX("decks"."created_at") FROM "decks"[0m
  ↳ app/controllers/decks_controller.rb:32:in `new'
  Rendering layout layouts/application.html.erb
  Rendering decks/new.html.erb within layouts/application
  Rendered shared/_landing_header.html.erb (Duration: 2.3ms | Allocations: 731)
  Rendered decks/_flashcard_item.html.erb (Duration: 0.0ms | Allocations: 26)
  Rendered decks/_flashcard_item.html.erb (Duration: 0.0ms | Allocations: 14)
  Rendered decks/new.html.erb within layouts/application (Duration: 3.7ms | Allocations: 1426)
  Rendered layout layouts/application.html.erb (Duration: 5.8ms | Allocations: 3138)
Completed 200 OK in 10ms (Views: 6.3ms | ActiveRecord: 0.2ms | Allocations: 4828)


Started GET "/.well-known/appspecific/com.chrome.devtools.json" for 127.0.0.1 at 2026-04-05 21:43:54 -0300
  
ActionController::RoutingError (No route matches [GET] "/.well-known/appspecific/com.chrome.devtools.json"):
  
Started GET "/decks/new" for 127.0.0.1 at 2026-04-05 21:44:49 -0300
Processing by DecksController#new as HTML
  [1m[36mDeck Exists? (0.1ms)[0m  [1m[34mSELECT 1 AS one FROM "decks" LIMIT ?[0m  [["LIMIT", 1]]
  ↳ app/controllers/decks_controller.rb:29:in `new'
  [1m[36mDeck Maximum (0.0ms)[0m  [1m[34mSELECT MAX("decks"."created_at") FROM "decks"[0m
  ↳ app/controllers/decks_controller.rb:32:in `new'
  Rendering layout layouts/application.html.erb
  Rendering decks/new.html.erb within layouts/application
  Rendered shared/_landing_header.html.erb (Duration: 2.3ms | Allocations: 1221)
  Rendered decks/_flashcard_item.html.erb (Duration: 0.5ms | Allocations: 373)
  Rendered decks/_flashcard_item.html.erb (Duration: 0.0ms | Allocations: 14)
  Rendered decks/new.html.erb within layouts/application (Duration: 6.1ms | Allocations: 3430)
  Rendered layout layouts/application.html.erb (Duration: 30.0ms | Allocations: 47374)
Completed 200 OK in 45ms (Views: 32.2ms | ActiveRecord: 2.0ms | Allocations: 59652)


Started GET "/decks" for 127.0.0.1 at 2026-04-05 21:44:51 -0300
Processing by DecksController#index as HTML
  Rendering layout layouts/application.html.erb
  Rendering decks/index.html.erb within layouts/application
  Rendered shared/_landing_header.html.erb (Duration: 1.8ms | Allocations: 734)
  [1m[36mDeck Exists? (0.1ms)[0m  [1m[34mSELECT 1 AS one FROM "decks" LIMIT ?[0m  [["LIMIT", 1]]
  ↳ app/views/decks/index.html.erb:13
  [1m[36mDeck Load (0.0ms)[0m  [1m[34mSELECT "decks".* FROM "decks" ORDER BY "decks"."updated_at" DESC[0m
  ↳ app/views/decks/index.html.erb:15
  [1m[36mFlashcard Load (0.1ms)[0m  [1m[34mSELECT "flashcards".* FROM "flashcards" WHERE "flashcards"."deck_id" = ? ORDER BY "flashcards"."position" ASC, "flashcards"."id" ASC[0m  [["deck_id", 7]]
  ↳ app/views/decks/index.html.erb:15
  Rendered decks/index.html.erb within layouts/application (Duration: 5.3ms | Allocations: 4202)
  Rendered layout layouts/application.html.erb (Duration: 7.3ms | Allocations: 5911)
Completed 200 OK in 10ms (Views: 7.7ms | ActiveRecord: 0.2ms | Allocations: 6346)


Started GET "/decks/new" for 127.0.0.1 at 2026-04-05 21:44:52 -0300
Processing by DecksController#new as HTML
  [1m[36mDeck Exists? (0.1ms)[0m  [1m[34mSELECT 1 AS one FROM "decks" LIMIT ?[0m  [["LIMIT", 1]]
  ↳ app/controllers/decks_controller.rb:29:in `new'
  [1m[36mDeck Maximum (0.0ms)[0m  [1m[34mSELECT MAX("decks"."created_at") FROM "decks"[0m
  ↳ app/controllers/decks_controller.rb:32:in `new'
  Rendering layout layouts/application.html.erb
  Rendering decks/new.html.erb within layouts/application
  Rendered shared/_landing_header.html.erb (Duration: 1.8ms | Allocations: 731)
  Rendered decks/_flashcard_item.html.erb (Duration: 0.1ms | Allocations: 26)
  Rendered decks/_flashcard_item.html.erb (Duration: 0.0ms | Allocations: 14)
  Rendered decks/new.html.erb within layouts/application (Duration: 3.3ms | Allocations: 1433)
  Rendered layout layouts/application.html.erb (Duration: 6.0ms | Allocations: 3145)
Completed 200 OK in 10ms (Views: 6.4ms | ActiveRecord: 0.2ms | Allocations: 4900)


Started POST "/decks" for 127.0.0.1 at 2026-04-05 21:45:00 -0300
Processing by DecksController#create as TURBO_STREAM
  Parameters: {"authenticity_token"=>"[FILTERED]", "deck"=>{"title"=>"", "description"=>"", "flashcards_attributes"=>{"0"=>{"position"=>"0", "term"=>"", "definition"=>""}}}, "import_payload"=>"{\n  \"decks\": [\n    {\n      \"title\": \"Biology Basics\",\n      \"description\": \"Cell and genetics review\",\n      \"flashcards\": [\n        {\n          \"term\": \"Cell membrane\",\n          \"definition\": \"Controls what enters and leaves the cell.\"\n        },\n        {\n          \"term\": \"Mitosis\",\n          \"definition\": \"Process that creates two identical daughter cells.\"\n        },\n        {\n          \"term\": \"DNA\",\n          \"definition\": \"Stores genetic information.\"\n        }\n      ]\n    },\n    {\n      \"title\": \"Astronomy 101\",\n      \"description\": \"Solar system essentials\",\n      \"flashcards\": [\n        {\n          \"term\": \"Sun\",\n          \"definition\": \"The star at the center of the Solar System.\"\n        },\n        {\n          \"term\": \"Earth\",\n          \"definition\": \"The third planet from the Sun.\"\n        }\n      ]\n    }\n  ]\n}\n", "commit_action"=>"import"}
  [1m[36mTRANSACTION (0.0ms)[0m  [1m[36mbegin transaction[0m
  ↳ app/controllers/decks_controller.rb:195:in `block (2 levels) in import_decks_from_payload'
  [1m[36mDeck Create (0.5ms)[0m  [1m[32mINSERT INTO "decks" ("title", "description", "created_at", "updated_at") VALUES (?, ?, ?, ?) RETURNING "id"[0m  [["title", "Biology Basics"], ["description", "Cell and genetics review"], ["created_at", "2026-04-06 00:45:00.151269"], ["updated_at", "2026-04-06 00:45:00.151269"]]
  ↳ app/controllers/decks_controller.rb:195:in `block (2 levels) in import_decks_from_payload'
  [1m[36mFlashcard Create (0.0ms)[0m  [1m[32mINSERT INTO "flashcards" ("deck_id", "term", "definition", "position", "created_at", "updated_at") VALUES (?, ?, ?, ?, ?, ?) RETURNING "id"[0m  [["deck_id", 10], ["term", "Cell membrane"], ["definition", "Controls what enters and leaves the cell."], ["position", 0], ["created_at", "2026-04-06 00:45:00.152516"], ["updated_at", "2026-04-06 00:45:00.152516"]]
  ↳ app/controllers/decks_controller.rb:195:in `block (2 levels) in import_decks_from_payload'
  [1m[36mFlashcard Create (0.0ms)[0m  [1m[32mINSERT INTO "flashcards" ("deck_id", "term", "definition", "position", "created_at", "updated_at") VALUES (?, ?, ?, ?, ?, ?) RETURNING "id"[0m  [["deck_id", 10], ["term", "Mitosis"], ["definition", "Process that creates two identical daughter cells."], ["position", 1], ["created_at", "2026-04-06 00:45:00.153098"], ["updated_at", "2026-04-06 00:45:00.153098"]]
  ↳ app/controllers/decks_controller.rb:195:in `block (2 levels) in import_decks_from_payload'
  [1m[36mFlashcard Create (0.0ms)[0m  [1m[32mINSERT INTO "flashcards" ("deck_id", "term", "definition", "position", "created_at", "updated_at") VALUES (?, ?, ?, ?, ?, ?) RETURNING "id"[0m  [["deck_id", 10], ["term", "DNA"], ["definition", "Stores genetic information."], ["position", 2], ["created_at", "2026-04-06 00:45:00.153537"], ["updated_at", "2026-04-06 00:45:00.153537"]]
  ↳ app/controllers/decks_controller.rb:195:in `block (2 levels) in import_decks_from_payload'
  [1m[36mDeck Create (0.0ms)[0m  [1m[32mINSERT INTO "decks" ("title", "description", "created_at", "updated_at") VALUES (?, ?, ?, ?) RETURNING "id"[0m  [["title", "Astronomy 101"], ["description", "Solar system essentials"], ["created_at", "2026-04-06 00:45:00.154505"], ["updated_at", "2026-04-06 00:45:00.154505"]]
  ↳ app/controllers/decks_controller.rb:195:in `block (2 levels) in import_decks_from_payload'
  [1m[36mFlashcard Create (0.0ms)[0m  [1m[32mINSERT INTO "flashcards" ("deck_id", "term", "definition", "position", "created_at", "updated_at") VALUES (?, ?, ?, ?, ?, ?) RETURNING "id"[0m  [["deck_id", 11], ["term", "Sun"], ["definition", "The star at the center of the Solar System."], ["position", 0], ["created_at", "2026-04-06 00:45:00.154908"], ["updated_at", "2026-04-06 00:45:00.154908"]]
  ↳ app/controllers/decks_controller.rb:195:in `block (2 levels) in import_decks_from_payload'
  [1m[36mFlashcard Create (0.0ms)[0m  [1m[32mINSERT INTO "flashcards" ("deck_id", "term", "definition", "position", "created_at", "updated_at") VALUES (?, ?, ?, ?, ?, ?) RETURNING "id"[0m  [["deck_id", 11], ["term", "Earth"], ["definition", "The third planet from the Sun."], ["position", 1], ["created_at", "2026-04-06 00:45:00.155444"], ["updated_at", "2026-04-06 00:45:00.155444"]]
  ↳ app/controllers/decks_controller.rb:195:in `block (2 levels) in import_decks_from_payload'
  [1m[36mTRANSACTION (0.3ms)[0m  [1m[36mcommit transaction[0m
  ↳ app/controllers/decks_controller.rb:163:in `import_decks_from_payload'
Redirected to http://127.0.0.1:3000/decks
Completed 302 Found in 11ms (ActiveRecord: 1.0ms | Allocations: 9842)


Started GET "/decks" for 127.0.0.1 at 2026-04-05 21:45:00 -0300
Processing by DecksController#index as TURBO_STREAM
  Rendering layout layouts/application.html.erb
  Rendering decks/index.html.erb within layouts/application
  Rendered shared/_landing_header.html.erb (Duration: 1.0ms | Allocations: 731)
  [1m[36mDeck Exists? (0.1ms)[0m  [1m[34mSELECT 1 AS one FROM "decks" LIMIT ?[0m  [["LIMIT", 1]]
  ↳ app/views/decks/index.html.erb:13
  [1m[36mDeck Load (0.0ms)[0m  [1m[34mSELECT "decks".* FROM "decks" ORDER BY "decks"."updated_at" DESC[0m
  ↳ app/views/decks/index.html.erb:15
  [1m[36mFlashcard Load (0.1ms)[0m  [1m[34mSELECT "flashcards".* FROM "flashcards" WHERE "flashcards"."deck_id" IN (?, ?, ?) ORDER BY "flashcards"."position" ASC, "flashcards"."id" ASC[0m  [["deck_id", 11], ["deck_id", 10], ["deck_id", 7]]
  ↳ app/views/decks/index.html.erb:15
  Rendered decks/index.html.erb within layouts/application (Duration: 3.5ms | Allocations: 3727)
  Rendered layout layouts/application.html.erb (Duration: 5.1ms | Allocations: 5435)
Completed 200 OK in 6ms (Views: 5.1ms | ActiveRecord: 0.2ms | Allocations: 5790)


Started GET "/decks/new" for 127.0.0.1 at 2026-04-05 21:45:00 -0300
Processing by DecksController#new as HTML
  [1m[36mDeck Exists? (0.1ms)[0m  [1m[34mSELECT 1 AS one FROM "decks" LIMIT ?[0m  [["LIMIT", 1]]
  ↳ app/controllers/decks_controller.rb:29:in `new'
  [1m[36mDeck Maximum (0.0ms)[0m  [1m[34mSELECT MAX("decks"."created_at") FROM "decks"[0m
  ↳ app/controllers/decks_controller.rb:32:in `new'
  Rendering layout layouts/application.html.erb
  Rendering decks/new.html.erb within layouts/application
  Rendered shared/_landing_header.html.erb (Duration: 3.4ms | Allocations: 731)
  Rendered decks/_flashcard_item.html.erb (Duration: 0.1ms | Allocations: 26)
  Rendered decks/_flashcard_item.html.erb (Duration: 0.0ms | Allocations: 14)
  Rendered decks/new.html.erb within layouts/application (Duration: 5.8ms | Allocations: 1423)
  Rendered layout layouts/application.html.erb (Duration: 19.7ms | Allocations: 3142)
Completed 200 OK in 26ms (Views: 20.5ms | ActiveRecord: 0.1ms | Allocations: 4832)


Started GET "/decks" for 127.0.0.1 at 2026-04-05 21:45:38 -0300
Processing by DecksController#index as HTML
  Rendering layout layouts/application.html.erb
  Rendering decks/index.html.erb within layouts/application
  Rendered shared/_landing_header.html.erb (Duration: 1.5ms | Allocations: 1218)
  [1m[36mDeck Exists? (0.1ms)[0m  [1m[34mSELECT 1 AS one FROM "decks" LIMIT ?[0m  [["LIMIT", 1]]
  ↳ app/views/decks/index.html.erb:19
  [1m[36mDeck Load (0.0ms)[0m  [1m[34mSELECT "decks".* FROM "decks" ORDER BY "decks"."updated_at" DESC[0m
  ↳ app/views/decks/index.html.erb:21
  [1m[36mFlashcard Load (0.1ms)[0m  [1m[34mSELECT "flashcards".* FROM "flashcards" WHERE "flashcards"."deck_id" IN (?, ?, ?) ORDER BY "flashcards"."position" ASC, "flashcards"."id" ASC[0m  [["deck_id", 11], ["deck_id", 10], ["deck_id", 7]]
  ↳ app/views/decks/index.html.erb:21
  Rendered decks/index.html.erb within layouts/application (Duration: 10.0ms | Allocations: 13218)
  Rendered layout layouts/application.html.erb (Duration: 27.4ms | Allocations: 55683)
Completed 200 OK in 35ms (Views: 29.0ms | ActiveRecord: 2.1ms | Allocations: 58899)


Started GET "/decks/new" for 127.0.0.1 at 2026-04-05 21:45:40 -0300
Processing by DecksController#new as HTML
  [1m[36mDeck Exists? (0.1ms)[0m  [1m[34mSELECT 1 AS one FROM "decks" LIMIT ?[0m  [["LIMIT", 1]]
  ↳ app/controllers/decks_controller.rb:29:in `new'
  [1m[36mDeck Maximum (0.1ms)[0m  [1m[34mSELECT MAX("decks"."created_at") FROM "decks"[0m
  ↳ app/controllers/decks_controller.rb:32:in `new'
  Rendering layout layouts/application.html.erb
  Rendering decks/new.html.erb within layouts/application
  Rendered shared/_landing_header.html.erb (Duration: 1.6ms | Allocations: 750)
  Rendered decks/_flashcard_item.html.erb (Duration: 0.4ms | Allocations: 372)
  Rendered decks/_flashcard_item.html.erb (Duration: 0.0ms | Allocations: 14)
  Rendered decks/new.html.erb within layouts/application (Duration: 4.6ms | Allocations: 2830)
  Rendered layout layouts/application.html.erb (Duration: 6.1ms | Allocations: 4545)
Completed 200 OK in 12ms (Views: 6.6ms | ActiveRecord: 0.2ms | Allocations: 6552)


Started POST "/decks" for 127.0.0.1 at 2026-04-05 21:45:47 -0300
Processing by DecksController#create as TURBO_STREAM
  Parameters: {"authenticity_token"=>"[FILTERED]", "deck"=>{"title"=>"", "description"=>"", "flashcards_attributes"=>{"0"=>{"position"=>"0", "term"=>"", "definition"=>""}}}, "import_payload"=>"{\n  \"decks\": [\n    {\n      \"title\": \"Biology Basics\",\n      \"description\": \"Cell and genetics review\",\n      \"flashcards\": [\n        {\n          \"term\": \"Cell membrane\",\n          \"definition\": \"Controls what enters and leaves the cell.\"\n        },\n        {\n          \"term\": \"Mitosis\",\n          \"definition\": \"Process that creates two identical daughter cells.\"\n        },\n        {\n          \"term\": \"DNA\",\n          \"definition\": \"Stores genetic information.\"\n        }\n      ]\n    },\n    {\n      \"title\": \"Astronomy 101\",\n      \"description\": \"Solar system essentials\",\n      \"flashcards\": [\n        {\n          \"term\": \"Sun\",\n          \"definition\": \"The star at the center of the Solar System.\"\n        },\n        {\n          \"term\": \"Earth\",\n          \"definition\": \"The third planet from the Sun.\"\n        }\n      ]\n    }\n  ]\n}\n", "commit_action"=>"import"}
  [1m[36mTRANSACTION (0.0ms)[0m  [1m[36mbegin transaction[0m
  ↳ app/controllers/decks_controller.rb:195:in `block (2 levels) in import_decks_from_payload'
  [1m[36mDeck Create (0.6ms)[0m  [1m[32mINSERT INTO "decks" ("title", "description", "created_at", "updated_at") VALUES (?, ?, ?, ?) RETURNING "id"[0m  [["title", "Biology Basics"], ["description", "Cell and genetics review"], ["created_at", "2026-04-06 00:45:47.442419"], ["updated_at", "2026-04-06 00:45:47.442419"]]
  ↳ app/controllers/decks_controller.rb:195:in `block (2 levels) in import_decks_from_payload'
  [1m[36mFlashcard Create (0.0ms)[0m  [1m[32mINSERT INTO "flashcards" ("deck_id", "term", "definition", "position", "created_at", "updated_at") VALUES (?, ?, ?, ?, ?, ?) RETURNING "id"[0m  [["deck_id", 12], ["term", "Cell membrane"], ["definition", "Controls what enters and leaves the cell."], ["position", 0], ["created_at", "2026-04-06 00:45:47.443818"], ["updated_at", "2026-04-06 00:45:47.443818"]]
  ↳ app/controllers/decks_controller.rb:195:in `block (2 levels) in import_decks_from_payload'
  [1m[36mFlashcard Create (0.0ms)[0m  [1m[32mINSERT INTO "flashcards" ("deck_id", "term", "definition", "position", "created_at", "updated_at") VALUES (?, ?, ?, ?, ?, ?) RETURNING "id"[0m  [["deck_id", 12], ["term", "Mitosis"], ["definition", "Process that creates two identical daughter cells."], ["position", 1], ["created_at", "2026-04-06 00:45:47.444445"], ["updated_at", "2026-04-06 00:45:47.444445"]]
  ↳ app/controllers/decks_controller.rb:195:in `block (2 levels) in import_decks_from_payload'
  [1m[36mFlashcard Create (0.0ms)[0m  [1m[32mINSERT INTO "flashcards" ("deck_id", "term", "definition", "position", "created_at", "updated_at") VALUES (?, ?, ?, ?, ?, ?) RETURNING "id"[0m  [["deck_id", 12], ["term", "DNA"], ["definition", "Stores genetic information."], ["position", 2], ["created_at", "2026-04-06 00:45:47.445044"], ["updated_at", "2026-04-06 00:45:47.445044"]]
  ↳ app/controllers/decks_controller.rb:195:in `block (2 levels) in import_decks_from_payload'
  [1m[36mDeck Create (0.1ms)[0m  [1m[32mINSERT INTO "decks" ("title", "description", "created_at", "updated_at") VALUES (?, ?, ?, ?) RETURNING "id"[0m  [["title", "Astronomy 101"], ["description", "Solar system essentials"], ["created_at", "2026-04-06 00:45:47.446302"], ["updated_at", "2026-04-06 00:45:47.446302"]]
  ↳ app/controllers/decks_controller.rb:195:in `block (2 levels) in import_decks_from_payload'
  [1m[36mFlashcard Create (0.0ms)[0m  [1m[32mINSERT INTO "flashcards" ("deck_id", "term", "definition", "position", "created_at", "updated_at") VALUES (?, ?, ?, ?, ?, ?) RETURNING "id"[0m  [["deck_id", 13], ["term", "Sun"], ["definition", "The star at the center of the Solar System."], ["position", 0], ["created_at", "2026-04-06 00:45:47.447135"], ["updated_at", "2026-04-06 00:45:47.447135"]]
  ↳ app/controllers/decks_controller.rb:195:in `block (2 levels) in import_decks_from_payload'
  [1m[36mFlashcard Create (0.0ms)[0m  [1m[32mINSERT INTO "flashcards" ("deck_id", "term", "definition", "position", "created_at", "updated_at") VALUES (?, ?, ?, ?, ?, ?) RETURNING "id"[0m  [["deck_id", 13], ["term", "Earth"], ["definition", "The third planet from the Sun."], ["position", 1], ["created_at", "2026-04-06 00:45:47.447652"], ["updated_at", "2026-04-06 00:45:47.447652"]]
  ↳ app/controllers/decks_controller.rb:195:in `block (2 levels) in import_decks_from_payload'
  [1m[36mTRANSACTION (0.3ms)[0m  [1m[36mcommit transaction[0m
  ↳ app/controllers/decks_controller.rb:163:in `import_decks_from_payload'
Redirected to http://127.0.0.1:3000/decks
Completed 302 Found in 11ms (ActiveRecord: 1.2ms | Allocations: 9839)


Started GET "/decks" for 127.0.0.1 at 2026-04-05 21:45:47 -0300
Processing by DecksController#index as TURBO_STREAM
  Rendering layout layouts/application.html.erb
  Rendering decks/index.html.erb within layouts/application
  Rendered shared/_landing_header.html.erb (Duration: 1.1ms | Allocations: 731)
  [1m[36mDeck Exists? (0.1ms)[0m  [1m[34mSELECT 1 AS one FROM "decks" LIMIT ?[0m  [["LIMIT", 1]]
  ↳ app/views/decks/index.html.erb:19
  [1m[36mDeck Load (0.0ms)[0m  [1m[34mSELECT "decks".* FROM "decks" ORDER BY "decks"."updated_at" DESC[0m
  ↳ app/views/decks/index.html.erb:21
  [1m[36mFlashcard Load (0.1ms)[0m  [1m[34mSELECT "flashcards".* FROM "flashcards" WHERE "flashcards"."deck_id" IN (?, ?, ?, ?, ?) ORDER BY "flashcards"."position" ASC, "flashcards"."id" ASC[0m  [["deck_id", 13], ["deck_id", 12], ["deck_id", 11], ["deck_id", 10], ["deck_id", 7]]
  ↳ app/views/decks/index.html.erb:21
  Rendered decks/index.html.erb within layouts/application (Duration: 3.9ms | Allocations: 4075)
  Rendered layout layouts/application.html.erb (Duration: 5.6ms | Allocations: 5783)
Completed 200 OK in 7ms (Views: 5.7ms | ActiveRecord: 0.2ms | Allocations: 6147)


Started GET "/decks/new" for 127.0.0.1 at 2026-04-05 21:45:47 -0300
Processing by DecksController#new as HTML
  [1m[36mDeck Exists? (0.2ms)[0m  [1m[34mSELECT 1 AS one FROM "decks" LIMIT ?[0m  [["LIMIT", 1]]
  ↳ app/controllers/decks_controller.rb:29:in `new'
  [1m[36mDeck Maximum (0.0ms)[0m  [1m[34mSELECT MAX("decks"."created_at") FROM "decks"[0m
  ↳ app/controllers/decks_controller.rb:32:in `new'
  Rendering layout layouts/application.html.erb
  Rendering decks/new.html.erb within layouts/application
  Rendered shared/_landing_header.html.erb (Duration: 1.5ms | Allocations: 731)
  Rendered decks/_flashcard_item.html.erb (Duration: 0.0ms | Allocations: 26)
  Rendered decks/_flashcard_item.html.erb (Duration: 0.0ms | Allocations: 14)
  Rendered decks/new.html.erb within layouts/application (Duration: 2.2ms | Allocations: 1402)
  Rendered layout layouts/application.html.erb (Duration: 7.9ms | Allocations: 3114)
Completed 200 OK in 11ms (Views: 8.2ms | ActiveRecord: 0.2ms | Allocations: 4804)


Started DELETE "/decks/13" for 127.0.0.1 at 2026-04-05 21:47:05 -0300
Processing by DecksController#destroy as TURBO_STREAM
  Parameters: {"authenticity_token"=>"[FILTERED]", "id"=>"13"}
  [1m[36mDeck Load (0.2ms)[0m  [1m[34mSELECT "decks".* FROM "decks" WHERE "decks"."id" = ? LIMIT ?[0m  [["id", 13], ["LIMIT", 1]]
  ↳ app/controllers/decks_controller.rb:99:in `destroy'
  [1m[36mTRANSACTION (0.1ms)[0m  [1m[36mbegin transaction[0m
  ↳ app/controllers/decks_controller.rb:100:in `destroy'
  [1m[36mFlashcard Load (3.7ms)[0m  [1m[34mSELECT "flashcards".* FROM "flashcards" WHERE "flashcards"."deck_id" = ? ORDER BY "flashcards"."position" ASC, "flashcards"."id" ASC[0m  [["deck_id", 13]]
  ↳ app/controllers/decks_controller.rb:100:in `destroy'
  [1m[36mFlashcard Destroy (0.1ms)[0m  [1m[31mDELETE FROM "flashcards" WHERE "flashcards"."id" = ?[0m  [["id", 24]]
  ↳ app/controllers/decks_controller.rb:100:in `destroy'
  [1m[36mFlashcard Destroy (0.1ms)[0m  [1m[31mDELETE FROM "flashcards" WHERE "flashcards"."id" = ?[0m  [["id", 25]]
  ↳ app/controllers/decks_controller.rb:100:in `destroy'
  [1m[36mDeck Destroy (0.2ms)[0m  [1m[31mDELETE FROM "decks" WHERE "decks"."id" = ?[0m  [["id", 13]]
  ↳ app/controllers/decks_controller.rb:100:in `destroy'
  [1m[36mTRANSACTION (0.3ms)[0m  [1m[36mcommit transaction[0m
  ↳ app/controllers/decks_controller.rb:100:in `destroy'
Redirected to http://127.0.0.1:3000/decks
Completed 302 Found in 15ms (ActiveRecord: 4.4ms | Allocations: 5925)


Started GET "/decks" for 127.0.0.1 at 2026-04-05 21:47:05 -0300
Processing by DecksController#index as TURBO_STREAM
  Rendering layout layouts/application.html.erb
  Rendering decks/index.html.erb within layouts/application
  Rendered shared/_landing_header.html.erb (Duration: 2.9ms | Allocations: 738)
  [1m[36mDeck Exists? (0.1ms)[0m  [1m[34mSELECT 1 AS one FROM "decks" LIMIT ?[0m  [["LIMIT", 1]]
  ↳ app/views/decks/index.html.erb:19
  [1m[36mDeck Load (0.1ms)[0m  [1m[34mSELECT "decks".* FROM "decks" ORDER BY "decks"."updated_at" DESC[0m
  ↳ app/views/decks/index.html.erb:21
  [1m[36mFlashcard Load (0.1ms)[0m  [1m[34mSELECT "flashcards".* FROM "flashcards" WHERE "flashcards"."deck_id" IN (?, ?, ?, ?) ORDER BY "flashcards"."position" ASC, "flashcards"."id" ASC[0m  [["deck_id", 12], ["deck_id", 11], ["deck_id", 10], ["deck_id", 7]]
  ↳ app/views/decks/index.html.erb:21
  Rendered decks/index.html.erb within layouts/application (Duration: 7.3ms | Allocations: 3844)
  Rendered layout layouts/application.html.erb (Duration: 9.6ms | Allocations: 5557)
Completed 200 OK in 11ms (Views: 9.7ms | ActiveRecord: 0.3ms | Allocations: 5867)


Started GET "/decks/7/edit" for 127.0.0.1 at 2026-04-05 21:47:05 -0300
Processing by DecksController#edit as HTML
  Parameters: {"id"=>"7"}
  [1m[36mDeck Exists? (0.3ms)[0m  [1m[34mSELECT 1 AS one FROM "decks" LIMIT ?[0m  [["LIMIT", 1]]
  ↳ app/controllers/decks_controller.rb:38:in `edit'
  [1m[36mDeck Load (0.1ms)[0m  [1m[34mSELECT "decks".* FROM "decks" WHERE "decks"."id" = ? LIMIT ?[0m  [["id", 7], ["LIMIT", 1]]
  ↳ app/controllers/decks_controller.rb:39:in `edit'
  [1m[36mFlashcard Load (0.0ms)[0m  [1m[34mSELECT "flashcards".* FROM "flashcards" WHERE "flashcards"."deck_id" = ? ORDER BY "flashcards"."position" ASC, "flashcards"."id" ASC[0m  [["deck_id", 7]]
  ↳ app/controllers/decks_controller.rb:39:in `edit'
  Rendering layout layouts/application.html.erb
  Rendering decks/new.html.erb within layouts/application
  Rendered shared/_landing_header.html.erb (Duration: 1.6ms | Allocations: 731)
  Rendered decks/_flashcard_item.html.erb (Duration: 0.0ms | Allocations: 35)
  Rendered decks/_flashcard_item.html.erb (Duration: 0.0ms | Allocations: 14)
  Rendered decks/new.html.erb within layouts/application (Duration: 2.5ms | Allocations: 1441)
  Rendered layout layouts/application.html.erb (Duration: 4.5ms | Allocations: 3149)
Completed 200 OK in 11ms (Views: 4.8ms | ActiveRecord: 0.4ms | Allocations: 5686)


Started GET "/decks/10/edit" for 127.0.0.1 at 2026-04-05 21:47:05 -0300
Processing by DecksController#edit as HTML
  Parameters: {"id"=>"10"}
  [1m[36mDeck Exists? (0.1ms)[0m  [1m[34mSELECT 1 AS one FROM "decks" LIMIT ?[0m  [["LIMIT", 1]]
  ↳ app/controllers/decks_controller.rb:38:in `edit'
  [1m[36mDeck Load (0.1ms)[0m  [1m[34mSELECT "decks".* FROM "decks" WHERE "decks"."id" = ? LIMIT ?[0m  [["id", 10], ["LIMIT", 1]]
  ↳ app/controllers/decks_controller.rb:39:in `edit'
  [1m[36mFlashcard Load (0.1ms)[0m  [1m[34mSELECT "flashcards".* FROM "flashcards" WHERE "flashcards"."deck_id" = ? ORDER BY "flashcards"."position" ASC, "flashcards"."id" ASC[0m  [["deck_id", 10]]
  ↳ app/controllers/decks_controller.rb:39:in `edit'
  Rendering layout layouts/application.html.erb
  Rendering decks/new.html.erb within layouts/application
  Rendered shared/_landing_header.html.erb (Duration: 1.5ms | Allocations: 731)
  Rendered decks/_flashcard_item.html.erb (Duration: 0.0ms | Allocations: 35)
  Rendered decks/_flashcard_item.html.erb (Duration: 0.0ms | Allocations: 26)
  Rendered decks/_flashcard_item.html.erb (Duration: 0.0ms | Allocations: 26)
  Rendered decks/_flashcard_item.html.erb (Duration: 0.0ms | Allocations: 14)
  Rendered decks/new.html.erb within layouts/application (Duration: 2.5ms | Allocations: 1633)
  Rendered layout layouts/application.html.erb (Duration: 4.4ms | Allocations: 3341)
Completed 200 OK in 10ms (Views: 4.6ms | ActiveRecord: 0.3ms | Allocations: 5895)


Started DELETE "/decks/12" for 127.0.0.1 at 2026-04-05 21:47:07 -0300
Processing by DecksController#destroy as TURBO_STREAM
  Parameters: {"authenticity_token"=>"[FILTERED]", "id"=>"12"}
  [1m[36mDeck Load (0.1ms)[0m  [1m[34mSELECT "decks".* FROM "decks" WHERE "decks"."id" = ? LIMIT ?[0m  [["id", 12], ["LIMIT", 1]]
  ↳ app/controllers/decks_controller.rb:99:in `destroy'
  [1m[36mTRANSACTION (0.0ms)[0m  [1m[36mbegin transaction[0m
  ↳ app/controllers/decks_controller.rb:100:in `destroy'
  [1m[36mFlashcard Load (0.4ms)[0m  [1m[34mSELECT "flashcards".* FROM "flashcards" WHERE "flashcards"."deck_id" = ? ORDER BY "flashcards"."position" ASC, "flashcards"."id" ASC[0m  [["deck_id", 12]]
  ↳ app/controllers/decks_controller.rb:100:in `destroy'
  [1m[36mFlashcard Destroy (0.0ms)[0m  [1m[31mDELETE FROM "flashcards" WHERE "flashcards"."id" = ?[0m  [["id", 21]]
  ↳ app/controllers/decks_controller.rb:100:in `destroy'
  [1m[36mFlashcard Destroy (0.1ms)[0m  [1m[31mDELETE FROM "flashcards" WHERE "flashcards"."id" = ?[0m  [["id", 22]]
  ↳ app/controllers/decks_controller.rb:100:in `destroy'
  [1m[36mFlashcard Destroy (0.1ms)[0m  [1m[31mDELETE FROM "flashcards" WHERE "flashcards"."id" = ?[0m  [["id", 23]]
  ↳ app/controllers/decks_controller.rb:100:in `destroy'
  [1m[36mDeck Destroy (0.2ms)[0m  [1m[31mDELETE FROM "decks" WHERE "decks"."id" = ?[0m  [["id", 12]]
  ↳ app/controllers/decks_controller.rb:100:in `destroy'
  [1m[36mTRANSACTION (0.3ms)[0m  [1m[36mcommit transaction[0m
  ↳ app/controllers/decks_controller.rb:100:in `destroy'
Redirected to http://127.0.0.1:3000/decks
Completed 302 Found in 10ms (ActiveRecord: 1.2ms | Allocations: 5957)


Started GET "/decks" for 127.0.0.1 at 2026-04-05 21:47:07 -0300
Processing by DecksController#index as TURBO_STREAM
  Rendering layout layouts/application.html.erb
  Rendering decks/index.html.erb within layouts/application
  Rendered shared/_landing_header.html.erb (Duration: 1.8ms | Allocations: 733)
  [1m[36mDeck Exists? (0.1ms)[0m  [1m[34mSELECT 1 AS one FROM "decks" LIMIT ?[0m  [["LIMIT", 1]]
  ↳ app/views/decks/index.html.erb:19
  [1m[36mDeck Load (0.1ms)[0m  [1m[34mSELECT "decks".* FROM "decks" ORDER BY "decks"."updated_at" DESC[0m
  ↳ app/views/decks/index.html.erb:21
  [1m[36mFlashcard Load (0.1ms)[0m  [1m[34mSELECT "flashcards".* FROM "flashcards" WHERE "flashcards"."deck_id" IN (?, ?, ?) ORDER BY "flashcards"."position" ASC, "flashcards"."id" ASC[0m  [["deck_id", 11], ["deck_id", 10], ["deck_id", 7]]
  ↳ app/views/decks/index.html.erb:21
  Rendered decks/index.html.erb within layouts/application (Duration: 7.6ms | Allocations: 3663)
  Rendered layout layouts/application.html.erb (Duration: 11.6ms | Allocations: 5372)
Completed 200 OK in 13ms (Views: 11.6ms | ActiveRecord: 0.3ms | Allocations: 5682)


Started GET "/decks/11/practice" for 127.0.0.1 at 2026-04-05 21:47:08 -0300
Processing by DecksController#practice as HTML
  Parameters: {"id"=>"11"}
  [1m[36mDeck Load (0.1ms)[0m  [1m[34mSELECT "decks".* FROM "decks" WHERE "decks"."id" = ? LIMIT ?[0m  [["id", 11], ["LIMIT", 1]]
  ↳ app/controllers/decks_controller.rb:46:in `practice'
  [1m[36mFlashcard Load (0.1ms)[0m  [1m[34mSELECT "flashcards".* FROM "flashcards" WHERE "flashcards"."deck_id" = ? ORDER BY "flashcards"."position" ASC, "flashcards"."id" ASC[0m  [["deck_id", 11]]
  ↳ app/controllers/decks_controller.rb:46:in `practice'
  Rendering layout layouts/application.html.erb
  Rendering decks/practice.html.erb within layouts/application
  Rendered shared/_landing_header.html.erb (Duration: 1.7ms | Allocations: 732)
  Rendered shared/_flashcard_flip.html.erb (Duration: 0.5ms | Allocations: 415)
  Rendered decks/practice.html.erb within layouts/application (Duration: 3.8ms | Allocations: 1694)
  Rendered layout layouts/application.html.erb (Duration: 5.6ms | Allocations: 3605)
Completed 200 OK in 11ms (Views: 6.0ms | ActiveRecord: 0.2ms | Allocations: 5590)


Started GET "/decks" for 127.0.0.1 at 2026-04-05 21:47:13 -0300
Processing by DecksController#index as HTML
  Rendering layout layouts/application.html.erb
  Rendering decks/index.html.erb within layouts/application
  Rendered shared/_landing_header.html.erb (Duration: 1.5ms | Allocations: 734)
  [1m[36mDeck Exists? (0.1ms)[0m  [1m[34mSELECT 1 AS one FROM "decks" LIMIT ?[0m  [["LIMIT", 1]]
  ↳ app/views/decks/index.html.erb:19
  [1m[36mDeck Load (0.0ms)[0m  [1m[34mSELECT "decks".* FROM "decks" ORDER BY "decks"."updated_at" DESC[0m
  ↳ app/views/decks/index.html.erb:21
  [1m[36mFlashcard Load (0.1ms)[0m  [1m[34mSELECT "flashcards".* FROM "flashcards" WHERE "flashcards"."deck_id" IN (?, ?, ?) ORDER BY "flashcards"."position" ASC, "flashcards"."id" ASC[0m  [["deck_id", 11], ["deck_id", 10], ["deck_id", 7]]
  ↳ app/views/decks/index.html.erb:21
  Rendered decks/index.html.erb within layouts/application (Duration: 3.8ms | Allocations: 3652)
  Rendered layout layouts/application.html.erb (Duration: 5.4ms | Allocations: 5363)
Completed 200 OK in 7ms (Views: 5.5ms | ActiveRecord: 0.2ms | Allocations: 5670)


Started GET "/decks" for 127.0.0.1 at 2026-04-05 21:47:37 -0300
Processing by DecksController#index as HTML
  Rendering layout layouts/application.html.erb
  Rendering decks/index.html.erb within layouts/application
  Rendered shared/_landing_header.html.erb (Duration: 1.7ms | Allocations: 1218)
  [1m[36mDeck Exists? (0.1ms)[0m  [1m[34mSELECT 1 AS one FROM "decks" LIMIT ?[0m  [["LIMIT", 1]]
  ↳ app/views/decks/index.html.erb:19
  [1m[36mDeck Load (0.1ms)[0m  [1m[34mSELECT "decks".* FROM "decks" ORDER BY "decks"."updated_at" DESC[0m
  ↳ app/views/decks/index.html.erb:21
  [1m[36mFlashcard Load (0.1ms)[0m  [1m[34mSELECT "flashcards".* FROM "flashcards" WHERE "flashcards"."deck_id" IN (?, ?, ?) ORDER BY "flashcards"."position" ASC, "flashcards"."id" ASC[0m  [["deck_id", 11], ["deck_id", 10], ["deck_id", 7]]
  ↳ app/views/decks/index.html.erb:21
  Rendered decks/index.html.erb within layouts/application (Duration: 14.2ms | Allocations: 13209)
  Rendered layout layouts/application.html.erb (Duration: 38.5ms | Allocations: 55730)
Completed 200 OK in 46ms (Views: 39.6ms | ActiveRecord: 2.6ms | Allocations: 58940)


Started GET "/decks/new" for 127.0.0.1 at 2026-04-05 21:47:38 -0300
Processing by DecksController#new as HTML
  [1m[36mDeck Exists? (0.1ms)[0m  [1m[34mSELECT 1 AS one FROM "decks" LIMIT ?[0m  [["LIMIT", 1]]
  ↳ app/controllers/decks_controller.rb:29:in `new'
  [1m[36mDeck Maximum (0.1ms)[0m  [1m[34mSELECT MAX("decks"."created_at") FROM "decks"[0m
  ↳ app/controllers/decks_controller.rb:32:in `new'
  Rendering layout layouts/application.html.erb
  Rendering decks/new.html.erb within layouts/application
  Rendered shared/_landing_header.html.erb (Duration: 1.5ms | Allocations: 750)
  Rendered decks/_flashcard_item.html.erb (Duration: 0.4ms | Allocations: 372)
  Rendered decks/_flashcard_item.html.erb (Duration: 0.0ms | Allocations: 14)
  Rendered decks/new.html.erb within layouts/application (Duration: 4.5ms | Allocations: 2829)
  Rendered layout layouts/application.html.erb (Duration: 6.4ms | Allocations: 4545)
Completed 200 OK in 12ms (Views: 6.7ms | ActiveRecord: 0.3ms | Allocations: 6554)


Started POST "/decks" for 127.0.0.1 at 2026-04-05 21:47:43 -0300
Processing by DecksController#create as TURBO_STREAM
  Parameters: {"authenticity_token"=>"[FILTERED]", "deck"=>{"title"=>"", "description"=>"", "flashcards_attributes"=>{"0"=>{"position"=>"0", "term"=>"", "definition"=>""}}}, "import_payload"=>"{\n  \"decks\": [\n    {\n      \"title\": \"Biology Basics\",\n      \"description\": \"Cell and genetics review\",\n      \"flashcards\": [\n        {\n          \"term\": \"Cell membrane\",\n          \"definition\": \"Controls what enters and leaves the cell.\"\n        },\n        {\n          \"term\": \"Mitosis\",\n          \"definition\": \"Process that creates two identical daughter cells.\"\n        },\n        {\n          \"term\": \"DNA\",\n          \"definition\": \"Stores genetic information.\"\n        }\n      ]\n    },\n    {\n      \"title\": \"Astronomy 101\",\n      \"description\": \"Solar system essentials\",\n      \"flashcards\": [\n        {\n          \"term\": \"Sun\",\n          \"definition\": \"The star at the center of the Solar System.\"\n        },\n        {\n          \"term\": \"Earth\",\n          \"definition\": \"The third planet from the Sun.\"\n        }\n      ]\n    }\n  ]\n}\n", "commit_action"=>"import"}
  [1m[36mDeck Pluck (0.1ms)[0m  [1m[34mSELECT "decks"."title" FROM "decks"[0m
  ↳ app/controllers/decks_controller.rb:168:in `import_decks_from_payload'
Redirected to http://127.0.0.1:3000/decks
Completed 302 Found in 3ms (ActiveRecord: 0.1ms | Allocations: 1115)


Started GET "/decks" for 127.0.0.1 at 2026-04-05 21:47:43 -0300
Processing by DecksController#index as TURBO_STREAM
  Rendering layout layouts/application.html.erb
  Rendering decks/index.html.erb within layouts/application
  Rendered shared/_landing_header.html.erb (Duration: 1.5ms | Allocations: 735)
  [1m[36mDeck Exists? (0.1ms)[0m  [1m[34mSELECT 1 AS one FROM "decks" LIMIT ?[0m  [["LIMIT", 1]]
  ↳ app/views/decks/index.html.erb:19
  [1m[36mDeck Load (0.0ms)[0m  [1m[34mSELECT "decks".* FROM "decks" ORDER BY "decks"."updated_at" DESC[0m
  ↳ app/views/decks/index.html.erb:21
  [1m[36mFlashcard Load (0.1ms)[0m  [1m[34mSELECT "flashcards".* FROM "flashcards" WHERE "flashcards"."deck_id" IN (?, ?, ?) ORDER BY "flashcards"."position" ASC, "flashcards"."id" ASC[0m  [["deck_id", 11], ["deck_id", 10], ["deck_id", 7]]
  ↳ app/views/decks/index.html.erb:21
  Rendered decks/index.html.erb within layouts/application (Duration: 3.9ms | Allocations: 3754)
  Rendered layout layouts/application.html.erb (Duration: 5.7ms | Allocations: 5467)
Completed 200 OK in 7ms (Views: 5.8ms | ActiveRecord: 0.2ms | Allocations: 5831)


Started DELETE "/decks/11" for 127.0.0.1 at 2026-04-05 21:47:49 -0300
Processing by DecksController#destroy as TURBO_STREAM
  Parameters: {"authenticity_token"=>"[FILTERED]", "id"=>"11"}
  [1m[36mDeck Load (0.2ms)[0m  [1m[34mSELECT "decks".* FROM "decks" WHERE "decks"."id" = ? LIMIT ?[0m  [["id", 11], ["LIMIT", 1]]
  ↳ app/controllers/decks_controller.rb:99:in `destroy'
  [1m[36mTRANSACTION (0.0ms)[0m  [1m[36mbegin transaction[0m
  ↳ app/controllers/decks_controller.rb:100:in `destroy'
  [1m[36mFlashcard Load (0.9ms)[0m  [1m[34mSELECT "flashcards".* FROM "flashcards" WHERE "flashcards"."deck_id" = ? ORDER BY "flashcards"."position" ASC, "flashcards"."id" ASC[0m  [["deck_id", 11]]
  ↳ app/controllers/decks_controller.rb:100:in `destroy'
  [1m[36mFlashcard Destroy (0.0ms)[0m  [1m[31mDELETE FROM "flashcards" WHERE "flashcards"."id" = ?[0m  [["id", 19]]
  ↳ app/controllers/decks_controller.rb:100:in `destroy'
  [1m[36mFlashcard Destroy (0.0ms)[0m  [1m[31mDELETE FROM "flashcards" WHERE "flashcards"."id" = ?[0m  [["id", 20]]
  ↳ app/controllers/decks_controller.rb:100:in `destroy'
  [1m[36mDeck Destroy (0.0ms)[0m  [1m[31mDELETE FROM "decks" WHERE "decks"."id" = ?[0m  [["id", 11]]
  ↳ app/controllers/decks_controller.rb:100:in `destroy'
  [1m[36mTRANSACTION (0.4ms)[0m  [1m[36mcommit transaction[0m
  ↳ app/controllers/decks_controller.rb:100:in `destroy'
Redirected to http://127.0.0.1:3000/decks
Completed 302 Found in 8ms (ActiveRecord: 1.6ms | Allocations: 5995)


Started GET "/decks" for 127.0.0.1 at 2026-04-05 21:47:49 -0300
Processing by DecksController#index as TURBO_STREAM
  Rendering layout layouts/application.html.erb
  Rendering decks/index.html.erb within layouts/application
  Rendered shared/_landing_header.html.erb (Duration: 1.1ms | Allocations: 731)
  [1m[36mDeck Exists? (0.1ms)[0m  [1m[34mSELECT 1 AS one FROM "decks" LIMIT ?[0m  [["LIMIT", 1]]
  ↳ app/views/decks/index.html.erb:19
  [1m[36mDeck Load (0.0ms)[0m  [1m[34mSELECT "decks".* FROM "decks" ORDER BY "decks"."updated_at" DESC[0m
  ↳ app/views/decks/index.html.erb:21
  [1m[36mFlashcard Load (0.1ms)[0m  [1m[34mSELECT "flashcards".* FROM "flashcards" WHERE "flashcards"."deck_id" IN (?, ?) ORDER BY "flashcards"."position" ASC, "flashcards"."id" ASC[0m  [["deck_id", 10], ["deck_id", 7]]
  ↳ app/views/decks/index.html.erb:21
  Rendered decks/index.html.erb within layouts/application (Duration: 3.2ms | Allocations: 3521)
  Rendered layout layouts/application.html.erb (Duration: 4.8ms | Allocations: 5232)
Completed 200 OK in 6ms (Views: 4.8ms | ActiveRecord: 0.2ms | Allocations: 5542)


Started DELETE "/decks/10" for 127.0.0.1 at 2026-04-05 21:47:50 -0300
Processing by DecksController#destroy as TURBO_STREAM
  Parameters: {"authenticity_token"=>"[FILTERED]", "id"=>"10"}
  [1m[36mDeck Load (0.1ms)[0m  [1m[34mSELECT "decks".* FROM "decks" WHERE "decks"."id" = ? LIMIT ?[0m  [["id", 10], ["LIMIT", 1]]
  ↳ app/controllers/decks_controller.rb:99:in `destroy'
  [1m[36mTRANSACTION (0.0ms)[0m  [1m[36mbegin transaction[0m
  ↳ app/controllers/decks_controller.rb:100:in `destroy'
  [1m[36mFlashcard Load (0.7ms)[0m  [1m[34mSELECT "flashcards".* FROM "flashcards" WHERE "flashcards"."deck_id" = ? ORDER BY "flashcards"."position" ASC, "flashcards"."id" ASC[0m  [["deck_id", 10]]
  ↳ app/controllers/decks_controller.rb:100:in `destroy'
  [1m[36mFlashcard Destroy (0.0ms)[0m  [1m[31mDELETE FROM "flashcards" WHERE "flashcards"."id" = ?[0m  [["id", 16]]
  ↳ app/controllers/decks_controller.rb:100:in `destroy'
  [1m[36mFlashcard Destroy (0.0ms)[0m  [1m[31mDELETE FROM "flashcards" WHERE "flashcards"."id" = ?[0m  [["id", 17]]
  ↳ app/controllers/decks_controller.rb:100:in `destroy'
  [1m[36mFlashcard Destroy (0.0ms)[0m  [1m[31mDELETE FROM "flashcards" WHERE "flashcards"."id" = ?[0m  [["id", 18]]
  ↳ app/controllers/decks_controller.rb:100:in `destroy'
  [1m[36mDeck Destroy (0.0ms)[0m  [1m[31mDELETE FROM "decks" WHERE "decks"."id" = ?[0m  [["id", 10]]
  ↳ app/controllers/decks_controller.rb:100:in `destroy'
  [1m[36mTRANSACTION (0.1ms)[0m  [1m[36mcommit transaction[0m
  ↳ app/controllers/decks_controller.rb:100:in `destroy'
Redirected to http://127.0.0.1:3000/decks
Completed 302 Found in 6ms (ActiveRecord: 0.9ms | Allocations: 5930)


Started GET "/decks" for 127.0.0.1 at 2026-04-05 21:47:50 -0300
Processing by DecksController#index as TURBO_STREAM
  Rendering layout layouts/application.html.erb
  Rendering decks/index.html.erb within layouts/application
  Rendered shared/_landing_header.html.erb (Duration: 1.3ms | Allocations: 731)
  [1m[36mDeck Exists? (0.1ms)[0m  [1m[34mSELECT 1 AS one FROM "decks" LIMIT ?[0m  [["LIMIT", 1]]
  ↳ app/views/decks/index.html.erb:19
  [1m[36mDeck Load (0.0ms)[0m  [1m[34mSELECT "decks".* FROM "decks" ORDER BY "decks"."updated_at" DESC[0m
  ↳ app/views/decks/index.html.erb:21
  [1m[36mFlashcard Load (0.0ms)[0m  [1m[34mSELECT "flashcards".* FROM "flashcards" WHERE "flashcards"."deck_id" = ? ORDER BY "flashcards"."position" ASC, "flashcards"."id" ASC[0m  [["deck_id", 7]]
  ↳ app/views/decks/index.html.erb:21
  Rendered decks/index.html.erb within layouts/application (Duration: 3.2ms | Allocations: 3314)
  Rendered layout layouts/application.html.erb (Duration: 4.6ms | Allocations: 5022)
Completed 200 OK in 5ms (Views: 4.7ms | ActiveRecord: 0.1ms | Allocations: 5332)


Started GET "/decks/new" for 127.0.0.1 at 2026-04-05 21:47:51 -0300
Processing by DecksController#new as HTML
  [1m[36mDeck Exists? (0.2ms)[0m  [1m[34mSELECT 1 AS one FROM "decks" LIMIT ?[0m  [["LIMIT", 1]]
  ↳ app/controllers/decks_controller.rb:29:in `new'
  [1m[36mDeck Maximum (0.0ms)[0m  [1m[34mSELECT MAX("decks"."created_at") FROM "decks"[0m
  ↳ app/controllers/decks_controller.rb:32:in `new'
  Rendering layout layouts/application.html.erb
  Rendering decks/new.html.erb within layouts/application
  Rendered shared/_landing_header.html.erb (Duration: 1.7ms | Allocations: 731)
  Rendered decks/_flashcard_item.html.erb (Duration: 0.0ms | Allocations: 26)
  Rendered decks/_flashcard_item.html.erb (Duration: 0.0ms | Allocations: 14)
  Rendered decks/new.html.erb within layouts/application (Duration: 2.6ms | Allocations: 1423)
  Rendered layout layouts/application.html.erb (Duration: 4.4ms | Allocations: 3135)
Completed 200 OK in 7ms (Views: 4.6ms | ActiveRecord: 0.2ms | Allocations: 4824)


Started POST "/decks" for 127.0.0.1 at 2026-04-05 21:47:57 -0300
Processing by DecksController#create as TURBO_STREAM
  Parameters: {"authenticity_token"=>"[FILTERED]", "deck"=>{"title"=>"", "description"=>"", "flashcards_attributes"=>{"0"=>{"position"=>"0", "term"=>"", "definition"=>""}}}, "import_payload"=>"{\n  \"decks\": [\n    {\n      \"title\": \"Biology Basics\",\n      \"description\": \"Cell and genetics review\",\n      \"flashcards\": [\n        {\n          \"term\": \"Cell membrane\",\n          \"definition\": \"Controls what enters and leaves the cell.\"\n        },\n        {\n          \"term\": \"Mitosis\",\n          \"definition\": \"Process that creates two identical daughter cells.\"\n        },\n        {\n          \"term\": \"DNA\",\n          \"definition\": \"Stores genetic information.\"\n        }\n      ]\n    },\n    {\n      \"title\": \"Astronomy 101\",\n      \"description\": \"Solar system essentials\",\n      \"flashcards\": [\n        {\n          \"term\": \"Sun\",\n          \"definition\": \"The star at the center of the Solar System.\"\n        },\n        {\n          \"term\": \"Earth\",\n          \"definition\": \"The third planet from the Sun.\"\n        }\n      ]\n    }\n  ]\n}\n", "commit_action"=>"import"}
  [1m[36mDeck Pluck (0.1ms)[0m  [1m[34mSELECT "decks"."title" FROM "decks"[0m
  ↳ app/controllers/decks_controller.rb:168:in `import_decks_from_payload'
  [1m[36mTRANSACTION (0.2ms)[0m  [1m[36mbegin transaction[0m
  ↳ app/controllers/decks_controller.rb:212:in `block (2 levels) in import_decks_from_payload'
  [1m[36mDeck Create (0.9ms)[0m  [1m[32mINSERT INTO "decks" ("title", "description", "created_at", "updated_at") VALUES (?, ?, ?, ?) RETURNING "id"[0m  [["title", "Biology Basics"], ["description", "Cell and genetics review"], ["created_at", "2026-04-06 00:47:57.405783"], ["updated_at", "2026-04-06 00:47:57.405783"]]
  ↳ app/controllers/decks_controller.rb:212:in `block (2 levels) in import_decks_from_payload'
  [1m[36mFlashcard Create (0.1ms)[0m  [1m[32mINSERT INTO "flashcards" ("deck_id", "term", "definition", "position", "created_at", "updated_at") VALUES (?, ?, ?, ?, ?, ?) RETURNING "id"[0m  [["deck_id", 14], ["term", "Cell membrane"], ["definition", "Controls what enters and leaves the cell."], ["position", 0], ["created_at", "2026-04-06 00:47:57.407670"], ["updated_at", "2026-04-06 00:47:57.407670"]]
  ↳ app/controllers/decks_controller.rb:212:in `block (2 levels) in import_decks_from_payload'
  [1m[36mFlashcard Create (0.0ms)[0m  [1m[32mINSERT INTO "flashcards" ("deck_id", "term", "definition", "position", "created_at", "updated_at") VALUES (?, ?, ?, ?, ?, ?) RETURNING "id"[0m  [["deck_id", 14], ["term", "Mitosis"], ["definition", "Process that creates two identical daughter cells."], ["position", 1], ["created_at", "2026-04-06 00:47:57.408498"], ["updated_at", "2026-04-06 00:47:57.408498"]]
  ↳ app/controllers/decks_controller.rb:212:in `block (2 levels) in import_decks_from_payload'
  [1m[36mFlashcard Create (0.0ms)[0m  [1m[32mINSERT INTO "flashcards" ("deck_id", "term", "definition", "position", "created_at", "updated_at") VALUES (?, ?, ?, ?, ?, ?) RETURNING "id"[0m  [["deck_id", 14], ["term", "DNA"], ["definition", "Stores genetic information."], ["position", 2], ["created_at", "2026-04-06 00:47:57.409031"], ["updated_at", "2026-04-06 00:47:57.409031"]]
  ↳ app/controllers/decks_controller.rb:212:in `block (2 levels) in import_decks_from_payload'
  [1m[36mDeck Create (0.1ms)[0m  [1m[32mINSERT INTO "decks" ("title", "description", "created_at", "updated_at") VALUES (?, ?, ?, ?) RETURNING "id"[0m  [["title", "Astronomy 101"], ["description", "Solar system essentials"], ["created_at", "2026-04-06 00:47:57.410178"], ["updated_at", "2026-04-06 00:47:57.410178"]]
  ↳ app/controllers/decks_controller.rb:212:in `block (2 levels) in import_decks_from_payload'
  [1m[36mFlashcard Create (0.0ms)[0m  [1m[32mINSERT INTO "flashcards" ("deck_id", "term", "definition", "position", "created_at", "updated_at") VALUES (?, ?, ?, ?, ?, ?) RETURNING "id"[0m  [["deck_id", 15], ["term", "Sun"], ["definition", "The star at the center of the Solar System."], ["position", 0], ["created_at", "2026-04-06 00:47:57.410820"], ["updated_at", "2026-04-06 00:47:57.410820"]]
  ↳ app/controllers/decks_controller.rb:212:in `block (2 levels) in import_decks_from_payload'
  [1m[36mFlashcard Create (0.1ms)[0m  [1m[32mINSERT INTO "flashcards" ("deck_id", "term", "definition", "position", "created_at", "updated_at") VALUES (?, ?, ?, ?, ?, ?) RETURNING "id"[0m  [["deck_id", 15], ["term", "Earth"], ["definition", "The third planet from the Sun."], ["position", 1], ["created_at", "2026-04-06 00:47:57.411650"], ["updated_at", "2026-04-06 00:47:57.411650"]]
  ↳ app/controllers/decks_controller.rb:212:in `block (2 levels) in import_decks_from_payload'
  [1m[36mTRANSACTION (0.1ms)[0m  [1m[36mcommit transaction[0m
  ↳ app/controllers/decks_controller.rb:171:in `import_decks_from_payload'
Redirected to http://127.0.0.1:3000/decks
Completed 302 Found in 12ms (ActiveRecord: 1.5ms | Allocations: 10258)


Started GET "/decks" for 127.0.0.1 at 2026-04-05 21:47:57 -0300
Processing by DecksController#index as TURBO_STREAM
  Rendering layout layouts/application.html.erb
  Rendering decks/index.html.erb within layouts/application
  Rendered shared/_landing_header.html.erb (Duration: 1.3ms | Allocations: 734)
  [1m[36mDeck Exists? (0.1ms)[0m  [1m[34mSELECT 1 AS one FROM "decks" LIMIT ?[0m  [["LIMIT", 1]]
  ↳ app/views/decks/index.html.erb:19
  [1m[36mDeck Load (0.0ms)[0m  [1m[34mSELECT "decks".* FROM "decks" ORDER BY "decks"."updated_at" DESC[0m
  ↳ app/views/decks/index.html.erb:21
  [1m[36mFlashcard Load (0.1ms)[0m  [1m[34mSELECT "flashcards".* FROM "flashcards" WHERE "flashcards"."deck_id" IN (?, ?, ?) ORDER BY "flashcards"."position" ASC, "flashcards"."id" ASC[0m  [["deck_id", 15], ["deck_id", 14], ["deck_id", 7]]
  ↳ app/views/decks/index.html.erb:21
  Rendered decks/index.html.erb within layouts/application (Duration: 3.4ms | Allocations: 3673)
  Rendered layout layouts/application.html.erb (Duration: 5.1ms | Allocations: 5386)
Completed 200 OK in 6ms (Views: 5.2ms | ActiveRecord: 0.1ms | Allocations: 5696)


Started GET "/decks/new" for 127.0.0.1 at 2026-04-05 21:48:02 -0300
Processing by DecksController#new as HTML
  [1m[36mDeck Exists? (0.1ms)[0m  [1m[34mSELECT 1 AS one FROM "decks" LIMIT ?[0m  [["LIMIT", 1]]
  ↳ app/controllers/decks_controller.rb:29:in `new'
  [1m[36mDeck Maximum (0.1ms)[0m  [1m[34mSELECT MAX("decks"."created_at") FROM "decks"[0m
  ↳ app/controllers/decks_controller.rb:32:in `new'
  Rendering layout layouts/application.html.erb
  Rendering decks/new.html.erb within layouts/application
  Rendered shared/_landing_header.html.erb (Duration: 1.9ms | Allocations: 731)
  Rendered decks/_flashcard_item.html.erb (Duration: 0.1ms | Allocations: 26)
  Rendered decks/_flashcard_item.html.erb (Duration: 0.0ms | Allocations: 14)
  Rendered decks/new.html.erb within layouts/application (Duration: 3.6ms | Allocations: 1426)
  Rendered layout layouts/application.html.erb (Duration: 6.0ms | Allocations: 3138)
Completed 200 OK in 11ms (Views: 6.5ms | ActiveRecord: 0.2ms | Allocations: 4831)


Started GET "/decks" for 127.0.0.1 at 2026-04-05 21:50:34 -0300
Processing by DecksController#index as HTML
  Rendering layout layouts/application.html.erb
  Rendering decks/index.html.erb within layouts/application
  Rendered shared/_landing_header.html.erb (Duration: 5.2ms | Allocations: 1035)
  [1m[36mDeck Exists? (0.1ms)[0m  [1m[34mSELECT 1 AS one FROM "decks" LIMIT ?[0m  [["LIMIT", 1]]
  ↳ app/views/decks/index.html.erb:19
  [1m[36mDeck Load (0.0ms)[0m  [1m[34mSELECT "decks".* FROM "decks" ORDER BY "decks"."updated_at" DESC[0m
  ↳ app/views/decks/index.html.erb:21
  [1m[36mFlashcard Load (0.1ms)[0m  [1m[34mSELECT "flashcards".* FROM "flashcards" WHERE "flashcards"."deck_id" IN (?, ?, ?) ORDER BY "flashcards"."position" ASC, "flashcards"."id" ASC[0m  [["deck_id", 15], ["deck_id", 14], ["deck_id", 7]]
  ↳ app/views/decks/index.html.erb:21
  Rendered decks/index.html.erb within layouts/application (Duration: 8.3ms | Allocations: 3959)
  Rendered layout layouts/application.html.erb (Duration: 10.2ms | Allocations: 5672)
Completed 200 OK in 12ms (Views: 10.4ms | ActiveRecord: 0.2ms | Allocations: 5980)


Started GET "/.well-known/appspecific/com.chrome.devtools.json" for 127.0.0.1 at 2026-04-05 21:50:48 -0300
  
ActionController::RoutingError (No route matches [GET] "/.well-known/appspecific/com.chrome.devtools.json"):
  
Started GET "/" for 127.0.0.1 at 2026-04-05 21:50:54 -0300
Processing by HomeController#index as HTML
  [1m[36mDeck Exists? (0.1ms)[0m  [1m[34mSELECT 1 AS one FROM "decks" LIMIT ?[0m  [["LIMIT", 1]]
  ↳ app/controllers/home_controller.rb:3:in `index'
  Rendering layout layouts/application.html.erb
  Rendering home/index.html.erb within layouts/application
  Rendered shared/_landing_header.html.erb (Duration: 1.2ms | Allocations: 869)
  Rendered shared/_flashcard_flip.html.erb (Duration: 0.6ms | Allocations: 429)
  Rendered home/index.html.erb within layouts/application (Duration: 2.9ms | Allocations: 1840)
  Rendered layout layouts/application.html.erb (Duration: 5.2ms | Allocations: 3843)
Completed 200 OK in 8ms (Views: 6.4ms | ActiveRecord: 0.1ms | Allocations: 5035)


Started GET "/.well-known/appspecific/com.chrome.devtools.json" for 127.0.0.1 at 2026-04-05 21:50:54 -0300
  
ActionController::RoutingError (No route matches [GET] "/.well-known/appspecific/com.chrome.devtools.json"):
  
Started GET "/" for 127.0.0.1 at 2026-04-05 21:52:19 -0300
Processing by HomeController#index as HTML
  [1m[36mDeck Exists? (0.0ms)[0m  [1m[34mSELECT 1 AS one FROM "decks" LIMIT ?[0m  [["LIMIT", 1]]
  ↳ app/controllers/home_controller.rb:3:in `index'
  Rendering layout layouts/application.html.erb
  Rendering home/index.html.erb within layouts/application
  Rendered shared/_landing_header.html.erb (Duration: 2.3ms | Allocations: 1220)
  Rendered shared/_flashcard_flip.html.erb (Duration: 0.5ms | Allocations: 429)
  Rendered home/index.html.erb within layouts/application (Duration: 4.7ms | Allocations: 2262)
  Rendered layout layouts/application.html.erb (Duration: 72.3ms | Allocations: 44961)
Completed 200 OK in 81ms (Views: 74.6ms | ActiveRecord: 2.0ms | Allocations: 48834)


Started GET "/.well-known/appspecific/com.chrome.devtools.json" for 127.0.0.1 at 2026-04-05 21:52:19 -0300
  
ActionController::RoutingError (No route matches [GET] "/.well-known/appspecific/com.chrome.devtools.json"):
  
Started GET "/decks/new" for 127.0.0.1 at 2026-04-05 21:53:13 -0300
Processing by DecksController#new as HTML
  [1m[36mDeck Exists? (0.1ms)[0m  [1m[34mSELECT 1 AS one FROM "decks" LIMIT ?[0m  [["LIMIT", 1]]
  ↳ app/controllers/decks_controller.rb:29:in `new'
  [1m[36mDeck Maximum (0.1ms)[0m  [1m[34mSELECT MAX("decks"."created_at") FROM "decks"[0m
  ↳ app/controllers/decks_controller.rb:32:in `new'
  Rendering layout layouts/application.html.erb
  Rendering decks/new.html.erb within layouts/application
  Rendered shared/_landing_header.html.erb (Duration: 3.3ms | Allocations: 869)
  Rendered decks/_flashcard_item.html.erb (Duration: 0.7ms | Allocations: 373)
  Rendered decks/_flashcard_item.html.erb (Duration: 0.0ms | Allocations: 14)
  Rendered decks/new.html.erb within layouts/application (Duration: 8.2ms | Allocations: 3002)
  Rendered layout layouts/application.html.erb (Duration: 11.2ms | Allocations: 4752)
Completed 200 OK in 45ms (Views: 13.5ms | ActiveRecord: 0.6ms | Allocations: 14396)


Started GET "/" for 127.0.0.1 at 2026-04-05 21:53:15 -0300
Processing by HomeController#index as HTML
  [1m[36mDeck Exists? (0.3ms)[0m  [1m[34mSELECT 1 AS one FROM "decks" LIMIT ?[0m  [["LIMIT", 1]]
  ↳ app/controllers/home_controller.rb:3:in `index'
  Rendering layout layouts/application.html.erb
  Rendering home/index.html.erb within layouts/application
  Rendered shared/_landing_header.html.erb (Duration: 2.2ms | Allocations: 729)
  Rendered shared/_flashcard_flip.html.erb (Duration: 0.1ms | Allocations: 35)
  Rendered home/index.html.erb within layouts/application (Duration: 2.8ms | Allocations: 933)
  Rendered layout layouts/application.html.erb (Duration: 7.1ms | Allocations: 2825)
Completed 200 OK in 11ms (Views: 8.1ms | ActiveRecord: 0.2ms | Allocations: 3693)


Started GET "/.well-known/appspecific/com.chrome.devtools.json" for 127.0.0.1 at 2026-04-05 21:53:28 -0300
  
ActionController::RoutingError (No route matches [GET] "/.well-known/appspecific/com.chrome.devtools.json"):
  
Started GET "/" for 127.0.0.1 at 2026-04-05 21:53:59 -0300
Processing by HomeController#index as HTML
  [1m[36mDeck Exists? (0.2ms)[0m  [1m[34mSELECT 1 AS one FROM "decks" LIMIT ?[0m  [["LIMIT", 1]]
  ↳ app/controllers/home_controller.rb:3:in `index'
  Rendering layout layouts/application.html.erb
  Rendering home/index.html.erb within layouts/application
  Rendered shared/_landing_header.html.erb (Duration: 3.3ms | Allocations: 1220)
  Rendered shared/_flashcard_flip.html.erb (Duration: 0.6ms | Allocations: 431)
  Rendered home/index.html.erb within layouts/application (Duration: 8.2ms | Allocations: 2262)
  Rendered layout layouts/application.html.erb (Duration: 47.5ms | Allocations: 44955)
Completed 200 OK in 66ms (Views: 52.1ms | ActiveRecord: 3.4ms | Allocations: 48817)


Started GET "/.well-known/appspecific/com.chrome.devtools.json" for 127.0.0.1 at 2026-04-05 21:54:00 -0300
  
ActionController::RoutingError (No route matches [GET] "/.well-known/appspecific/com.chrome.devtools.json"):
  
Started GET "/" for 127.0.0.1 at 2026-04-05 21:54:04 -0300
Processing by HomeController#index as HTML
  [1m[36mDeck Exists? (0.1ms)[0m  [1m[34mSELECT 1 AS one FROM "decks" LIMIT ?[0m  [["LIMIT", 1]]
  ↳ app/controllers/home_controller.rb:3:in `index'
  Rendering layout layouts/application.html.erb
  Rendering home/index.html.erb within layouts/application
  Rendered shared/_landing_header.html.erb (Duration: 1.4ms | Allocations: 735)
  Rendered shared/_flashcard_flip.html.erb (Duration: 0.0ms | Allocations: 32)
  Rendered home/index.html.erb within layouts/application (Duration: 1.7ms | Allocations: 936)
  Rendered layout layouts/application.html.erb (Duration: 3.4ms | Allocations: 2842)
Completed 200 OK in 6ms (Views: 3.7ms | ActiveRecord: 0.1ms | Allocations: 3753)


Started GET "/.well-known/appspecific/com.chrome.devtools.json" for 127.0.0.1 at 2026-04-05 21:54:04 -0300
  
ActionController::RoutingError (No route matches [GET] "/.well-known/appspecific/com.chrome.devtools.json"):
  
Started GET "/" for 127.0.0.1 at 2026-04-05 21:55:11 -0300
Processing by HomeController#index as HTML
  [1m[36mDeck Exists? (0.1ms)[0m  [1m[34mSELECT 1 AS one FROM "decks" LIMIT ?[0m  [["LIMIT", 1]]
  ↳ app/controllers/home_controller.rb:3:in `index'
  Rendering layout layouts/application.html.erb
  Rendering home/index.html.erb within layouts/application
  Rendered shared/_landing_header.html.erb (Duration: 2.0ms | Allocations: 1220)
  Rendered shared/_flashcard_flip.html.erb (Duration: 0.4ms | Allocations: 430)
  Rendered home/index.html.erb within layouts/application (Duration: 4.0ms | Allocations: 2263)
  Rendered layout layouts/application.html.erb (Duration: 23.0ms | Allocations: 44917)
Completed 200 OK in 31ms (Views: 25.1ms | ActiveRecord: 1.5ms | Allocations: 48789)


Started GET "/.well-known/appspecific/com.chrome.devtools.json" for 127.0.0.1 at 2026-04-05 21:55:39 -0300
  
ActionController::RoutingError (No route matches [GET] "/.well-known/appspecific/com.chrome.devtools.json"):
  
Started GET "/" for 127.0.0.1 at 2026-04-05 21:55:45 -0300
Processing by HomeController#index as HTML
  [1m[36mDeck Exists? (0.0ms)[0m  [1m[34mSELECT 1 AS one FROM "decks" LIMIT ?[0m  [["LIMIT", 1]]
  ↳ app/controllers/home_controller.rb:3:in `index'
  Rendering layout layouts/application.html.erb
  Rendering home/index.html.erb within layouts/application
  Rendered shared/_landing_header.html.erb (Duration: 1.5ms | Allocations: 1219)
  Rendered shared/_flashcard_flip.html.erb (Duration: 0.3ms | Allocations: 430)
  Rendered home/index.html.erb within layouts/application (Duration: 3.1ms | Allocations: 2260)
  Rendered layout layouts/application.html.erb (Duration: 22.3ms | Allocations: 45015)
Completed 200 OK in 28ms (Views: 23.7ms | ActiveRecord: 1.3ms | Allocations: 48827)


Started GET "/" for 127.0.0.1 at 2026-04-05 21:56:32 -0300
Processing by HomeController#index as HTML
  [1m[36mDeck Exists? (0.1ms)[0m  [1m[34mSELECT 1 AS one FROM "decks" LIMIT ?[0m  [["LIMIT", 1]]
  ↳ app/controllers/home_controller.rb:3:in `index'
  Rendering layout layouts/application.html.erb
  Rendering home/index.html.erb within layouts/application
  Rendered shared/_landing_header.html.erb (Duration: 2.1ms | Allocations: 1216)
  Rendered shared/_flashcard_flip.html.erb (Duration: 0.6ms | Allocations: 430)
  Rendered home/index.html.erb within layouts/application (Duration: 4.0ms | Allocations: 2261)
  Rendered layout layouts/application.html.erb (Duration: 20.2ms | Allocations: 44832)
Completed 200 OK in 28ms (Views: 22.3ms | ActiveRecord: 2.3ms | Allocations: 48705)


Started GET "/" for 127.0.0.1 at 2026-04-05 21:56:33 -0300
Processing by HomeController#index as HTML
  [1m[36mDeck Exists? (0.1ms)[0m  [1m[34mSELECT 1 AS one FROM "decks" LIMIT ?[0m  [["LIMIT", 1]]
  ↳ app/controllers/home_controller.rb:3:in `index'
  Rendering layout layouts/application.html.erb
  Rendering home/index.html.erb within layouts/application
  Rendered shared/_landing_header.html.erb (Duration: 1.8ms | Allocations: 729)
  Rendered shared/_flashcard_flip.html.erb (Duration: 0.0ms | Allocations: 32)
  Rendered home/index.html.erb within layouts/application (Duration: 2.1ms | Allocations: 930)
  Rendered layout layouts/application.html.erb (Duration: 4.0ms | Allocations: 2822)
Completed 200 OK in 7ms (Views: 4.5ms | ActiveRecord: 0.1ms | Allocations: 3735)


Started GET "/" for 127.0.0.1 at 2026-04-05 21:56:33 -0300
Processing by HomeController#index as HTML
  [1m[36mDeck Exists? (0.1ms)[0m  [1m[34mSELECT 1 AS one FROM "decks" LIMIT ?[0m  [["LIMIT", 1]]
  ↳ app/controllers/home_controller.rb:3:in `index'
  Rendering layout layouts/application.html.erb
  Rendering home/index.html.erb within layouts/application
  Rendered shared/_landing_header.html.erb (Duration: 1.2ms | Allocations: 729)
  Rendered shared/_flashcard_flip.html.erb (Duration: 0.0ms | Allocations: 32)
  Rendered home/index.html.erb within layouts/application (Duration: 1.4ms | Allocations: 930)
  Rendered layout layouts/application.html.erb (Duration: 3.2ms | Allocations: 2837)
Completed 200 OK in 5ms (Views: 3.4ms | ActiveRecord: 0.1ms | Allocations: 3637)


Started GET "/" for 127.0.0.1 at 2026-04-05 21:56:33 -0300
Processing by HomeController#index as HTML
  [1m[36mDeck Exists? (0.1ms)[0m  [1m[34mSELECT 1 AS one FROM "decks" LIMIT ?[0m  [["LIMIT", 1]]
  ↳ app/controllers/home_controller.rb:3:in `index'
  Rendering layout layouts/application.html.erb
  Rendering home/index.html.erb within layouts/application
  Rendered shared/_landing_header.html.erb (Duration: 1.3ms | Allocations: 729)
  Rendered shared/_flashcard_flip.html.erb (Duration: 0.0ms | Allocations: 32)
  Rendered home/index.html.erb within layouts/application (Duration: 2.0ms | Allocations: 930)
  Rendered layout layouts/application.html.erb (Duration: 4.1ms | Allocations: 2834)
Completed 200 OK in 6ms (Views: 4.4ms | ActiveRecord: 0.1ms | Allocations: 3633)


Started GET "/" for 127.0.0.1 at 2026-04-05 21:56:33 -0300
Processing by HomeController#index as HTML
  [1m[36mDeck Exists? (0.1ms)[0m  [1m[34mSELECT 1 AS one FROM "decks" LIMIT ?[0m  [["LIMIT", 1]]
  ↳ app/controllers/home_controller.rb:3:in `index'
  Rendering layout layouts/application.html.erb
  Rendering home/index.html.erb within layouts/application
  Rendered shared/_landing_header.html.erb (Duration: 1.7ms | Allocations: 729)
  Rendered shared/_flashcard_flip.html.erb (Duration: 0.1ms | Allocations: 32)
  Rendered home/index.html.erb within layouts/application (Duration: 2.1ms | Allocations: 930)
  Rendered layout layouts/application.html.erb (Duration: 4.2ms | Allocations: 2843)
Completed 200 OK in 7ms (Views: 4.6ms | ActiveRecord: 0.1ms | Allocations: 3642)


Started GET "/.well-known/appspecific/com.chrome.devtools.json" for 127.0.0.1 at 2026-04-05 21:56:40 -0300
  
ActionController::RoutingError (No route matches [GET] "/.well-known/appspecific/com.chrome.devtools.json"):
  
Started GET "/" for 127.0.0.1 at 2026-04-05 21:58:16 -0300
Processing by HomeController#index as HTML
  [1m[36mDeck Exists? (0.1ms)[0m  [1m[34mSELECT 1 AS one FROM "decks" LIMIT ?[0m  [["LIMIT", 1]]
  ↳ app/controllers/home_controller.rb:3:in `index'
  Rendering layout layouts/application.html.erb
  Rendering home/index.html.erb within layouts/application
  Rendered shared/_landing_header.html.erb (Duration: 2.2ms | Allocations: 1220)
  Rendered shared/_flashcard_flip.html.erb (Duration: 0.7ms | Allocations: 430)
  Rendered home/index.html.erb within layouts/application (Duration: 5.5ms | Allocations: 2266)
  Rendered layout layouts/application.html.erb (Duration: 29.8ms | Allocations: 44925)
Completed 200 OK in 38ms (Views: 32.0ms | ActiveRecord: 1.8ms | Allocations: 48797)


Started GET "/.well-known/appspecific/com.chrome.devtools.json" for 127.0.0.1 at 2026-04-05 21:58:22 -0300
  
ActionController::RoutingError (No route matches [GET] "/.well-known/appspecific/com.chrome.devtools.json"):
  
Started GET "/.well-known/appspecific/com.chrome.devtools.json" for 127.0.0.1 at 2026-04-05 21:59:35 -0300
  
ActionController::RoutingError (No route matches [GET] "/.well-known/appspecific/com.chrome.devtools.json"):
  
Started GET "/" for 127.0.0.1 at 2026-04-05 21:59:37 -0300
Processing by HomeController#index as HTML
  [1m[36mDeck Exists? (0.0ms)[0m  [1m[34mSELECT 1 AS one FROM "decks" LIMIT ?[0m  [["LIMIT", 1]]
  ↳ app/controllers/home_controller.rb:3:in `index'
  Rendering layout layouts/application.html.erb
  Rendering home/index.html.erb within layouts/application
  Rendered shared/_landing_header.html.erb (Duration: 1.4ms | Allocations: 1220)
  Rendered shared/_flashcard_flip.html.erb (Duration: 0.6ms | Allocations: 430)
  Rendered home/index.html.erb within layouts/application (Duration: 3.5ms | Allocations: 2261)
  Rendered layout layouts/application.html.erb (Duration: 25.0ms | Allocations: 45068)
Completed 200 OK in 31ms (Views: 26.3ms | ActiveRecord: 1.6ms | Allocations: 48892)


Started GET "/.well-known/appspecific/com.chrome.devtools.json" for 127.0.0.1 at 2026-04-05 21:59:37 -0300
  
ActionController::RoutingError (No route matches [GET] "/.well-known/appspecific/com.chrome.devtools.json"):
  
Started GET "/" for 127.0.0.1 at 2026-04-05 22:00:04 -0300
Processing by HomeController#index as HTML
  [1m[36mDeck Exists? (0.1ms)[0m  [1m[34mSELECT 1 AS one FROM "decks" LIMIT ?[0m  [["LIMIT", 1]]
  ↳ app/controllers/home_controller.rb:3:in `index'
  Rendering layout layouts/application.html.erb
  Rendering home/index.html.erb within layouts/application
  Rendered shared/_landing_header.html.erb (Duration: 2.1ms | Allocations: 732)
  Rendered shared/_flashcard_flip.html.erb (Duration: 0.0ms | Allocations: 32)
  Rendered home/index.html.erb within layouts/application (Duration: 2.4ms | Allocations: 933)
  Rendered layout layouts/application.html.erb (Duration: 4.4ms | Allocations: 2826)
Completed 200 OK in 7ms (Views: 4.7ms | ActiveRecord: 0.1ms | Allocations: 3737)


Started GET "/.well-known/appspecific/com.chrome.devtools.json" for 127.0.0.1 at 2026-04-05 22:00:04 -0300
  
ActionController::RoutingError (No route matches [GET] "/.well-known/appspecific/com.chrome.devtools.json"):
  
Started GET "/" for 127.0.0.1 at 2026-04-05 22:00:40 -0300
Processing by HomeController#index as HTML
  [1m[36mDeck Exists? (0.2ms)[0m  [1m[34mSELECT 1 AS one FROM "decks" LIMIT ?[0m  [["LIMIT", 1]]
  ↳ app/controllers/home_controller.rb:3:in `index'
  Rendering layout layouts/application.html.erb
  Rendering home/index.html.erb within layouts/application
  Rendered shared/_landing_header.html.erb (Duration: 1.3ms | Allocations: 736)
  Rendered shared/_flashcard_flip.html.erb (Duration: 0.0ms | Allocations: 32)
  Rendered home/index.html.erb within layouts/application (Duration: 1.5ms | Allocations: 937)
  Rendered layout layouts/application.html.erb (Duration: 3.1ms | Allocations: 2843)
Completed 200 OK in 5ms (Views: 3.3ms | ActiveRecord: 0.2ms | Allocations: 3643)


Started GET "/.well-known/appspecific/com.chrome.devtools.json" for 127.0.0.1 at 2026-04-05 22:00:40 -0300
  
ActionController::RoutingError (No route matches [GET] "/.well-known/appspecific/com.chrome.devtools.json"):
  
Started GET "/.well-known/appspecific/com.chrome.devtools.json" for 127.0.0.1 at 2026-04-05 22:00:54 -0300
  
ActionController::RoutingError (No route matches [GET] "/.well-known/appspecific/com.chrome.devtools.json"):
  
Started GET "/" for 127.0.0.1 at 2026-04-05 22:01:00 -0300
Processing by HomeController#index as HTML
  [1m[36mDeck Exists? (0.1ms)[0m  [1m[34mSELECT 1 AS one FROM "decks" LIMIT ?[0m  [["LIMIT", 1]]
  ↳ app/controllers/home_controller.rb:3:in `index'
  Rendering layout layouts/application.html.erb
  Rendering home/index.html.erb within layouts/application
  Rendered shared/_landing_header.html.erb (Duration: 1.2ms | Allocations: 1220)
  Rendered shared/_flashcard_flip.html.erb (Duration: 0.3ms | Allocations: 430)
  Rendered home/index.html.erb within layouts/application (Duration: 2.6ms | Allocations: 2261)
  Rendered layout layouts/application.html.erb (Duration: 17.8ms | Allocations: 44926)
Completed 200 OK in 24ms (Views: 19.2ms | ActiveRecord: 1.4ms | Allocations: 48750)


Started GET "/.well-known/appspecific/com.chrome.devtools.json" for 127.0.0.1 at 2026-04-05 22:01:00 -0300
  
ActionController::RoutingError (No route matches [GET] "/.well-known/appspecific/com.chrome.devtools.json"):
  
Started GET "/" for 127.0.0.1 at 2026-04-05 22:01:06 -0300
Processing by HomeController#index as HTML
  [1m[36mDeck Exists? (0.1ms)[0m  [1m[34mSELECT 1 AS one FROM "decks" LIMIT ?[0m  [["LIMIT", 1]]
  ↳ app/controllers/home_controller.rb:3:in `index'
  Rendering layout layouts/application.html.erb
  Rendering home/index.html.erb within layouts/application
  Rendered shared/_landing_header.html.erb (Duration: 2.1ms | Allocations: 736)
  Rendered shared/_flashcard_flip.html.erb (Duration: 0.1ms | Allocations: 32)
  Rendered home/index.html.erb within layouts/application (Duration: 2.5ms | Allocations: 937)
  Rendered layout layouts/application.html.erb (Duration: 4.9ms | Allocations: 2837)
Completed 200 OK in 8ms (Views: 5.3ms | ActiveRecord: 0.1ms | Allocations: 3749)


Started GET "/.well-known/appspecific/com.chrome.devtools.json" for 127.0.0.1 at 2026-04-05 22:01:06 -0300
  
ActionController::RoutingError (No route matches [GET] "/.well-known/appspecific/com.chrome.devtools.json"):
  
Started GET "/decks/start" for 127.0.0.1 at 2026-04-05 22:01:22 -0300
Processing by DecksController#start as HTML
  [1m[36mDeck Exists? (0.2ms)[0m  [1m[34mSELECT 1 AS one FROM "decks" LIMIT ?[0m  [["LIMIT", 1]]
  ↳ app/controllers/decks_controller.rb:3:in `start'
Redirected to http://127.0.0.1:3000/decks
Completed 302 Found in 3ms (ActiveRecord: 0.2ms | Allocations: 896)


Started GET "/decks" for 127.0.0.1 at 2026-04-05 22:01:22 -0300
Processing by DecksController#index as HTML
  Rendering layout layouts/application.html.erb
  Rendering decks/index.html.erb within layouts/application
  Rendered shared/_landing_header.html.erb (Duration: 1.1ms | Allocations: 852)
  [1m[36mDeck Exists? (0.1ms)[0m  [1m[34mSELECT 1 AS one FROM "decks" LIMIT ?[0m  [["LIMIT", 1]]
  ↳ app/views/decks/index.html.erb:19
  [1m[36mDeck Load (0.1ms)[0m  [1m[34mSELECT "decks".* FROM "decks" ORDER BY "decks"."updated_at" DESC[0m
  ↳ app/views/decks/index.html.erb:21
  [1m[36mFlashcard Load (0.1ms)[0m  [1m[34mSELECT "flashcards".* FROM "flashcards" WHERE "flashcards"."deck_id" IN (?, ?, ?) ORDER BY "flashcards"."position" ASC, "flashcards"."id" ASC[0m  [["deck_id", 15], ["deck_id", 14], ["deck_id", 7]]
  ↳ app/views/decks/index.html.erb:21
  Rendered decks/index.html.erb within layouts/application (Duration: 11.8ms | Allocations: 12614)
  Rendered layout layouts/application.html.erb (Duration: 13.5ms | Allocations: 14443)
Completed 200 OK in 16ms (Views: 14.2ms | ActiveRecord: 0.5ms | Allocations: 15050)


Started GET "/.well-known/appspecific/com.chrome.devtools.json" for 127.0.0.1 at 2026-04-05 22:01:24 -0300
  
ActionController::RoutingError (No route matches [GET] "/.well-known/appspecific/com.chrome.devtools.json"):
  
Started GET "/" for 127.0.0.1 at 2026-04-05 22:01:27 -0300
Processing by HomeController#index as HTML
  [1m[36mDeck Exists? (0.1ms)[0m  [1m[34mSELECT 1 AS one FROM "decks" LIMIT ?[0m  [["LIMIT", 1]]
  ↳ app/controllers/home_controller.rb:3:in `index'
  Rendering layout layouts/application.html.erb
  Rendering home/index.html.erb within layouts/application
  Rendered shared/_landing_header.html.erb (Duration: 1.7ms | Allocations: 751)
  Rendered shared/_flashcard_flip.html.erb (Duration: 0.0ms | Allocations: 35)
  Rendered home/index.html.erb within layouts/application (Duration: 2.0ms | Allocations: 955)
  Rendered layout layouts/application.html.erb (Duration: 3.9ms | Allocations: 2863)
Completed 200 OK in 6ms (Views: 4.2ms | ActiveRecord: 0.1ms | Allocations: 3702)


Started GET "/" for 127.0.0.1 at 2026-04-05 22:01:27 -0300
Processing by HomeController#index as HTML
  [1m[36mDeck Exists? (0.1ms)[0m  [1m[34mSELECT 1 AS one FROM "decks" LIMIT ?[0m  [["LIMIT", 1]]
  ↳ app/controllers/home_controller.rb:3:in `index'
  Rendering layout layouts/application.html.erb
  Rendering home/index.html.erb within layouts/application
  Rendered shared/_landing_header.html.erb (Duration: 1.7ms | Allocations: 729)
  Rendered shared/_flashcard_flip.html.erb (Duration: 0.1ms | Allocations: 32)
  Rendered home/index.html.erb within layouts/application (Duration: 2.1ms | Allocations: 930)
  Rendered layout layouts/application.html.erb (Duration: 4.6ms | Allocations: 2810)
Completed 200 OK in 7ms (Views: 4.9ms | ActiveRecord: 0.1ms | Allocations: 3609)


Started GET "/.well-known/appspecific/com.chrome.devtools.json" for 127.0.0.1 at 2026-04-05 22:01:55 -0300
  
ActionController::RoutingError (No route matches [GET] "/.well-known/appspecific/com.chrome.devtools.json"):
  
Started GET "/" for 127.0.0.1 at 2026-04-05 22:02:08 -0300
Processing by HomeController#index as HTML
  [1m[36mDeck Exists? (0.1ms)[0m  [1m[34mSELECT 1 AS one FROM "decks" LIMIT ?[0m  [["LIMIT", 1]]
  ↳ app/controllers/home_controller.rb:3:in `index'
  Rendering layout layouts/application.html.erb
  Rendering home/index.html.erb within layouts/application
  Rendered shared/_landing_header.html.erb (Duration: 1.7ms | Allocations: 1220)
  Rendered shared/_flashcard_flip.html.erb (Duration: 0.5ms | Allocations: 430)
  Rendered home/index.html.erb within layouts/application (Duration: 3.5ms | Allocations: 2261)
  Rendered layout layouts/application.html.erb (Duration: 21.1ms | Allocations: 44918)
Completed 200 OK in 28ms (Views: 22.7ms | ActiveRecord: 1.4ms | Allocations: 48788)


Started GET "/" for 127.0.0.1 at 2026-04-05 22:02:09 -0300
Processing by HomeController#index as HTML
  [1m[36mDeck Exists? (0.2ms)[0m  [1m[34mSELECT 1 AS one FROM "decks" LIMIT ?[0m  [["LIMIT", 1]]
  ↳ app/controllers/home_controller.rb:3:in `index'
  Rendering layout layouts/application.html.erb
  Rendering home/index.html.erb within layouts/application
  Rendered shared/_landing_header.html.erb (Duration: 1.3ms | Allocations: 735)
  Rendered shared/_flashcard_flip.html.erb (Duration: 0.0ms | Allocations: 32)
  Rendered home/index.html.erb within layouts/application (Duration: 1.5ms | Allocations: 936)
  Rendered layout layouts/application.html.erb (Duration: 3.5ms | Allocations: 2854)
Completed 200 OK in 6ms (Views: 3.8ms | ActiveRecord: 0.2ms | Allocations: 3768)


Started GET "/" for 127.0.0.1 at 2026-04-05 22:02:23 -0300
Processing by HomeController#index as HTML
  [1m[36mDeck Exists? (0.1ms)[0m  [1m[34mSELECT 1 AS one FROM "decks" LIMIT ?[0m  [["LIMIT", 1]]
  ↳ app/controllers/home_controller.rb:3:in `index'
  Rendering layout layouts/application.html.erb
  Rendering home/index.html.erb within layouts/application
  Rendered shared/_landing_header.html.erb (Duration: 1.3ms | Allocations: 730)
  Rendered shared/_flashcard_flip.html.erb (Duration: 0.0ms | Allocations: 32)
  Rendered home/index.html.erb within layouts/application (Duration: 1.5ms | Allocations: 931)
  Rendered layout layouts/application.html.erb (Duration: 3.2ms | Allocations: 2829)
Completed 200 OK in 6ms (Views: 3.4ms | ActiveRecord: 0.1ms | Allocations: 3628)


Started GET "/decks/start" for 127.0.0.1 at 2026-04-05 22:02:53 -0300
Processing by DecksController#start as HTML
  [1m[36mDeck Exists? (1.0ms)[0m  [1m[34mSELECT 1 AS one FROM "decks" LIMIT ?[0m  [["LIMIT", 1]]
  ↳ app/controllers/decks_controller.rb:3:in `start'
Redirected to http://127.0.0.1:3000/decks
Completed 302 Found in 6ms (ActiveRecord: 1.0ms | Allocations: 896)


Started GET "/decks" for 127.0.0.1 at 2026-04-05 22:02:53 -0300
Processing by DecksController#index as HTML
  Rendering layout layouts/application.html.erb
  Rendering decks/index.html.erb within layouts/application
  Rendered shared/_landing_header.html.erb (Duration: 2.4ms | Allocations: 845)
  [1m[36mDeck Exists? (0.1ms)[0m  [1m[34mSELECT 1 AS one FROM "decks" LIMIT ?[0m  [["LIMIT", 1]]
  ↳ app/views/decks/index.html.erb:19
  [1m[36mDeck Load (0.1ms)[0m  [1m[34mSELECT "decks".* FROM "decks" ORDER BY "decks"."updated_at" DESC[0m
  ↳ app/views/decks/index.html.erb:21
  [1m[36mFlashcard Load (0.1ms)[0m  [1m[34mSELECT "flashcards".* FROM "flashcards" WHERE "flashcards"."deck_id" IN (?, ?, ?) ORDER BY "flashcards"."position" ASC, "flashcards"."id" ASC[0m  [["deck_id", 15], ["deck_id", 14], ["deck_id", 7]]
  ↳ app/views/decks/index.html.erb:21
  Rendered decks/index.html.erb within layouts/application (Duration: 19.8ms | Allocations: 12589)
  Rendered layout layouts/application.html.erb (Duration: 22.4ms | Allocations: 14409)
Completed 200 OK in 29ms (Views: 23.2ms | ActiveRecord: 2.1ms | Allocations: 15014)


Started GET "/" for 127.0.0.1 at 2026-04-05 22:02:55 -0300
Processing by HomeController#index as HTML
  [1m[36mDeck Exists? (0.1ms)[0m  [1m[34mSELECT 1 AS one FROM "decks" LIMIT ?[0m  [["LIMIT", 1]]
  ↳ app/controllers/home_controller.rb:3:in `index'
  Rendering layout layouts/application.html.erb
  Rendering home/index.html.erb within layouts/application
  Rendered shared/_landing_header.html.erb (Duration: 2.5ms | Allocations: 745)
  Rendered shared/_flashcard_flip.html.erb (Duration: 0.1ms | Allocations: 35)
  Rendered home/index.html.erb within layouts/application (Duration: 3.0ms | Allocations: 953)
  Rendered layout layouts/application.html.erb (Duration: 5.9ms | Allocations: 2910)
Completed 200 OK in 8ms (Views: 6.3ms | ActiveRecord: 0.1ms | Allocations: 3764)


Started GET "/decks/start" for 127.0.0.1 at 2026-04-05 22:02:57 -0300
Processing by DecksController#start as HTML
  [1m[36mDeck Exists? (0.1ms)[0m  [1m[34mSELECT 1 AS one FROM "decks" LIMIT ?[0m  [["LIMIT", 1]]
  ↳ app/controllers/decks_controller.rb:3:in `start'
Redirected to http://127.0.0.1:3000/decks
Completed 302 Found in 3ms (ActiveRecord: 0.1ms | Allocations: 713)


Started GET "/decks" for 127.0.0.1 at 2026-04-05 22:02:57 -0300
Processing by DecksController#index as HTML
  Rendering layout layouts/application.html.erb
  Rendering decks/index.html.erb within layouts/application
  Rendered shared/_landing_header.html.erb (Duration: 1.5ms | Allocations: 729)
  [1m[36mDeck Exists? (0.1ms)[0m  [1m[34mSELECT 1 AS one FROM "decks" LIMIT ?[0m  [["LIMIT", 1]]
  ↳ app/views/decks/index.html.erb:19
  [1m[36mDeck Load (0.0ms)[0m  [1m[34mSELECT "decks".* FROM "decks" ORDER BY "decks"."updated_at" DESC[0m
  ↳ app/views/decks/index.html.erb:21
  [1m[36mFlashcard Load (0.4ms)[0m  [1m[34mSELECT "flashcards".* FROM "flashcards" WHERE "flashcards"."deck_id" IN (?, ?, ?) ORDER BY "flashcards"."position" ASC, "flashcards"."id" ASC[0m  [["deck_id", 15], ["deck_id", 14], ["deck_id", 7]]
  ↳ app/views/decks/index.html.erb:21
  Rendered decks/index.html.erb within layouts/application (Duration: 5.2ms | Allocations: 3680)
  Rendered layout layouts/application.html.erb (Duration: 16.0ms | Allocations: 5388)
Completed 200 OK in 17ms (Views: 15.8ms | ActiveRecord: 0.5ms | Allocations: 5704)


Started GET "/decks/new" for 127.0.0.1 at 2026-04-05 22:02:58 -0300
Processing by DecksController#new as HTML
  [1m[36mDeck Exists? (0.6ms)[0m  [1m[34mSELECT 1 AS one FROM "decks" LIMIT ?[0m  [["LIMIT", 1]]
  ↳ app/controllers/decks_controller.rb:29:in `new'
  [1m[36mDeck Maximum (0.1ms)[0m  [1m[34mSELECT MAX("decks"."created_at") FROM "decks"[0m
  ↳ app/controllers/decks_controller.rb:32:in `new'
  Rendering layout layouts/application.html.erb
  Rendering decks/new.html.erb within layouts/application
  Rendered shared/_landing_header.html.erb (Duration: 1.4ms | Allocations: 729)
  Rendered decks/_flashcard_item.html.erb (Duration: 0.6ms | Allocations: 372)
  Rendered decks/_flashcard_item.html.erb (Duration: 0.0ms | Allocations: 14)
  Rendered decks/new.html.erb within layouts/application (Duration: 4.5ms | Allocations: 2759)
  Rendered layout layouts/application.html.erb (Duration: 7.0ms | Allocations: 4471)
Completed 200 OK in 12ms (Views: 7.3ms | ActiveRecord: 0.6ms | Allocations: 6420)


Started GET "/" for 127.0.0.1 at 2026-04-05 22:03:00 -0300
Processing by HomeController#index as HTML
  [1m[36mDeck Exists? (0.0ms)[0m  [1m[34mSELECT 1 AS one FROM "decks" LIMIT ?[0m  [["LIMIT", 1]]
  ↳ app/controllers/home_controller.rb:3:in `index'
  Rendering layout layouts/application.html.erb
  Rendering home/index.html.erb within layouts/application
  Rendered shared/_landing_header.html.erb (Duration: 1.4ms | Allocations: 1220)
  Rendered shared/_flashcard_flip.html.erb (Duration: 0.5ms | Allocations: 430)
  Rendered home/index.html.erb within layouts/application (Duration: 3.2ms | Allocations: 2265)
  Rendered layout layouts/application.html.erb (Duration: 18.7ms | Allocations: 44926)
Completed 200 OK in 26ms (Views: 20.3ms | ActiveRecord: 1.6ms | Allocations: 48792)


Started GET "/" for 127.0.0.1 at 2026-04-05 22:03:03 -0300
Processing by HomeController#index as HTML
  [1m[36mDeck Exists? (0.1ms)[0m  [1m[34mSELECT 1 AS one FROM "decks" LIMIT ?[0m  [["LIMIT", 1]]
  ↳ app/controllers/home_controller.rb:3:in `index'
  Rendering layout layouts/application.html.erb
  Rendering home/index.html.erb within layouts/application
  Rendered shared/_landing_header.html.erb (Duration: 2.9ms | Allocations: 732)
  Rendered shared/_flashcard_flip.html.erb (Duration: 0.1ms | Allocations: 32)
  Rendered home/index.html.erb within layouts/application (Duration: 3.4ms | Allocations: 933)
  Rendered layout layouts/application.html.erb (Duration: 6.1ms | Allocations: 2830)
Completed 200 OK in 9ms (Views: 6.8ms | ActiveRecord: 0.1ms | Allocations: 3744)


Started GET "/" for 127.0.0.1 at 2026-04-05 22:03:03 -0300
Processing by HomeController#index as HTML
  [1m[36mDeck Exists? (0.2ms)[0m  [1m[34mSELECT 1 AS one FROM "decks" LIMIT ?[0m  [["LIMIT", 1]]
  ↳ app/controllers/home_controller.rb:3:in `index'
  Rendering layout layouts/application.html.erb
  Rendering home/index.html.erb within layouts/application
  Rendered shared/_landing_header.html.erb (Duration: 2.3ms | Allocations: 729)
  Rendered shared/_flashcard_flip.html.erb (Duration: 0.1ms | Allocations: 32)
  Rendered home/index.html.erb within layouts/application (Duration: 2.8ms | Allocations: 930)
  Rendered layout layouts/application.html.erb (Duration: 6.0ms | Allocations: 2840)
Completed 200 OK in 9ms (Views: 6.5ms | ActiveRecord: 0.2ms | Allocations: 3639)


Started GET "/" for 127.0.0.1 at 2026-04-05 22:03:04 -0300
Processing by HomeController#index as HTML
  [1m[36mDeck Exists? (0.1ms)[0m  [1m[34mSELECT 1 AS one FROM "decks" LIMIT ?[0m  [["LIMIT", 1]]
  ↳ app/controllers/home_controller.rb:3:in `index'
  Rendering layout layouts/application.html.erb
  Rendering home/index.html.erb within layouts/application
  Rendered shared/_landing_header.html.erb (Duration: 1.4ms | Allocations: 729)
  Rendered shared/_flashcard_flip.html.erb (Duration: 0.0ms | Allocations: 32)
  Rendered home/index.html.erb within layouts/application (Duration: 1.6ms | Allocations: 930)
  Rendered layout layouts/application.html.erb (Duration: 3.6ms | Allocations: 2834)
Completed 200 OK in 5ms (Views: 3.8ms | ActiveRecord: 0.1ms | Allocations: 3633)


Started GET "/" for 127.0.0.1 at 2026-04-05 22:03:09 -0300
Processing by HomeController#index as HTML
  [1m[36mDeck Exists? (0.2ms)[0m  [1m[34mSELECT 1 AS one FROM "decks" LIMIT ?[0m  [["LIMIT", 1]]
  ↳ app/controllers/home_controller.rb:3:in `index'
  Rendering layout layouts/application.html.erb
  Rendering home/index.html.erb within layouts/application
  Rendered shared/_landing_header.html.erb (Duration: 2.3ms | Allocations: 729)
  Rendered shared/_flashcard_flip.html.erb (Duration: 0.1ms | Allocations: 32)
  Rendered home/index.html.erb within layouts/application (Duration: 2.7ms | Allocations: 930)
  Rendered layout layouts/application.html.erb (Duration: 4.7ms | Allocations: 2804)
Completed 200 OK in 8ms (Views: 5.2ms | ActiveRecord: 0.2ms | Allocations: 3603)


Started GET "/" for 127.0.0.1 at 2026-04-05 22:03:09 -0300
Processing by HomeController#index as HTML
  [1m[36mDeck Exists? (0.1ms)[0m  [1m[34mSELECT 1 AS one FROM "decks" LIMIT ?[0m  [["LIMIT", 1]]
  ↳ app/controllers/home_controller.rb:3:in `index'
  Rendering layout layouts/application.html.erb
  Rendering home/index.html.erb within layouts/application
  Rendered shared/_landing_header.html.erb (Duration: 2.7ms | Allocations: 729)
  Rendered shared/_flashcard_flip.html.erb (Duration: 0.1ms | Allocations: 32)
  Rendered home/index.html.erb within layouts/application (Duration: 3.3ms | Allocations: 930)
  Rendered layout layouts/application.html.erb (Duration: 5.3ms | Allocations: 2819)
Completed 200 OK in 8ms (Views: 5.9ms | ActiveRecord: 0.1ms | Allocations: 3618)


Started GET "/decks/start" for 127.0.0.1 at 2026-04-05 22:03:10 -0300
Processing by DecksController#start as HTML
  [1m[36mDeck Exists? (0.2ms)[0m  [1m[34mSELECT 1 AS one FROM "decks" LIMIT ?[0m  [["LIMIT", 1]]
  ↳ app/controllers/decks_controller.rb:3:in `start'
Redirected to http://127.0.0.1:3000/decks
Completed 302 Found in 3ms (ActiveRecord: 0.1ms | Allocations: 896)


Started GET "/decks" for 127.0.0.1 at 2026-04-05 22:03:10 -0300
Processing by DecksController#index as HTML
  Rendering layout layouts/application.html.erb
  Rendering decks/index.html.erb within layouts/application
  Rendered shared/_landing_header.html.erb (Duration: 1.1ms | Allocations: 845)
  [1m[36mDeck Exists? (0.1ms)[0m  [1m[34mSELECT 1 AS one FROM "decks" LIMIT ?[0m  [["LIMIT", 1]]
  ↳ app/views/decks/index.html.erb:19
  [1m[36mDeck Load (0.1ms)[0m  [1m[34mSELECT "decks".* FROM "decks" ORDER BY "decks"."updated_at" DESC[0m
  ↳ app/views/decks/index.html.erb:21
  [1m[36mFlashcard Load (0.1ms)[0m  [1m[34mSELECT "flashcards".* FROM "flashcards" WHERE "flashcards"."deck_id" IN (?, ?, ?) ORDER BY "flashcards"."position" ASC, "flashcards"."id" ASC[0m  [["deck_id", 15], ["deck_id", 14], ["deck_id", 7]]
  ↳ app/views/decks/index.html.erb:21
  Rendered decks/index.html.erb within layouts/application (Duration: 9.4ms | Allocations: 12544)
  Rendered layout layouts/application.html.erb (Duration: 11.1ms | Allocations: 14373)
Completed 200 OK in 13ms (Views: 11.4ms | ActiveRecord: 0.5ms | Allocations: 14979)


Started GET "/.well-known/appspecific/com.chrome.devtools.json" for 127.0.0.1 at 2026-04-05 22:03:14 -0300
  
ActionController::RoutingError (No route matches [GET] "/.well-known/appspecific/com.chrome.devtools.json"):
  
Started GET "/.well-known/appspecific/com.chrome.devtools.json" for 127.0.0.1 at 2026-04-05 22:03:26 -0300
  
ActionController::RoutingError (No route matches [GET] "/.well-known/appspecific/com.chrome.devtools.json"):
  
Started GET "/" for 127.0.0.1 at 2026-04-05 22:03:49 -0300
Processing by HomeController#index as HTML
  [1m[36mDeck Exists? (0.0ms)[0m  [1m[34mSELECT 1 AS one FROM "decks" LIMIT ?[0m  [["LIMIT", 1]]
  ↳ app/controllers/home_controller.rb:3:in `index'
  Rendering layout layouts/application.html.erb
  Rendering home/index.html.erb within layouts/application
  Rendered shared/_landing_header.html.erb (Duration: 1.5ms | Allocations: 1220)
  Rendered shared/_flashcard_flip.html.erb (Duration: 0.5ms | Allocations: 430)
  Rendered home/index.html.erb within layouts/application (Duration: 3.4ms | Allocations: 2261)
  Rendered layout layouts/application.html.erb (Duration: 20.3ms | Allocations: 44906)
Completed 200 OK in 27ms (Views: 21.9ms | ActiveRecord: 1.3ms | Allocations: 48775)


Started GET "/.well-known/appspecific/com.chrome.devtools.json" for 127.0.0.1 at 2026-04-05 22:03:50 -0300
  
ActionController::RoutingError (No route matches [GET] "/.well-known/appspecific/com.chrome.devtools.json"):
  
Started GET "/" for 127.0.0.1 at 2026-04-05 22:04:06 -0300
Processing by HomeController#index as HTML
  [1m[36mDeck Exists? (0.1ms)[0m  [1m[34mSELECT 1 AS one FROM "decks" LIMIT ?[0m  [["LIMIT", 1]]
  ↳ app/controllers/home_controller.rb:3:in `index'
  Rendering layout layouts/application.html.erb
  Rendering home/index.html.erb within layouts/application
  Rendered shared/_landing_header.html.erb (Duration: 1.4ms | Allocations: 736)
  Rendered shared/_flashcard_flip.html.erb (Duration: 0.0ms | Allocations: 32)
  Rendered home/index.html.erb within layouts/application (Duration: 1.6ms | Allocations: 937)
  Rendered layout layouts/application.html.erb (Duration: 3.5ms | Allocations: 2834)
Completed 200 OK in 5ms (Views: 3.7ms | ActiveRecord: 0.1ms | Allocations: 3746)


Started GET "/decks/start" for 127.0.0.1 at 2026-04-05 22:04:07 -0300
Processing by DecksController#start as HTML
  [1m[36mDeck Exists? (0.1ms)[0m  [1m[34mSELECT 1 AS one FROM "decks" LIMIT ?[0m  [["LIMIT", 1]]
  ↳ app/controllers/decks_controller.rb:3:in `start'
Redirected to http://127.0.0.1:3000/decks
Completed 302 Found in 3ms (ActiveRecord: 0.1ms | Allocations: 896)


Started GET "/decks" for 127.0.0.1 at 2026-04-05 22:04:07 -0300
Processing by DecksController#index as HTML
  Rendering layout layouts/application.html.erb
  Rendering decks/index.html.erb within layouts/application
  Rendered shared/_landing_header.html.erb (Duration: 1.1ms | Allocations: 845)
  [1m[36mDeck Exists? (0.1ms)[0m  [1m[34mSELECT 1 AS one FROM "decks" LIMIT ?[0m  [["LIMIT", 1]]
  ↳ app/views/decks/index.html.erb:19
  [1m[36mDeck Load (0.1ms)[0m  [1m[34mSELECT "decks".* FROM "decks" ORDER BY "decks"."updated_at" DESC[0m
  ↳ app/views/decks/index.html.erb:21
  [1m[36mFlashcard Load (0.1ms)[0m  [1m[34mSELECT "flashcards".* FROM "flashcards" WHERE "flashcards"."deck_id" IN (?, ?, ?) ORDER BY "flashcards"."position" ASC, "flashcards"."id" ASC[0m  [["deck_id", 15], ["deck_id", 14], ["deck_id", 7]]
  ↳ app/views/decks/index.html.erb:21
  Rendered decks/index.html.erb within layouts/application (Duration: 8.5ms | Allocations: 12584)
  Rendered layout layouts/application.html.erb (Duration: 10.0ms | Allocations: 14404)
Completed 200 OK in 12ms (Views: 10.7ms | ActiveRecord: 0.4ms | Allocations: 15009)


Started GET "/" for 127.0.0.1 at 2026-04-05 22:04:09 -0300
Processing by HomeController#index as HTML
  [1m[36mDeck Exists? (0.2ms)[0m  [1m[34mSELECT 1 AS one FROM "decks" LIMIT ?[0m  [["LIMIT", 1]]
  ↳ app/controllers/home_controller.rb:3:in `index'
  Rendering layout layouts/application.html.erb
  Rendering home/index.html.erb within layouts/application
  Rendered shared/_landing_header.html.erb (Duration: 2.0ms | Allocations: 745)
  Rendered shared/_flashcard_flip.html.erb (Duration: 0.1ms | Allocations: 35)
  Rendered home/index.html.erb within layouts/application (Duration: 2.4ms | Allocations: 953)
  Rendered layout layouts/application.html.erb (Duration: 5.7ms | Allocations: 2913)
Completed 200 OK in 9ms (Views: 6.2ms | ActiveRecord: 0.2ms | Allocations: 3767)


Started GET "/decks/start" for 127.0.0.1 at 2026-04-05 22:04:09 -0300
Processing by DecksController#start as HTML
  [1m[36mDeck Exists? (0.1ms)[0m  [1m[34mSELECT 1 AS one FROM "decks" LIMIT ?[0m  [["LIMIT", 1]]
  ↳ app/controllers/decks_controller.rb:3:in `start'
Redirected to http://127.0.0.1:3000/decks
Completed 302 Found in 2ms (ActiveRecord: 0.1ms | Allocations: 713)


Started GET "/decks" for 127.0.0.1 at 2026-04-05 22:04:09 -0300
Processing by DecksController#index as HTML
  Rendering layout layouts/application.html.erb
  Rendering decks/index.html.erb within layouts/application
  Rendered shared/_landing_header.html.erb (Duration: 1.0ms | Allocations: 729)
  [1m[36mDeck Exists? (0.1ms)[0m  [1m[34mSELECT 1 AS one FROM "decks" LIMIT ?[0m  [["LIMIT", 1]]
  ↳ app/views/decks/index.html.erb:19
  [1m[36mDeck Load (0.0ms)[0m  [1m[34mSELECT "decks".* FROM "decks" ORDER BY "decks"."updated_at" DESC[0m
  ↳ app/views/decks/index.html.erb:21
  [1m[36mFlashcard Load (0.1ms)[0m  [1m[34mSELECT "flashcards".* FROM "flashcards" WHERE "flashcards"."deck_id" IN (?, ?, ?) ORDER BY "flashcards"."position" ASC, "flashcards"."id" ASC[0m  [["deck_id", 15], ["deck_id", 14], ["deck_id", 7]]
  ↳ app/views/decks/index.html.erb:21
  Rendered decks/index.html.erb within layouts/application (Duration: 3.0ms | Allocations: 3686)
  Rendered layout layouts/application.html.erb (Duration: 4.4ms | Allocations: 5394)
Completed 200 OK in 5ms (Views: 4.5ms | ActiveRecord: 0.2ms | Allocations: 5710)


Started GET "/" for 127.0.0.1 at 2026-04-05 22:05:35 -0300
Processing by HomeController#index as HTML
  [1m[36mDeck Exists? (0.1ms)[0m  [1m[34mSELECT 1 AS one FROM "decks" LIMIT ?[0m  [["LIMIT", 1]]
  ↳ app/controllers/home_controller.rb:3:in `index'
  Rendering layout layouts/application.html.erb
  Rendering home/index.html.erb within layouts/application
  Rendered shared/_landing_header.html.erb (Duration: 1.3ms | Allocations: 729)
  Rendered shared/_flashcard_flip.html.erb (Duration: 0.0ms | Allocations: 32)
  Rendered home/index.html.erb within layouts/application (Duration: 1.5ms | Allocations: 930)
  Rendered layout layouts/application.html.erb (Duration: 3.5ms | Allocations: 2834)
Completed 200 OK in 6ms (Views: 3.8ms | ActiveRecord: 0.1ms | Allocations: 3633)


Started GET "/" for 127.0.0.1 at 2026-04-05 22:05:48 -0300
Processing by HomeController#index as HTML
  [1m[36mDeck Exists? (0.1ms)[0m  [1m[34mSELECT 1 AS one FROM "decks" LIMIT ?[0m  [["LIMIT", 1]]
  ↳ app/controllers/home_controller.rb:3:in `index'
  Rendering layout layouts/application.html.erb
  Rendering home/index.html.erb within layouts/application
  Rendered shared/_landing_header.html.erb (Duration: 2.2ms | Allocations: 1220)
  Rendered shared/_flashcard_flip.html.erb (Duration: 0.7ms | Allocations: 430)
  Rendered home/index.html.erb within layouts/application (Duration: 4.9ms | Allocations: 2261)
  Rendered layout layouts/application.html.erb (Duration: 33.8ms | Allocations: 44936)
Completed 200 OK in 43ms (Views: 35.9ms | ActiveRecord: 1.9ms | Allocations: 48805)


Started GET "/" for 127.0.0.1 at 2026-04-05 22:05:53 -0300
Processing by HomeController#index as HTML
  [1m[36mDeck Exists? (0.2ms)[0m  [1m[34mSELECT 1 AS one FROM "decks" LIMIT ?[0m  [["LIMIT", 1]]
  ↳ app/controllers/home_controller.rb:3:in `index'
  Rendering layout layouts/application.html.erb
  Rendering home/index.html.erb within layouts/application
  Rendered shared/_landing_header.html.erb (Duration: 2.8ms | Allocations: 1220)
  Rendered shared/_flashcard_flip.html.erb (Duration: 0.9ms | Allocations: 430)
  Rendered home/index.html.erb within layouts/application (Duration: 6.2ms | Allocations: 2265)
  Rendered layout layouts/application.html.erb (Duration: 41.8ms | Allocations: 46225)
Completed 200 OK in 56ms (Views: 44.9ms | ActiveRecord: 3.5ms | Allocations: 50089)


Started GET "/" for 127.0.0.1 at 2026-04-05 22:06:28 -0300
Processing by HomeController#index as HTML
  [1m[36mDeck Exists? (0.2ms)[0m  [1m[34mSELECT 1 AS one FROM "decks" LIMIT ?[0m  [["LIMIT", 1]]
  ↳ app/controllers/home_controller.rb:3:in `index'
  Rendering layout layouts/application.html.erb
  Rendering home/index.html.erb within layouts/application
  Rendered shared/_landing_header.html.erb (Duration: 2.6ms | Allocations: 730)
  Rendered shared/_flashcard_flip.html.erb (Duration: 0.1ms | Allocations: 32)
  Rendered home/index.html.erb within layouts/application (Duration: 3.8ms | Allocations: 931)
  Rendered layout layouts/application.html.erb (Duration: 6.7ms | Allocations: 2839)
Completed 200 OK in 11ms (Views: 7.4ms | ActiveRecord: 0.2ms | Allocations: 3752)


Started GET "/decks/start" for 127.0.0.1 at 2026-04-05 22:06:31 -0300
Processing by DecksController#start as HTML
  [1m[36mDeck Exists? (0.1ms)[0m  [1m[34mSELECT 1 AS one FROM "decks" LIMIT ?[0m  [["LIMIT", 1]]
  ↳ app/controllers/decks_controller.rb:3:in `start'
Redirected to http://127.0.0.1:3000/decks
Completed 302 Found in 3ms (ActiveRecord: 0.1ms | Allocations: 896)


Started GET "/decks" for 127.0.0.1 at 2026-04-05 22:06:31 -0300
Processing by DecksController#index as HTML
  Rendering layout layouts/application.html.erb
  Rendering decks/index.html.erb within layouts/application
  Rendered shared/_landing_header.html.erb (Duration: 2.0ms | Allocations: 852)
  [1m[36mDeck Exists? (0.1ms)[0m  [1m[34mSELECT 1 AS one FROM "decks" LIMIT ?[0m  [["LIMIT", 1]]
  ↳ app/views/decks/index.html.erb:19
  [1m[36mDeck Load (0.1ms)[0m  [1m[34mSELECT "decks".* FROM "decks" ORDER BY "decks"."updated_at" DESC[0m
  ↳ app/views/decks/index.html.erb:21
  [1m[36mFlashcard Load (0.2ms)[0m  [1m[34mSELECT "flashcards".* FROM "flashcards" WHERE "flashcards"."deck_id" IN (?, ?, ?) ORDER BY "flashcards"."position" ASC, "flashcards"."id" ASC[0m  [["deck_id", 15], ["deck_id", 14], ["deck_id", 7]]
  ↳ app/views/decks/index.html.erb:21
  Rendered decks/index.html.erb within layouts/application (Duration: 16.0ms | Allocations: 12596)
  Rendered layout layouts/application.html.erb (Duration: 19.9ms | Allocations: 14421)
Completed 200 OK in 23ms (Views: 20.7ms | ActiveRecord: 0.8ms | Allocations: 15027)


Started GET "/decks/start" for 127.0.0.1 at 2026-04-05 22:06:35 -0300
Processing by DecksController#start as HTML
  [1m[36mDeck Exists? (0.1ms)[0m  [1m[34mSELECT 1 AS one FROM "decks" LIMIT ?[0m  [["LIMIT", 1]]
  ↳ app/controllers/decks_controller.rb:3:in `start'
Redirected to http://127.0.0.1:3000/decks
Completed 302 Found in 2ms (ActiveRecord: 0.1ms | Allocations: 738)


Started GET "/decks" for 127.0.0.1 at 2026-04-05 22:06:35 -0300
Processing by DecksController#index as HTML
  Rendering layout layouts/application.html.erb
  Rendering decks/index.html.erb within layouts/application
  Rendered shared/_landing_header.html.erb (Duration: 1.2ms | Allocations: 745)
  [1m[36mDeck Exists? (0.1ms)[0m  [1m[34mSELECT 1 AS one FROM "decks" LIMIT ?[0m  [["LIMIT", 1]]
  ↳ app/views/decks/index.html.erb:19
  [1m[36mDeck Load (0.0ms)[0m  [1m[34mSELECT "decks".* FROM "decks" ORDER BY "decks"."updated_at" DESC[0m
  ↳ app/views/decks/index.html.erb:21
  [1m[36mFlashcard Load (0.1ms)[0m  [1m[34mSELECT "flashcards".* FROM "flashcards" WHERE "flashcards"."deck_id" IN (?, ?, ?) ORDER BY "flashcards"."position" ASC, "flashcards"."id" ASC[0m  [["deck_id", 15], ["deck_id", 14], ["deck_id", 7]]
  ↳ app/views/decks/index.html.erb:21
  Rendered decks/index.html.erb within layouts/application (Duration: 3.4ms | Allocations: 3768)
  Rendered layout layouts/application.html.erb (Duration: 5.0ms | Allocations: 5480)
Completed 200 OK in 6ms (Views: 5.1ms | ActiveRecord: 0.2ms | Allocations: 5826)


Started GET "/decks/start" for 127.0.0.1 at 2026-04-05 22:06:35 -0300
Processing by DecksController#start as HTML
  [1m[36mDeck Exists? (0.1ms)[0m  [1m[34mSELECT 1 AS one FROM "decks" LIMIT ?[0m  [["LIMIT", 1]]
  ↳ app/controllers/decks_controller.rb:3:in `start'
Redirected to http://127.0.0.1:3000/decks
Completed 302 Found in 2ms (ActiveRecord: 0.1ms | Allocations: 697)


Started GET "/decks" for 127.0.0.1 at 2026-04-05 22:06:35 -0300
Processing by DecksController#index as HTML
  Rendering layout layouts/application.html.erb
  Rendering decks/index.html.erb within layouts/application
  Rendered shared/_landing_header.html.erb (Duration: 1.0ms | Allocations: 729)
  [1m[36mDeck Exists? (0.1ms)[0m  [1m[34mSELECT 1 AS one FROM "decks" LIMIT ?[0m  [["LIMIT", 1]]
  ↳ app/views/decks/index.html.erb:19
  [1m[36mDeck Load (0.0ms)[0m  [1m[34mSELECT "decks".* FROM "decks" ORDER BY "decks"."updated_at" DESC[0m
  ↳ app/views/decks/index.html.erb:21
  [1m[36mFlashcard Load (0.1ms)[0m  [1m[34mSELECT "flashcards".* FROM "flashcards" WHERE "flashcards"."deck_id" IN (?, ?, ?) ORDER BY "flashcards"."position" ASC, "flashcards"."id" ASC[0m  [["deck_id", 15], ["deck_id", 14], ["deck_id", 7]]
  ↳ app/views/decks/index.html.erb:21
  Rendered decks/index.html.erb within layouts/application (Duration: 2.9ms | Allocations: 3662)
  Rendered layout layouts/application.html.erb (Duration: 4.5ms | Allocations: 5370)
Completed 200 OK in 5ms (Views: 4.6ms | ActiveRecord: 0.1ms | Allocations: 5678)


Started GET "/" for 127.0.0.1 at 2026-04-05 22:06:37 -0300
Processing by HomeController#index as HTML
  [1m[36mDeck Exists? (0.2ms)[0m  [1m[34mSELECT 1 AS one FROM "decks" LIMIT ?[0m  [["LIMIT", 1]]
  ↳ app/controllers/home_controller.rb:3:in `index'
  Rendering layout layouts/application.html.erb
  Rendering home/index.html.erb within layouts/application
  Rendered shared/_landing_header.html.erb (Duration: 1.8ms | Allocations: 729)
  Rendered shared/_flashcard_flip.html.erb (Duration: 0.1ms | Allocations: 35)
  Rendered home/index.html.erb within layouts/application (Duration: 2.1ms | Allocations: 933)
  Rendered layout layouts/application.html.erb (Duration: 3.9ms | Allocations: 2828)
Completed 200 OK in 7ms (Views: 4.6ms | ActiveRecord: 0.2ms | Allocations: 3630)


Started GET "/" for 127.0.0.1 at 2026-04-05 22:07:21 -0300
Processing by HomeController#index as HTML
  [1m[36mDeck Exists? (0.1ms)[0m  [1m[34mSELECT 1 AS one FROM "decks" LIMIT ?[0m  [["LIMIT", 1]]
  ↳ app/controllers/home_controller.rb:3:in `index'
  Rendering layout layouts/application.html.erb
  Rendering home/index.html.erb within layouts/application
  Rendered shared/_landing_header.html.erb (Duration: 1.1ms | Allocations: 729)
  Rendered shared/_flashcard_flip.html.erb (Duration: 0.0ms | Allocations: 32)
  Rendered home/index.html.erb within layouts/application (Duration: 1.2ms | Allocations: 930)
  Rendered layout layouts/application.html.erb (Duration: 2.7ms | Allocations: 2840)
Completed 200 OK in 4ms (Views: 2.8ms | ActiveRecord: 0.1ms | Allocations: 3639)


Started GET "/decks/start" for 127.0.0.1 at 2026-04-05 22:07:22 -0300
Processing by DecksController#start as HTML
  [1m[36mDeck Exists? (0.2ms)[0m  [1m[34mSELECT 1 AS one FROM "decks" LIMIT ?[0m  [["LIMIT", 1]]
  ↳ app/controllers/decks_controller.rb:3:in `start'
Redirected to http://127.0.0.1:3000/decks
Completed 302 Found in 2ms (ActiveRecord: 0.2ms | Allocations: 697)


Started GET "/decks" for 127.0.0.1 at 2026-04-05 22:07:22 -0300
Processing by DecksController#index as HTML
  Rendering layout layouts/application.html.erb
  Rendering decks/index.html.erb within layouts/application
  Rendered shared/_landing_header.html.erb (Duration: 1.3ms | Allocations: 729)
  [1m[36mDeck Exists? (0.1ms)[0m  [1m[34mSELECT 1 AS one FROM "decks" LIMIT ?[0m  [["LIMIT", 1]]
  ↳ app/views/decks/index.html.erb:19
  [1m[36mDeck Load (0.0ms)[0m  [1m[34mSELECT "decks".* FROM "decks" ORDER BY "decks"."updated_at" DESC[0m
  ↳ app/views/decks/index.html.erb:21
  [1m[36mFlashcard Load (0.1ms)[0m  [1m[34mSELECT "flashcards".* FROM "flashcards" WHERE "flashcards"."deck_id" IN (?, ?, ?) ORDER BY "flashcards"."position" ASC, "flashcards"."id" ASC[0m  [["deck_id", 15], ["deck_id", 14], ["deck_id", 7]]
  ↳ app/views/decks/index.html.erb:21
  Rendered decks/index.html.erb within layouts/application (Duration: 3.5ms | Allocations: 3656)
  Rendered layout layouts/application.html.erb (Duration: 5.3ms | Allocations: 5364)
Completed 200 OK in 6ms (Views: 5.5ms | ActiveRecord: 0.2ms | Allocations: 5671)


Started GET "/decks/new" for 127.0.0.1 at 2026-04-05 22:07:23 -0300
Processing by DecksController#new as HTML
  [1m[36mDeck Exists? (0.1ms)[0m  [1m[34mSELECT 1 AS one FROM "decks" LIMIT ?[0m  [["LIMIT", 1]]
  ↳ app/controllers/decks_controller.rb:29:in `new'
  [1m[36mDeck Maximum (0.1ms)[0m  [1m[34mSELECT MAX("decks"."created_at") FROM "decks"[0m
  ↳ app/controllers/decks_controller.rb:32:in `new'
  Rendering layout layouts/application.html.erb
  Rendering decks/new.html.erb within layouts/application
  Rendered shared/_landing_header.html.erb (Duration: 1.7ms | Allocations: 729)
  Rendered decks/_flashcard_item.html.erb (Duration: 0.6ms | Allocations: 372)
  Rendered decks/_flashcard_item.html.erb (Duration: 0.0ms | Allocations: 14)
  Rendered decks/new.html.erb within layouts/application (Duration: 5.6ms | Allocations: 2762)
  Rendered layout layouts/application.html.erb (Duration: 7.4ms | Allocations: 4474)
Completed 200 OK in 14ms (Views: 7.9ms | ActiveRecord: 0.3ms | Allocations: 6425)


Started GET "/decks" for 127.0.0.1 at 2026-04-05 22:07:26 -0300
Processing by DecksController#index as HTML
  Rendering layout layouts/application.html.erb
  Rendering decks/index.html.erb within layouts/application
  Rendered shared/_landing_header.html.erb (Duration: 2.4ms | Allocations: 729)
  [1m[36mDeck Exists? (0.1ms)[0m  [1m[34mSELECT 1 AS one FROM "decks" LIMIT ?[0m  [["LIMIT", 1]]
  ↳ app/views/decks/index.html.erb:19
  [1m[36mDeck Load (0.1ms)[0m  [1m[34mSELECT "decks".* FROM "decks" ORDER BY "decks"."updated_at" DESC[0m
  ↳ app/views/decks/index.html.erb:21
  [1m[36mFlashcard Load (0.2ms)[0m  [1m[34mSELECT "flashcards".* FROM "flashcards" WHERE "flashcards"."deck_id" IN (?, ?, ?) ORDER BY "flashcards"."position" ASC, "flashcards"."id" ASC[0m  [["deck_id", 15], ["deck_id", 14], ["deck_id", 7]]
  ↳ app/views/decks/index.html.erb:21
  Rendered decks/index.html.erb within layouts/application (Duration: 7.4ms | Allocations: 3677)
  Rendered layout layouts/application.html.erb (Duration: 9.2ms | Allocations: 5385)
Completed 200 OK in 11ms (Views: 9.3ms | ActiveRecord: 0.4ms | Allocations: 5692)


Started GET "/decks/15/edit" for 127.0.0.1 at 2026-04-05 22:07:29 -0300
Processing by DecksController#edit as HTML
  Parameters: {"id"=>"15"}
  [1m[36mDeck Exists? (0.0ms)[0m  [1m[34mSELECT 1 AS one FROM "decks" LIMIT ?[0m  [["LIMIT", 1]]
  ↳ app/controllers/decks_controller.rb:38:in `edit'
  [1m[36mDeck Load (0.0ms)[0m  [1m[34mSELECT "decks".* FROM "decks" WHERE "decks"."id" = ? LIMIT ?[0m  [["id", 15], ["LIMIT", 1]]
  ↳ app/controllers/decks_controller.rb:39:in `edit'
  [1m[36mFlashcard Load (0.0ms)[0m  [1m[34mSELECT "flashcards".* FROM "flashcards" WHERE "flashcards"."deck_id" = ? ORDER BY "flashcards"."position" ASC, "flashcards"."id" ASC[0m  [["deck_id", 15]]
  ↳ app/controllers/decks_controller.rb:39:in `edit'
  Rendering layout layouts/application.html.erb
  Rendering decks/new.html.erb within layouts/application
  Rendered shared/_landing_header.html.erb (Duration: 1.5ms | Allocations: 1219)
  Rendered decks/_flashcard_item.html.erb (Duration: 0.4ms | Allocations: 381)
  Rendered decks/_flashcard_item.html.erb (Duration: 0.0ms | Allocations: 26)
  Rendered decks/_flashcard_item.html.erb (Duration: 0.0ms | Allocations: 14)
  Rendered decks/new.html.erb within layouts/application (Duration: 4.2ms | Allocations: 3573)
  Rendered layout layouts/application.html.erb (Duration: 23.6ms | Allocations: 45946)
Completed 200 OK in 35ms (Views: 25.9ms | ActiveRecord: 1.7ms | Allocations: 59439)


Started GET "/decks/15/edit" for 127.0.0.1 at 2026-04-05 22:07:39 -0300
Processing by DecksController#edit as HTML
  Parameters: {"id"=>"15"}
  [1m[36mDeck Exists? (0.1ms)[0m  [1m[34mSELECT 1 AS one FROM "decks" LIMIT ?[0m  [["LIMIT", 1]]
  ↳ app/controllers/decks_controller.rb:38:in `edit'
  [1m[36mDeck Load (0.0ms)[0m  [1m[34mSELECT "decks".* FROM "decks" WHERE "decks"."id" = ? LIMIT ?[0m  [["id", 15], ["LIMIT", 1]]
  ↳ app/controllers/decks_controller.rb:39:in `edit'
  [1m[36mFlashcard Load (0.0ms)[0m  [1m[34mSELECT "flashcards".* FROM "flashcards" WHERE "flashcards"."deck_id" = ? ORDER BY "flashcards"."position" ASC, "flashcards"."id" ASC[0m  [["deck_id", 15]]
  ↳ app/controllers/decks_controller.rb:39:in `edit'
  Rendering layout layouts/application.html.erb
  Rendering decks/new.html.erb within layouts/application
  Rendered shared/_landing_header.html.erb (Duration: 1.7ms | Allocations: 732)
  Rendered decks/_flashcard_item.html.erb (Duration: 0.0ms | Allocations: 35)
  Rendered decks/_flashcard_item.html.erb (Duration: 0.0ms | Allocations: 26)
  Rendered decks/_flashcard_item.html.erb (Duration: 0.0ms | Allocations: 14)
  Rendered decks/new.html.erb within layouts/application (Duration: 2.7ms | Allocations: 1553)
  Rendered layout layouts/application.html.erb (Duration: 4.6ms | Allocations: 3262)
Completed 200 OK in 8ms (Views: 4.8ms | ActiveRecord: 0.1ms | Allocations: 6026)


Started GET "/" for 127.0.0.1 at 2026-04-05 22:07:40 -0300
Processing by HomeController#index as HTML
  [1m[36mDeck Exists? (0.1ms)[0m  [1m[34mSELECT 1 AS one FROM "decks" LIMIT ?[0m  [["LIMIT", 1]]
  ↳ app/controllers/home_controller.rb:3:in `index'
  Rendering layout layouts/application.html.erb
  Rendering home/index.html.erb within layouts/application
  Rendered shared/_landing_header.html.erb (Duration: 1.5ms | Allocations: 862)
  Rendered shared/_flashcard_flip.html.erb (Duration: 0.5ms | Allocations: 430)
  Rendered home/index.html.erb within layouts/application (Duration: 3.1ms | Allocations: 1838)
  Rendered layout layouts/application.html.erb (Duration: 5.2ms | Allocations: 3854)
Completed 200 OK in 8ms (Views: 6.4ms | ActiveRecord: 0.1ms | Allocations: 5045)


Started GET "/" for 127.0.0.1 at 2026-04-05 22:08:33 -0300
Processing by HomeController#index as HTML
  [1m[36mDeck Exists? (0.1ms)[0m  [1m[34mSELECT 1 AS one FROM "decks" LIMIT ?[0m  [["LIMIT", 1]]
  ↳ app/controllers/home_controller.rb:3:in `index'
  Rendering layout layouts/application.html.erb
  Rendering home/index.html.erb within layouts/application
  Rendered shared/_landing_header.html.erb (Duration: 1.4ms | Allocations: 1213)
  Rendered shared/_flashcard_flip.html.erb (Duration: 0.3ms | Allocations: 430)
  Rendered home/index.html.erb within layouts/application (Duration: 2.8ms | Allocations: 2254)
  Rendered layout layouts/application.html.erb (Duration: 21.3ms | Allocations: 44897)
Completed 200 OK in 27ms (Views: 22.9ms | ActiveRecord: 1.4ms | Allocations: 48765)


Started GET "/decks/start" for 127.0.0.1 at 2026-04-05 22:08:35 -0300
Processing by DecksController#start as HTML
  [1m[36mDeck Exists? (0.1ms)[0m  [1m[34mSELECT 1 AS one FROM "decks" LIMIT ?[0m  [["LIMIT", 1]]
  ↳ app/controllers/decks_controller.rb:3:in `start'
Redirected to http://127.0.0.1:3000/decks
Completed 302 Found in 3ms (ActiveRecord: 0.1ms | Allocations: 900)


Started GET "/decks" for 127.0.0.1 at 2026-04-05 22:08:35 -0300
Processing by DecksController#index as HTML
  Rendering layout layouts/application.html.erb
  Rendering decks/index.html.erb within layouts/application
  Rendered shared/_landing_header.html.erb (Duration: 1.6ms | Allocations: 848)
  [1m[36mDeck Exists? (0.1ms)[0m  [1m[34mSELECT 1 AS one FROM "decks" LIMIT ?[0m  [["LIMIT", 1]]
  ↳ app/views/decks/index.html.erb:19
  [1m[36mDeck Load (0.1ms)[0m  [1m[34mSELECT "decks".* FROM "decks" ORDER BY "decks"."updated_at" DESC[0m
  ↳ app/views/decks/index.html.erb:21
  [1m[36mFlashcard Load (0.1ms)[0m  [1m[34mSELECT "flashcards".* FROM "flashcards" WHERE "flashcards"."deck_id" IN (?, ?, ?) ORDER BY "flashcards"."position" ASC, "flashcards"."id" ASC[0m  [["deck_id", 15], ["deck_id", 14], ["deck_id", 7]]
  ↳ app/views/decks/index.html.erb:21
  Rendered decks/index.html.erb within layouts/application (Duration: 10.0ms | Allocations: 12580)
  Rendered layout layouts/application.html.erb (Duration: 11.9ms | Allocations: 14403)
Completed 200 OK in 14ms (Views: 12.8ms | ActiveRecord: 0.4ms | Allocations: 15009)


Started GET "/decks/new" for 127.0.0.1 at 2026-04-05 22:08:36 -0300
Processing by DecksController#new as HTML
  [1m[36mDeck Exists? (0.1ms)[0m  [1m[34mSELECT 1 AS one FROM "decks" LIMIT ?[0m  [["LIMIT", 1]]
  ↳ app/controllers/decks_controller.rb:29:in `new'
  [1m[36mDeck Maximum (0.1ms)[0m  [1m[34mSELECT MAX("decks"."created_at") FROM "decks"[0m
  ↳ app/controllers/decks_controller.rb:32:in `new'
  Rendering layout layouts/application.html.erb
  Rendering decks/new.html.erb within layouts/application
  Rendered shared/_landing_header.html.erb (Duration: 1.6ms | Allocations: 748)
  Rendered decks/_flashcard_item.html.erb (Duration: 0.4ms | Allocations: 372)
  Rendered decks/_flashcard_item.html.erb (Duration: 0.0ms | Allocations: 14)
  Rendered decks/new.html.erb within layouts/application (Duration: 4.7ms | Allocations: 2852)
  Rendered layout layouts/application.html.erb (Duration: 6.4ms | Allocations: 4567)
Completed 200 OK in 12ms (Views: 6.8ms | ActiveRecord: 0.2ms | Allocations: 6572)


Started GET "/decks/15/edit" for 127.0.0.1 at 2026-04-05 22:08:37 -0300
Processing by DecksController#edit as HTML
  Parameters: {"id"=>"15"}
  [1m[36mDeck Exists? (0.1ms)[0m  [1m[34mSELECT 1 AS one FROM "decks" LIMIT ?[0m  [["LIMIT", 1]]
  ↳ app/controllers/decks_controller.rb:38:in `edit'
  [1m[36mDeck Load (0.1ms)[0m  [1m[34mSELECT "decks".* FROM "decks" WHERE "decks"."id" = ? LIMIT ?[0m  [["id", 15], ["LIMIT", 1]]
  ↳ app/controllers/decks_controller.rb:39:in `edit'
  [1m[36mFlashcard Load (0.1ms)[0m  [1m[34mSELECT "flashcards".* FROM "flashcards" WHERE "flashcards"."deck_id" = ? ORDER BY "flashcards"."position" ASC, "flashcards"."id" ASC[0m  [["deck_id", 15]]
  ↳ app/controllers/decks_controller.rb:39:in `edit'
  Rendering layout layouts/application.html.erb
  Rendering decks/new.html.erb within layouts/application
  Rendered shared/_landing_header.html.erb (Duration: 2.1ms | Allocations: 729)
  Rendered decks/_flashcard_item.html.erb (Duration: 0.0ms | Allocations: 35)
  Rendered decks/_flashcard_item.html.erb (Duration: 0.0ms | Allocations: 26)
  Rendered decks/_flashcard_item.html.erb (Duration: 0.0ms | Allocations: 14)
  Rendered decks/new.html.erb within layouts/application (Duration: 3.2ms | Allocations: 1535)
  Rendered layout layouts/application.html.erb (Duration: 5.0ms | Allocations: 3243)
Completed 200 OK in 11ms (Views: 5.4ms | ActiveRecord: 0.4ms | Allocations: 5870)


Started GET "/decks" for 127.0.0.1 at 2026-04-05 22:08:44 -0300
Processing by DecksController#index as HTML
  Rendering layout layouts/application.html.erb
  Rendering decks/index.html.erb within layouts/application
  Rendered shared/_landing_header.html.erb (Duration: 2.4ms | Allocations: 729)
  [1m[36mDeck Exists? (0.1ms)[0m  [1m[34mSELECT 1 AS one FROM "decks" LIMIT ?[0m  [["LIMIT", 1]]
  ↳ app/views/decks/index.html.erb:19
  [1m[36mDeck Load (0.0ms)[0m  [1m[34mSELECT "decks".* FROM "decks" ORDER BY "decks"."updated_at" DESC[0m
  ↳ app/views/decks/index.html.erb:21
  [1m[36mFlashcard Load (0.1ms)[0m  [1m[34mSELECT "flashcards".* FROM "flashcards" WHERE "flashcards"."deck_id" IN (?, ?, ?) ORDER BY "flashcards"."position" ASC, "flashcards"."id" ASC[0m  [["deck_id", 15], ["deck_id", 14], ["deck_id", 7]]
  ↳ app/views/decks/index.html.erb:21
  Rendered decks/index.html.erb within layouts/application (Duration: 5.2ms | Allocations: 3665)
  Rendered layout layouts/application.html.erb (Duration: 6.7ms | Allocations: 5373)
Completed 200 OK in 9ms (Views: 7.0ms | ActiveRecord: 0.2ms | Allocations: 5689)


Started GET "/decks/15/edit" for 127.0.0.1 at 2026-04-05 22:08:54 -0300
Processing by DecksController#edit as HTML
  Parameters: {"id"=>"15"}
  [1m[36mDeck Exists? (0.2ms)[0m  [1m[34mSELECT 1 AS one FROM "decks" LIMIT ?[0m  [["LIMIT", 1]]
  ↳ app/controllers/decks_controller.rb:38:in `edit'
  [1m[36mDeck Load (0.1ms)[0m  [1m[34mSELECT "decks".* FROM "decks" WHERE "decks"."id" = ? LIMIT ?[0m  [["id", 15], ["LIMIT", 1]]
  ↳ app/controllers/decks_controller.rb:39:in `edit'
  [1m[36mFlashcard Load (0.1ms)[0m  [1m[34mSELECT "flashcards".* FROM "flashcards" WHERE "flashcards"."deck_id" = ? ORDER BY "flashcards"."position" ASC, "flashcards"."id" ASC[0m  [["deck_id", 15]]
  ↳ app/controllers/decks_controller.rb:39:in `edit'
  Rendering layout layouts/application.html.erb
  Rendering decks/new.html.erb within layouts/application
  Rendered shared/_landing_header.html.erb (Duration: 2.4ms | Allocations: 729)
  Rendered decks/_flashcard_item.html.erb (Duration: 0.1ms | Allocations: 35)
  Rendered decks/_flashcard_item.html.erb (Duration: 0.0ms | Allocations: 26)
  Rendered decks/_flashcard_item.html.erb (Duration: 0.0ms | Allocations: 14)
  Rendered decks/new.html.erb within layouts/application (Duration: 4.1ms | Allocations: 1541)
  Rendered layout layouts/application.html.erb (Duration: 7.1ms | Allocations: 3249)
Completed 200 OK in 14ms (Views: 7.8ms | ActiveRecord: 0.4ms | Allocations: 5783)


Started GET "/decks/15/edit" for 127.0.0.1 at 2026-04-05 22:10:44 -0300
Processing by DecksController#edit as HTML
  Parameters: {"id"=>"15"}
  [1m[36mDeck Exists? (0.5ms)[0m  [1m[34mSELECT 1 AS one FROM "decks" LIMIT ?[0m  [["LIMIT", 1]]
  ↳ app/controllers/decks_controller.rb:38:in `edit'
  [1m[36mDeck Load (0.1ms)[0m  [1m[34mSELECT "decks".* FROM "decks" WHERE "decks"."id" = ? LIMIT ?[0m  [["id", 15], ["LIMIT", 1]]
  ↳ app/controllers/decks_controller.rb:39:in `edit'
  [1m[36mFlashcard Load (0.1ms)[0m  [1m[34mSELECT "flashcards".* FROM "flashcards" WHERE "flashcards"."deck_id" = ? ORDER BY "flashcards"."position" ASC, "flashcards"."id" ASC[0m  [["deck_id", 15]]
  ↳ app/controllers/decks_controller.rb:39:in `edit'
  Rendering layout layouts/application.html.erb
  Rendering decks/new.html.erb within layouts/application
  Rendered shared/_landing_header.html.erb (Duration: 3.4ms | Allocations: 729)
  Rendered decks/_flashcard_item.html.erb (Duration: 0.0ms | Allocations: 35)
  Rendered decks/_flashcard_item.html.erb (Duration: 0.0ms | Allocations: 26)
  Rendered decks/_flashcard_item.html.erb (Duration: 0.0ms | Allocations: 14)
  Rendered decks/new.html.erb within layouts/application (Duration: 5.0ms | Allocations: 1538)
  Rendered layout layouts/application.html.erb (Duration: 9.9ms | Allocations: 3246)
Completed 200 OK in 18ms (Views: 10.4ms | ActiveRecord: 0.7ms | Allocations: 5780)


Started GET "/decks/15/edit" for 127.0.0.1 at 2026-04-05 22:14:33 -0300
Processing by DecksController#edit as HTML
  Parameters: {"id"=>"15"}
  [1m[36mDeck Exists? (0.2ms)[0m  [1m[34mSELECT 1 AS one FROM "decks" LIMIT ?[0m  [["LIMIT", 1]]
  ↳ app/controllers/decks_controller.rb:38:in `edit'
  [1m[36mDeck Load (0.0ms)[0m  [1m[34mSELECT "decks".* FROM "decks" WHERE "decks"."id" = ? LIMIT ?[0m  [["id", 15], ["LIMIT", 1]]
  ↳ app/controllers/decks_controller.rb:39:in `edit'
  [1m[36mFlashcard Load (0.0ms)[0m  [1m[34mSELECT "flashcards".* FROM "flashcards" WHERE "flashcards"."deck_id" = ? ORDER BY "flashcards"."position" ASC, "flashcards"."id" ASC[0m  [["deck_id", 15]]
  ↳ app/controllers/decks_controller.rb:39:in `edit'
  Rendering layout layouts/application.html.erb
  Rendering decks/new.html.erb within layouts/application
  Rendered shared/_landing_header.html.erb (Duration: 1.7ms | Allocations: 729)
  Rendered decks/_flashcard_item.html.erb (Duration: 0.0ms | Allocations: 35)
  Rendered decks/_flashcard_item.html.erb (Duration: 0.0ms | Allocations: 26)
  Rendered decks/_flashcard_item.html.erb (Duration: 0.0ms | Allocations: 14)
  Rendered decks/new.html.erb within layouts/application (Duration: 2.7ms | Allocations: 1541)
  Rendered layout layouts/application.html.erb (Duration: 9.5ms | Allocations: 4723)
Completed 200 OK in 14ms (Views: 9.9ms | ActiveRecord: 0.2ms | Allocations: 7257)


Started GET "/.well-known/appspecific/com.chrome.devtools.json" for 127.0.0.1 at 2026-04-05 22:14:40 -0300
  
ActionController::RoutingError (No route matches [GET] "/.well-known/appspecific/com.chrome.devtools.json"):
  
Started GET "/" for 127.0.0.1 at 2026-04-05 22:14:49 -0300
Processing by HomeController#index as HTML
  [1m[36mDeck Exists? (0.2ms)[0m  [1m[34mSELECT 1 AS one FROM "decks" LIMIT ?[0m  [["LIMIT", 1]]
  ↳ app/controllers/home_controller.rb:3:in `index'
  Rendering layout layouts/application.html.erb
  Rendering home/index.html.erb within layouts/application
  Rendered shared/_landing_header.html.erb (Duration: 2.6ms | Allocations: 736)
  Rendered shared/_flashcard_flip.html.erb (Duration: 0.0ms | Allocations: 35)
  Rendered home/index.html.erb within layouts/application (Duration: 2.9ms | Allocations: 940)
  Rendered layout layouts/application.html.erb (Duration: 5.7ms | Allocations: 2837)
Completed 200 OK in 10ms (Views: 6.6ms | ActiveRecord: 0.2ms | Allocations: 3640)


Started GET "/decks/start" for 127.0.0.1 at 2026-04-05 22:15:01 -0300
Processing by DecksController#start as HTML
  [1m[36mDeck Exists? (0.2ms)[0m  [1m[34mSELECT 1 AS one FROM "decks" LIMIT ?[0m  [["LIMIT", 1]]
  ↳ app/controllers/decks_controller.rb:3:in `start'
Redirected to http://127.0.0.1:3000/decks
Completed 302 Found in 3ms (ActiveRecord: 0.1ms | Allocations: 708)


Started GET "/decks" for 127.0.0.1 at 2026-04-05 22:15:01 -0300
Processing by DecksController#index as HTML
  Rendering layout layouts/application.html.erb
  Rendering decks/index.html.erb within layouts/application
  Rendered shared/_landing_header.html.erb (Duration: 1.4ms | Allocations: 732)
  [1m[36mDeck Exists? (0.1ms)[0m  [1m[34mSELECT 1 AS one FROM "decks" LIMIT ?[0m  [["LIMIT", 1]]
  ↳ app/views/decks/index.html.erb:19
  [1m[36mDeck Load (0.0ms)[0m  [1m[34mSELECT "decks".* FROM "decks" ORDER BY "decks"."updated_at" DESC[0m
  ↳ app/views/decks/index.html.erb:21
  [1m[36mFlashcard Load (0.1ms)[0m  [1m[34mSELECT "flashcards".* FROM "flashcards" WHERE "flashcards"."deck_id" IN (?, ?, ?) ORDER BY "flashcards"."position" ASC, "flashcards"."id" ASC[0m  [["deck_id", 15], ["deck_id", 14], ["deck_id", 7]]
  ↳ app/views/decks/index.html.erb:21
  Rendered decks/index.html.erb within layouts/application (Duration: 4.1ms | Allocations: 3677)
  Rendered layout layouts/application.html.erb (Duration: 5.6ms | Allocations: 5385)
Completed 200 OK in 7ms (Views: 5.7ms | ActiveRecord: 0.2ms | Allocations: 5692)


Started GET "/" for 127.0.0.1 at 2026-04-05 22:15:03 -0300
Processing by HomeController#index as HTML
  [1m[36mDeck Exists? (0.1ms)[0m  [1m[34mSELECT 1 AS one FROM "decks" LIMIT ?[0m  [["LIMIT", 1]]
  ↳ app/controllers/home_controller.rb:3:in `index'
  Rendering layout layouts/application.html.erb
  Rendering home/index.html.erb within layouts/application
  Rendered shared/_landing_header.html.erb (Duration: 1.6ms | Allocations: 729)
  Rendered shared/_flashcard_flip.html.erb (Duration: 0.0ms | Allocations: 32)
  Rendered home/index.html.erb within layouts/application (Duration: 1.8ms | Allocations: 930)
  Rendered layout layouts/application.html.erb (Duration: 3.9ms | Allocations: 2834)
Completed 200 OK in 7ms (Views: 4.4ms | ActiveRecord: 0.1ms | Allocations: 3633)


Started GET "/decks/start" for 127.0.0.1 at 2026-04-05 22:15:05 -0300
Processing by DecksController#start as HTML
  [1m[36mDeck Exists? (0.1ms)[0m  [1m[34mSELECT 1 AS one FROM "decks" LIMIT ?[0m  [["LIMIT", 1]]
  ↳ app/controllers/decks_controller.rb:3:in `start'
Redirected to http://127.0.0.1:3000/decks
Completed 302 Found in 2ms (ActiveRecord: 0.1ms | Allocations: 697)


Started GET "/decks" for 127.0.0.1 at 2026-04-05 22:15:05 -0300
Processing by DecksController#index as HTML
  Rendering layout layouts/application.html.erb
  Rendering decks/index.html.erb within layouts/application
  Rendered shared/_landing_header.html.erb (Duration: 1.3ms | Allocations: 729)
  [1m[36mDeck Exists? (0.1ms)[0m  [1m[34mSELECT 1 AS one FROM "decks" LIMIT ?[0m  [["LIMIT", 1]]
  ↳ app/views/decks/index.html.erb:19
  [1m[36mDeck Load (0.0ms)[0m  [1m[34mSELECT "decks".* FROM "decks" ORDER BY "decks"."updated_at" DESC[0m
  ↳ app/views/decks/index.html.erb:21
  [1m[36mFlashcard Load (0.1ms)[0m  [1m[34mSELECT "flashcards".* FROM "flashcards" WHERE "flashcards"."deck_id" IN (?, ?, ?) ORDER BY "flashcards"."position" ASC, "flashcards"."id" ASC[0m  [["deck_id", 15], ["deck_id", 14], ["deck_id", 7]]
  ↳ app/views/decks/index.html.erb:21
  Rendered decks/index.html.erb within layouts/application (Duration: 3.7ms | Allocations: 3653)
  Rendered layout layouts/application.html.erb (Duration: 5.4ms | Allocations: 5361)
Completed 200 OK in 6ms (Views: 5.5ms | ActiveRecord: 0.2ms | Allocations: 5668)


Started GET "/decks/new" for 127.0.0.1 at 2026-04-05 22:15:07 -0300
Processing by DecksController#new as HTML
  [1m[36mDeck Exists? (0.2ms)[0m  [1m[34mSELECT 1 AS one FROM "decks" LIMIT ?[0m  [["LIMIT", 1]]
  ↳ app/controllers/decks_controller.rb:29:in `new'
  [1m[36mDeck Maximum (0.1ms)[0m  [1m[34mSELECT MAX("decks"."created_at") FROM "decks"[0m
  ↳ app/controllers/decks_controller.rb:32:in `new'
  Rendering layout layouts/application.html.erb
  Rendering decks/new.html.erb within layouts/application
  Rendered shared/_landing_header.html.erb (Duration: 1.7ms | Allocations: 729)
  Rendered decks/_flashcard_item.html.erb (Duration: 0.0ms | Allocations: 26)
  Rendered decks/_flashcard_item.html.erb (Duration: 0.0ms | Allocations: 14)
  Rendered decks/new.html.erb within layouts/application (Duration: 2.4ms | Allocations: 1433)
  Rendered layout layouts/application.html.erb (Duration: 3.8ms | Allocations: 3145)
Completed 200 OK in 8ms (Views: 4.2ms | ActiveRecord: 0.2ms | Allocations: 4843)


Started GET "/" for 127.0.0.1 at 2026-04-05 22:15:12 -0300
Processing by HomeController#index as HTML
  [1m[36mDeck Exists? (0.1ms)[0m  [1m[34mSELECT 1 AS one FROM "decks" LIMIT ?[0m  [["LIMIT", 1]]
  ↳ app/controllers/home_controller.rb:3:in `index'
  Rendering layout layouts/application.html.erb
  Rendering home/index.html.erb within layouts/application
  Rendered shared/_landing_header.html.erb (Duration: 2.0ms | Allocations: 729)
  Rendered shared/_flashcard_flip.html.erb (Duration: 0.0ms | Allocations: 32)
  Rendered home/index.html.erb within layouts/application (Duration: 2.2ms | Allocations: 930)
  Rendered layout layouts/application.html.erb (Duration: 4.1ms | Allocations: 2825)
Completed 200 OK in 7ms (Views: 4.5ms | ActiveRecord: 0.1ms | Allocations: 3624)


Started GET "/" for 127.0.0.1 at 2026-04-05 22:19:01 -0300
Processing by HomeController#index as HTML
  [1m[36mDeck Exists? (0.0ms)[0m  [1m[34mSELECT 1 AS one FROM "decks" LIMIT ?[0m  [["LIMIT", 1]]
  ↳ app/controllers/home_controller.rb:3:in `index'
  Rendering layout layouts/application.html.erb
  Rendering home/index.html.erb within layouts/application
  Rendered shared/_landing_header.html.erb (Duration: 1.4ms | Allocations: 1220)
  Rendered shared/_flashcard_flip.html.erb (Duration: 0.4ms | Allocations: 430)
  Rendered home/index.html.erb within layouts/application (Duration: 2.8ms | Allocations: 2266)
  Rendered layout layouts/application.html.erb (Duration: 25.0ms | Allocations: 46430)
Completed 200 OK in 32ms (Views: 26.5ms | ActiveRecord: 2.5ms | Allocations: 50300)


Started GET "/" for 127.0.0.1 at 2026-04-05 22:19:02 -0300
Processing by HomeController#index as HTML
  [1m[36mDeck Exists? (0.1ms)[0m  [1m[34mSELECT 1 AS one FROM "decks" LIMIT ?[0m  [["LIMIT", 1]]
  ↳ app/controllers/home_controller.rb:3:in `index'
  Rendering layout layouts/application.html.erb
  Rendering home/index.html.erb within layouts/application
  Rendered shared/_landing_header.html.erb (Duration: 1.7ms | Allocations: 732)
  Rendered shared/_flashcard_flip.html.erb (Duration: 0.0ms | Allocations: 32)
  Rendered home/index.html.erb within layouts/application (Duration: 1.9ms | Allocations: 933)
  Rendered layout layouts/application.html.erb (Duration: 3.8ms | Allocations: 2829)
Completed 200 OK in 6ms (Views: 4.2ms | ActiveRecord: 0.1ms | Allocations: 3743)


Started GET "/" for 127.0.0.1 at 2026-04-05 22:19:02 -0300
Processing by HomeController#index as HTML
  [1m[36mDeck Exists? (0.2ms)[0m  [1m[34mSELECT 1 AS one FROM "decks" LIMIT ?[0m  [["LIMIT", 1]]
  ↳ app/controllers/home_controller.rb:3:in `index'
  Rendering layout layouts/application.html.erb
  Rendering home/index.html.erb within layouts/application
  Rendered shared/_landing_header.html.erb (Duration: 2.3ms | Allocations: 732)
  Rendered shared/_flashcard_flip.html.erb (Duration: 0.0ms | Allocations: 32)
  Rendered home/index.html.erb within layouts/application (Duration: 2.6ms | Allocations: 933)
  Rendered layout layouts/application.html.erb (Duration: 4.8ms | Allocations: 2846)
Completed 200 OK in 8ms (Views: 5.2ms | ActiveRecord: 0.2ms | Allocations: 3645)


Started GET "/decks/start" for 127.0.0.1 at 2026-04-05 22:19:03 -0300
Processing by DecksController#start as HTML
  [1m[36mDeck Exists? (0.3ms)[0m  [1m[34mSELECT 1 AS one FROM "decks" LIMIT ?[0m  [["LIMIT", 1]]
  ↳ app/controllers/decks_controller.rb:3:in `start'
Redirected to http://127.0.0.1:3000/decks
Completed 302 Found in 3ms (ActiveRecord: 0.2ms | Allocations: 896)


Started GET "/decks" for 127.0.0.1 at 2026-04-05 22:19:03 -0300
Processing by DecksController#index as HTML
  Rendering layout layouts/application.html.erb
  Rendering decks/index.html.erb within layouts/application
  Rendered shared/_landing_header.html.erb (Duration: 1.5ms | Allocations: 845)
  [1m[36mDeck Exists? (0.1ms)[0m  [1m[34mSELECT 1 AS one FROM "decks" LIMIT ?[0m  [["LIMIT", 1]]
  ↳ app/views/decks/index.html.erb:19
  [1m[36mDeck Load (0.1ms)[0m  [1m[34mSELECT "decks".* FROM "decks" ORDER BY "decks"."updated_at" DESC[0m
  ↳ app/views/decks/index.html.erb:21
  [1m[36mFlashcard Load (0.1ms)[0m  [1m[34mSELECT "flashcards".* FROM "flashcards" WHERE "flashcards"."deck_id" IN (?, ?, ?) ORDER BY "flashcards"."position" ASC, "flashcards"."id" ASC[0m  [["deck_id", 15], ["deck_id", 14], ["deck_id", 7]]
  ↳ app/views/decks/index.html.erb:21
  Rendered decks/index.html.erb within layouts/application (Duration: 9.0ms | Allocations: 12601)
  Rendered layout layouts/application.html.erb (Duration: 10.6ms | Allocations: 14421)
Completed 200 OK in 13ms (Views: 11.3ms | ActiveRecord: 0.4ms | Allocations: 15027)


Started GET "/decks" for 127.0.0.1 at 2026-04-05 22:19:05 -0300
Processing by DecksController#index as HTML
  Rendering layout layouts/application.html.erb
  Rendering decks/index.html.erb within layouts/application
  Rendered shared/_landing_header.html.erb (Duration: 1.4ms | Allocations: 745)
  [1m[36mDeck Exists? (0.1ms)[0m  [1m[34mSELECT 1 AS one FROM "decks" LIMIT ?[0m  [["LIMIT", 1]]
  ↳ app/views/decks/index.html.erb:19
  [1m[36mDeck Load (0.0ms)[0m  [1m[34mSELECT "decks".* FROM "decks" ORDER BY "decks"."updated_at" DESC[0m
  ↳ app/views/decks/index.html.erb:21
  [1m[36mFlashcard Load (0.1ms)[0m  [1m[34mSELECT "flashcards".* FROM "flashcards" WHERE "flashcards"."deck_id" IN (?, ?, ?) ORDER BY "flashcards"."position" ASC, "flashcards"."id" ASC[0m  [["deck_id", 15], ["deck_id", 14], ["deck_id", 7]]
  ↳ app/views/decks/index.html.erb:21
  Rendered decks/index.html.erb within layouts/application (Duration: 3.3ms | Allocations: 3780)
  Rendered layout layouts/application.html.erb (Duration: 5.3ms | Allocations: 5489)
Completed 200 OK in 7ms (Views: 5.5ms | ActiveRecord: 0.1ms | Allocations: 5848)


Started GET "/decks/new" for 127.0.0.1 at 2026-04-05 22:19:05 -0300
Processing by DecksController#new as HTML
  [1m[36mDeck Exists? (0.1ms)[0m  [1m[34mSELECT 1 AS one FROM "decks" LIMIT ?[0m  [["LIMIT", 1]]
  ↳ app/controllers/decks_controller.rb:29:in `new'
  [1m[36mDeck Maximum (0.1ms)[0m  [1m[34mSELECT MAX("decks"."created_at") FROM "decks"[0m
  ↳ app/controllers/decks_controller.rb:32:in `new'
  Rendering layout layouts/application.html.erb
  Rendering decks/new.html.erb within layouts/application
  Rendered shared/_landing_header.html.erb (Duration: 1.4ms | Allocations: 729)
  Rendered decks/_flashcard_item.html.erb (Duration: 0.7ms | Allocations: 372)
  Rendered decks/_flashcard_item.html.erb (Duration: 0.0ms | Allocations: 14)
  Rendered decks/new.html.erb within layouts/application (Duration: 4.1ms | Allocations: 2770)
  Rendered layout layouts/application.html.erb (Duration: 6.0ms | Allocations: 4482)
Completed 200 OK in 10ms (Views: 6.2ms | ActiveRecord: 0.2ms | Allocations: 6431)


Started GET "/decks/new" for 127.0.0.1 at 2026-04-05 22:19:09 -0300
Processing by DecksController#new as HTML
  [1m[36mDeck Exists? (0.1ms)[0m  [1m[34mSELECT 1 AS one FROM "decks" LIMIT ?[0m  [["LIMIT", 1]]
  ↳ app/controllers/decks_controller.rb:29:in `new'
  [1m[36mDeck Maximum (0.1ms)[0m  [1m[34mSELECT MAX("decks"."created_at") FROM "decks"[0m
  ↳ app/controllers/decks_controller.rb:32:in `new'
  Rendering layout layouts/application.html.erb
  Rendering decks/new.html.erb within layouts/application
  Rendered shared/_landing_header.html.erb (Duration: 2.0ms | Allocations: 729)
  Rendered decks/_flashcard_item.html.erb (Duration: 0.0ms | Allocations: 26)
  Rendered decks/_flashcard_item.html.erb (Duration: 0.0ms | Allocations: 14)
  Rendered decks/new.html.erb within layouts/application (Duration: 3.8ms | Allocations: 1424)
  Rendered layout layouts/application.html.erb (Duration: 7.6ms | Allocations: 3136)
Completed 200 OK in 12ms (Views: 8.3ms | ActiveRecord: 0.2ms | Allocations: 4825)


Started GET "/decks/new" for 127.0.0.1 at 2026-04-05 22:19:12 -0300
Processing by DecksController#new as HTML
  [1m[36mDeck Exists? (0.1ms)[0m  [1m[34mSELECT 1 AS one FROM "decks" LIMIT ?[0m  [["LIMIT", 1]]
  ↳ app/controllers/decks_controller.rb:29:in `new'
  [1m[36mDeck Maximum (0.0ms)[0m  [1m[34mSELECT MAX("decks"."created_at") FROM "decks"[0m
  ↳ app/controllers/decks_controller.rb:32:in `new'
  Rendering layout layouts/application.html.erb
  Rendering decks/new.html.erb within layouts/application
  Rendered shared/_landing_header.html.erb (Duration: 1.9ms | Allocations: 729)
  Rendered decks/_flashcard_item.html.erb (Duration: 0.0ms | Allocations: 26)
  Rendered decks/_flashcard_item.html.erb (Duration: 0.0ms | Allocations: 14)
  Rendered decks/new.html.erb within layouts/application (Duration: 2.7ms | Allocations: 1421)
  Rendered layout layouts/application.html.erb (Duration: 4.6ms | Allocations: 3133)
Completed 200 OK in 9ms (Views: 5.0ms | ActiveRecord: 0.2ms | Allocations: 4825)


Started GET "/" for 127.0.0.1 at 2026-04-05 22:19:13 -0300
Processing by HomeController#index as HTML
  [1m[36mDeck Exists? (0.1ms)[0m  [1m[34mSELECT 1 AS one FROM "decks" LIMIT ?[0m  [["LIMIT", 1]]
  ↳ app/controllers/home_controller.rb:3:in `index'
  Rendering layout layouts/application.html.erb
  Rendering home/index.html.erb within layouts/application
  Rendered shared/_landing_header.html.erb (Duration: 1.4ms | Allocations: 729)
  Rendered shared/_flashcard_flip.html.erb (Duration: 0.0ms | Allocations: 35)
  Rendered home/index.html.erb within layouts/application (Duration: 1.6ms | Allocations: 933)
  Rendered layout layouts/application.html.erb (Duration: 3.8ms | Allocations: 2825)
Completed 200 OK in 6ms (Views: 4.0ms | ActiveRecord: 0.1ms | Allocations: 3626)


Started GET "/decks/start" for 127.0.0.1 at 2026-04-05 22:19:30 -0300
Processing by DecksController#start as HTML
  [1m[36mDeck Exists? (0.1ms)[0m  [1m[34mSELECT 1 AS one FROM "decks" LIMIT ?[0m  [["LIMIT", 1]]
  ↳ app/controllers/decks_controller.rb:3:in `start'
Redirected to http://127.0.0.1:3000/decks
Completed 302 Found in 2ms (ActiveRecord: 0.1ms | Allocations: 708)


Started GET "/decks" for 127.0.0.1 at 2026-04-05 22:19:30 -0300
Processing by DecksController#index as HTML
  Rendering layout layouts/application.html.erb
  Rendering decks/index.html.erb within layouts/application
  Rendered shared/_landing_header.html.erb (Duration: 1.3ms | Allocations: 729)
  [1m[36mDeck Exists? (0.1ms)[0m  [1m[34mSELECT 1 AS one FROM "decks" LIMIT ?[0m  [["LIMIT", 1]]
  ↳ app/views/decks/index.html.erb:19
  [1m[36mDeck Load (0.0ms)[0m  [1m[34mSELECT "decks".* FROM "decks" ORDER BY "decks"."updated_at" DESC[0m
  ↳ app/views/decks/index.html.erb:21
  [1m[36mFlashcard Load (0.1ms)[0m  [1m[34mSELECT "flashcards".* FROM "flashcards" WHERE "flashcards"."deck_id" IN (?, ?, ?) ORDER BY "flashcards"."position" ASC, "flashcards"."id" ASC[0m  [["deck_id", 15], ["deck_id", 14], ["deck_id", 7]]
  ↳ app/views/decks/index.html.erb:21
  Rendered decks/index.html.erb within layouts/application (Duration: 3.4ms | Allocations: 3668)
  Rendered layout layouts/application.html.erb (Duration: 5.1ms | Allocations: 5376)
Completed 200 OK in 6ms (Views: 5.1ms | ActiveRecord: 0.2ms | Allocations: 5683)


Started GET "/decks/start" for 127.0.0.1 at 2026-04-05 22:19:31 -0300
Processing by DecksController#start as HTML
  [1m[36mDeck Exists? (0.1ms)[0m  [1m[34mSELECT 1 AS one FROM "decks" LIMIT ?[0m  [["LIMIT", 1]]
  ↳ app/controllers/decks_controller.rb:3:in `start'
Redirected to http://127.0.0.1:3000/decks
Completed 302 Found in 1ms (ActiveRecord: 0.1ms | Allocations: 697)


Started GET "/decks" for 127.0.0.1 at 2026-04-05 22:19:31 -0300
Processing by DecksController#index as HTML
  Rendering layout layouts/application.html.erb
  Rendering decks/index.html.erb within layouts/application
  Rendered shared/_landing_header.html.erb (Duration: 1.1ms | Allocations: 729)
  [1m[36mDeck Exists? (0.1ms)[0m  [1m[34mSELECT 1 AS one FROM "decks" LIMIT ?[0m  [["LIMIT", 1]]
  ↳ app/views/decks/index.html.erb:19
  [1m[36mDeck Load (0.0ms)[0m  [1m[34mSELECT "decks".* FROM "decks" ORDER BY "decks"."updated_at" DESC[0m
  ↳ app/views/decks/index.html.erb:21
  [1m[36mFlashcard Load (0.1ms)[0m  [1m[34mSELECT "flashcards".* FROM "flashcards" WHERE "flashcards"."deck_id" IN (?, ?, ?) ORDER BY "flashcards"."position" ASC, "flashcards"."id" ASC[0m  [["deck_id", 15], ["deck_id", 14], ["deck_id", 7]]
  ↳ app/views/decks/index.html.erb:21
  Rendered decks/index.html.erb within layouts/application (Duration: 3.0ms | Allocations: 3668)
  Rendered layout layouts/application.html.erb (Duration: 4.5ms | Allocations: 5376)
Completed 200 OK in 5ms (Views: 4.5ms | ActiveRecord: 0.1ms | Allocations: 5683)


Started GET "/decks/new" for 127.0.0.1 at 2026-04-05 22:19:36 -0300
Processing by DecksController#new as HTML
  [1m[36mDeck Exists? (0.1ms)[0m  [1m[34mSELECT 1 AS one FROM "decks" LIMIT ?[0m  [["LIMIT", 1]]
  ↳ app/controllers/decks_controller.rb:29:in `new'
  [1m[36mDeck Maximum (0.0ms)[0m  [1m[34mSELECT MAX("decks"."created_at") FROM "decks"[0m
  ↳ app/controllers/decks_controller.rb:32:in `new'
  Rendering layout layouts/application.html.erb
  Rendering decks/new.html.erb within layouts/application
  Rendered shared/_landing_header.html.erb (Duration: 1.3ms | Allocations: 729)
  Rendered decks/_flashcard_item.html.erb (Duration: 0.0ms | Allocations: 26)
  Rendered decks/_flashcard_item.html.erb (Duration: 0.0ms | Allocations: 14)
  Rendered decks/new.html.erb within layouts/application (Duration: 2.1ms | Allocations: 1415)
  Rendered layout layouts/application.html.erb (Duration: 3.6ms | Allocations: 3127)
Completed 200 OK in 7ms (Views: 3.9ms | ActiveRecord: 0.2ms | Allocations: 4816)


Started GET "/" for 127.0.0.1 at 2026-04-05 22:21:12 -0300
Processing by HomeController#index as HTML
  [1m[36mDeck Exists? (0.0ms)[0m  [1m[34mSELECT 1 AS one FROM "decks" LIMIT ?[0m  [["LIMIT", 1]]
  ↳ app/controllers/home_controller.rb:3:in `index'
  Rendering layout layouts/application.html.erb
  Rendering home/index.html.erb within layouts/application
  Rendered shared/_landing_header.html.erb (Duration: 1.3ms | Allocations: 1220)
  Rendered shared/_flashcard_flip.html.erb (Duration: 0.5ms | Allocations: 430)
  Rendered home/index.html.erb within layouts/application (Duration: 3.2ms | Allocations: 2269)
  Rendered layout layouts/application.html.erb (Duration: 28.9ms | Allocations: 46411)
Completed 200 OK in 36ms (Views: 30.7ms | ActiveRecord: 1.3ms | Allocations: 50286)


Started GET "/" for 127.0.0.1 at 2026-04-05 22:21:12 -0300
Processing by HomeController#index as HTML
  [1m[36mDeck Exists? (0.1ms)[0m  [1m[34mSELECT 1 AS one FROM "decks" LIMIT ?[0m  [["LIMIT", 1]]
  ↳ app/controllers/home_controller.rb:3:in `index'
  Rendering layout layouts/application.html.erb
  Rendering home/index.html.erb within layouts/application
  Rendered shared/_landing_header.html.erb (Duration: 1.3ms | Allocations: 732)
  Rendered shared/_flashcard_flip.html.erb (Duration: 0.1ms | Allocations: 32)
  Rendered home/index.html.erb within layouts/application (Duration: 1.6ms | Allocations: 933)
  Rendered layout layouts/application.html.erb (Duration: 3.2ms | Allocations: 2832)
Completed 200 OK in 5ms (Views: 3.5ms | ActiveRecord: 0.1ms | Allocations: 3746)


Started GET "/" for 127.0.0.1 at 2026-04-05 22:21:13 -0300
Processing by HomeController#index as HTML
  [1m[36mDeck Exists? (0.1ms)[0m  [1m[34mSELECT 1 AS one FROM "decks" LIMIT ?[0m  [["LIMIT", 1]]
  ↳ app/controllers/home_controller.rb:3:in `index'
  Rendering layout layouts/application.html.erb
  Rendering home/index.html.erb within layouts/application
  Rendered shared/_landing_header.html.erb (Duration: 1.5ms | Allocations: 729)
  Rendered shared/_flashcard_flip.html.erb (Duration: 0.0ms | Allocations: 32)
  Rendered home/index.html.erb within layouts/application (Duration: 1.7ms | Allocations: 930)
  Rendered layout layouts/application.html.erb (Duration: 3.5ms | Allocations: 2807)
Completed 200 OK in 5ms (Views: 3.7ms | ActiveRecord: 0.1ms | Allocations: 3606)


Started GET "/decks/start" for 127.0.0.1 at 2026-04-05 22:21:14 -0300
Processing by DecksController#start as HTML
  [1m[36mDeck Exists? (0.1ms)[0m  [1m[34mSELECT 1 AS one FROM "decks" LIMIT ?[0m  [["LIMIT", 1]]
  ↳ app/controllers/decks_controller.rb:3:in `start'
Redirected to http://127.0.0.1:3000/decks
Completed 302 Found in 2ms (ActiveRecord: 0.1ms | Allocations: 896)


Started GET "/decks" for 127.0.0.1 at 2026-04-05 22:21:14 -0300
Processing by DecksController#index as HTML
  Rendering layout layouts/application.html.erb
  Rendering decks/index.html.erb within layouts/application
  Rendered shared/_landing_header.html.erb (Duration: 1.3ms | Allocations: 845)
  [1m[36mDeck Exists? (0.1ms)[0m  [1m[34mSELECT 1 AS one FROM "decks" LIMIT ?[0m  [["LIMIT", 1]]
  ↳ app/views/decks/index.html.erb:19
  [1m[36mDeck Load (0.0ms)[0m  [1m[34mSELECT "decks".* FROM "decks" ORDER BY "decks"."updated_at" DESC[0m
  ↳ app/views/decks/index.html.erb:21
  [1m[36mFlashcard Load (0.1ms)[0m  [1m[34mSELECT "flashcards".* FROM "flashcards" WHERE "flashcards"."deck_id" IN (?, ?, ?) ORDER BY "flashcards"."position" ASC, "flashcards"."id" ASC[0m  [["deck_id", 15], ["deck_id", 14], ["deck_id", 7]]
  ↳ app/views/decks/index.html.erb:21
  Rendered decks/index.html.erb within layouts/application (Duration: 8.6ms | Allocations: 12595)
  Rendered layout layouts/application.html.erb (Duration: 10.3ms | Allocations: 14415)
Completed 200 OK in 12ms (Views: 11.0ms | ActiveRecord: 0.4ms | Allocations: 15021)


Started GET "/decks/new" for 127.0.0.1 at 2026-04-05 22:21:15 -0300
Processing by DecksController#new as HTML
  [1m[36mDeck Exists? (0.1ms)[0m  [1m[34mSELECT 1 AS one FROM "decks" LIMIT ?[0m  [["LIMIT", 1]]
  ↳ app/controllers/decks_controller.rb:29:in `new'
  [1m[36mDeck Maximum (0.1ms)[0m  [1m[34mSELECT MAX("decks"."created_at") FROM "decks"[0m
  ↳ app/controllers/decks_controller.rb:32:in `new'
  Rendering layout layouts/application.html.erb
  Rendering decks/new.html.erb within layouts/application
  Rendered shared/_landing_header.html.erb (Duration: 1.2ms | Allocations: 745)
  Rendered decks/_flashcard_item.html.erb (Duration: 0.3ms | Allocations: 372)
  Rendered decks/_flashcard_item.html.erb (Duration: 0.0ms | Allocations: 14)
  Rendered decks/new.html.erb within layouts/application (Duration: 3.9ms | Allocations: 2869)
  Rendered layout layouts/application.html.erb (Duration: 5.3ms | Allocations: 4584)
Completed 200 OK in 10ms (Views: 5.6ms | ActiveRecord: 0.2ms | Allocations: 6587)


Started GET "/decks" for 127.0.0.1 at 2026-04-05 22:21:23 -0300
Processing by DecksController#index as HTML
  Rendering layout layouts/application.html.erb
  Rendering decks/index.html.erb within layouts/application
  Rendered shared/_landing_header.html.erb (Duration: 2.3ms | Allocations: 729)
  [1m[36mDeck Exists? (0.1ms)[0m  [1m[34mSELECT 1 AS one FROM "decks" LIMIT ?[0m  [["LIMIT", 1]]
  ↳ app/views/decks/index.html.erb:19
  [1m[36mDeck Load (0.1ms)[0m  [1m[34mSELECT "decks".* FROM "decks" ORDER BY "decks"."updated_at" DESC[0m
  ↳ app/views/decks/index.html.erb:21
  [1m[36mFlashcard Load (0.1ms)[0m  [1m[34mSELECT "flashcards".* FROM "flashcards" WHERE "flashcards"."deck_id" IN (?, ?, ?) ORDER BY "flashcards"."position" ASC, "flashcards"."id" ASC[0m  [["deck_id", 15], ["deck_id", 14], ["deck_id", 7]]
  ↳ app/views/decks/index.html.erb:21
  Rendered decks/index.html.erb within layouts/application (Duration: 6.2ms | Allocations: 3674)
  Rendered layout layouts/application.html.erb (Duration: 8.6ms | Allocations: 5382)
Completed 200 OK in 11ms (Views: 8.7ms | ActiveRecord: 0.3ms | Allocations: 5698)


Started GET "/decks/14/practice" for 127.0.0.1 at 2026-04-05 22:21:24 -0300
Processing by DecksController#practice as HTML
  Parameters: {"id"=>"14"}
  [1m[36mDeck Load (0.2ms)[0m  [1m[34mSELECT "decks".* FROM "decks" WHERE "decks"."id" = ? LIMIT ?[0m  [["id", 14], ["LIMIT", 1]]
  ↳ app/controllers/decks_controller.rb:46:in `practice'
  [1m[36mFlashcard Load (0.1ms)[0m  [1m[34mSELECT "flashcards".* FROM "flashcards" WHERE "flashcards"."deck_id" = ? ORDER BY "flashcards"."position" ASC, "flashcards"."id" ASC[0m  [["deck_id", 14]]
  ↳ app/controllers/decks_controller.rb:46:in `practice'
  Rendering layout layouts/application.html.erb
  Rendering decks/practice.html.erb within layouts/application
  Rendered shared/_landing_header.html.erb (Duration: 1.3ms | Allocations: 729)
  Rendered shared/_flashcard_flip.html.erb (Duration: 0.0ms | Allocations: 35)
  Rendered decks/practice.html.erb within layouts/application (Duration: 2.2ms | Allocations: 1243)
  Rendered layout layouts/application.html.erb (Duration: 4.2ms | Allocations: 3134)
Completed 200 OK in 9ms (Views: 4.4ms | ActiveRecord: 0.3ms | Allocations: 5206)


Started GET "/" for 127.0.0.1 at 2026-04-05 22:21:29 -0300
Processing by HomeController#index as HTML
  [1m[36mDeck Exists? (0.2ms)[0m  [1m[34mSELECT 1 AS one FROM "decks" LIMIT ?[0m  [["LIMIT", 1]]
  ↳ app/controllers/home_controller.rb:3:in `index'
  Rendering layout layouts/application.html.erb
  Rendering home/index.html.erb within layouts/application
  Rendered shared/_landing_header.html.erb (Duration: 2.4ms | Allocations: 729)
  Rendered shared/_flashcard_flip.html.erb (Duration: 0.1ms | Allocations: 32)
  Rendered home/index.html.erb within layouts/application (Duration: 3.0ms | Allocations: 930)
  Rendered layout layouts/application.html.erb (Duration: 6.4ms | Allocations: 2831)
Completed 200 OK in 9ms (Views: 6.9ms | ActiveRecord: 0.1ms | Allocations: 3632)


Started GET "/.well-known/appspecific/com.chrome.devtools.json" for 127.0.0.1 at 2026-04-05 22:21:31 -0300
  
ActionController::RoutingError (No route matches [GET] "/.well-known/appspecific/com.chrome.devtools.json"):
  
Started GET "/decks/start" for 127.0.0.1 at 2026-04-05 22:21:40 -0300
Processing by DecksController#start as HTML
  [1m[36mDeck Exists? (0.1ms)[0m  [1m[34mSELECT 1 AS one FROM "decks" LIMIT ?[0m  [["LIMIT", 1]]
  ↳ app/controllers/decks_controller.rb:3:in `start'
Redirected to http://127.0.0.1:3000/decks
Completed 302 Found in 3ms (ActiveRecord: 0.1ms | Allocations: 708)


Started GET "/decks" for 127.0.0.1 at 2026-04-05 22:21:40 -0300
Processing by DecksController#index as HTML
  Rendering layout layouts/application.html.erb
  Rendering decks/index.html.erb within layouts/application
  Rendered shared/_landing_header.html.erb (Duration: 1.5ms | Allocations: 736)
  [1m[36mDeck Exists? (0.1ms)[0m  [1m[34mSELECT 1 AS one FROM "decks" LIMIT ?[0m  [["LIMIT", 1]]
  ↳ app/views/decks/index.html.erb:19
  [1m[36mDeck Load (0.0ms)[0m  [1m[34mSELECT "decks".* FROM "decks" ORDER BY "decks"."updated_at" DESC[0m
  ↳ app/views/decks/index.html.erb:21
  [1m[36mFlashcard Load (0.1ms)[0m  [1m[34mSELECT "flashcards".* FROM "flashcards" WHERE "flashcards"."deck_id" IN (?, ?, ?) ORDER BY "flashcards"."position" ASC, "flashcards"."id" ASC[0m  [["deck_id", 15], ["deck_id", 14], ["deck_id", 7]]
  ↳ app/views/decks/index.html.erb:21
  Rendered decks/index.html.erb within layouts/application (Duration: 4.1ms | Allocations: 3687)
  Rendered layout layouts/application.html.erb (Duration: 6.2ms | Allocations: 5400)
Completed 200 OK in 7ms (Views: 6.2ms | ActiveRecord: 0.3ms | Allocations: 5708)


Started GET "/decks/15/edit" for 127.0.0.1 at 2026-04-05 22:21:50 -0300
Processing by DecksController#edit as HTML
  Parameters: {"id"=>"15"}
  [1m[36mDeck Exists? (0.2ms)[0m  [1m[34mSELECT 1 AS one FROM "decks" LIMIT ?[0m  [["LIMIT", 1]]
  ↳ app/controllers/decks_controller.rb:38:in `edit'
  [1m[36mDeck Load (0.2ms)[0m  [1m[34mSELECT "decks".* FROM "decks" WHERE "decks"."id" = ? LIMIT ?[0m  [["id", 15], ["LIMIT", 1]]
  ↳ app/controllers/decks_controller.rb:39:in `edit'
  [1m[36mFlashcard Load (0.1ms)[0m  [1m[34mSELECT "flashcards".* FROM "flashcards" WHERE "flashcards"."deck_id" = ? ORDER BY "flashcards"."position" ASC, "flashcards"."id" ASC[0m  [["deck_id", 15]]
  ↳ app/controllers/decks_controller.rb:39:in `edit'
  Rendering layout layouts/application.html.erb
  Rendering decks/new.html.erb within layouts/application
  Rendered shared/_landing_header.html.erb (Duration: 2.6ms | Allocations: 729)
  Rendered decks/_flashcard_item.html.erb (Duration: 0.0ms | Allocations: 35)
  Rendered decks/_flashcard_item.html.erb (Duration: 0.0ms | Allocations: 26)
  Rendered decks/_flashcard_item.html.erb (Duration: 0.0ms | Allocations: 14)
  Rendered decks/new.html.erb within layouts/application (Duration: 4.2ms | Allocations: 1535)
  Rendered layout layouts/application.html.erb (Duration: 7.0ms | Allocations: 3243)
Completed 200 OK in 17ms (Views: 7.3ms | ActiveRecord: 0.4ms | Allocations: 5792)


Started GET "/decks/14/practice" for 127.0.0.1 at 2026-04-05 22:21:57 -0300
Processing by DecksController#practice as HTML
  Parameters: {"id"=>"14"}
  [1m[36mDeck Load (0.1ms)[0m  [1m[34mSELECT "decks".* FROM "decks" WHERE "decks"."id" = ? LIMIT ?[0m  [["id", 14], ["LIMIT", 1]]
  ↳ app/controllers/decks_controller.rb:46:in `practice'
  [1m[36mFlashcard Load (0.1ms)[0m  [1m[34mSELECT "flashcards".* FROM "flashcards" WHERE "flashcards"."deck_id" = ? ORDER BY "flashcards"."position" ASC, "flashcards"."id" ASC[0m  [["deck_id", 14]]
  ↳ app/controllers/decks_controller.rb:46:in `practice'
  Rendering layout layouts/application.html.erb
  Rendering decks/practice.html.erb within layouts/application
  Rendered shared/_landing_header.html.erb (Duration: 4.8ms | Allocations: 729)
  Rendered shared/_flashcard_flip.html.erb (Duration: 0.0ms | Allocations: 32)
  Rendered decks/practice.html.erb within layouts/application (Duration: 8.7ms | Allocations: 982)
  Rendered layout layouts/application.html.erb (Duration: 10.8ms | Allocations: 2873)
Completed 200 OK in 15ms (Views: 11.3ms | ActiveRecord: 0.2ms | Allocations: 4820)


Started GET "/decks" for 127.0.0.1 at 2026-04-05 22:22:07 -0300
Processing by DecksController#index as HTML
  Rendering layout layouts/application.html.erb
  Rendering decks/index.html.erb within layouts/application
  Rendered shared/_landing_header.html.erb (Duration: 1.6ms | Allocations: 729)
  [1m[36mDeck Exists? (0.1ms)[0m  [1m[34mSELECT 1 AS one FROM "decks" LIMIT ?[0m  [["LIMIT", 1]]
  ↳ app/views/decks/index.html.erb:19
  [1m[36mDeck Load (0.1ms)[0m  [1m[34mSELECT "decks".* FROM "decks" ORDER BY "decks"."updated_at" DESC[0m
  ↳ app/views/decks/index.html.erb:21
  [1m[36mFlashcard Load (0.1ms)[0m  [1m[34mSELECT "flashcards".* FROM "flashcards" WHERE "flashcards"."deck_id" IN (?, ?, ?) ORDER BY "flashcards"."position" ASC, "flashcards"."id" ASC[0m  [["deck_id", 15], ["deck_id", 14], ["deck_id", 7]]
  ↳ app/views/decks/index.html.erb:21
  Rendered decks/index.html.erb within layouts/application (Duration: 5.3ms | Allocations: 3680)
  Rendered layout layouts/application.html.erb (Duration: 7.4ms | Allocations: 5388)
Completed 200 OK in 9ms (Views: 7.5ms | ActiveRecord: 0.3ms | Allocations: 5695)


Started GET "/decks/new" for 127.0.0.1 at 2026-04-05 22:23:05 -0300
Processing by DecksController#new as HTML
  [1m[36mDeck Exists? (0.1ms)[0m  [1m[34mSELECT 1 AS one FROM "decks" LIMIT ?[0m  [["LIMIT", 1]]
  ↳ app/controllers/decks_controller.rb:29:in `new'
  [1m[36mDeck Maximum (0.1ms)[0m  [1m[34mSELECT MAX("decks"."created_at") FROM "decks"[0m
  ↳ app/controllers/decks_controller.rb:32:in `new'
  Rendering layout layouts/application.html.erb
  Rendering decks/new.html.erb within layouts/application
  Rendered shared/_landing_header.html.erb (Duration: 1.4ms | Allocations: 730)
  Rendered decks/_flashcard_item.html.erb (Duration: 0.0ms | Allocations: 26)
  Rendered decks/_flashcard_item.html.erb (Duration: 0.0ms | Allocations: 14)
  Rendered decks/new.html.erb within layouts/application (Duration: 2.1ms | Allocations: 1410)
  Rendered layout layouts/application.html.erb (Duration: 3.7ms | Allocations: 3122)
Completed 200 OK in 9ms (Views: 4.1ms | ActiveRecord: 0.2ms | Allocations: 4817)


Started GET "/decks/new" for 127.0.0.1 at 2026-04-05 22:23:30 -0300
Processing by DecksController#new as HTML
  [1m[36mDeck Exists? (0.1ms)[0m  [1m[34mSELECT 1 AS one FROM "decks" LIMIT ?[0m  [["LIMIT", 1]]
  ↳ app/controllers/decks_controller.rb:29:in `new'
  [1m[36mDeck Maximum (0.0ms)[0m  [1m[34mSELECT MAX("decks"."created_at") FROM "decks"[0m
  ↳ app/controllers/decks_controller.rb:32:in `new'
  Rendering layout layouts/application.html.erb
  Rendering decks/new.html.erb within layouts/application
  Rendered shared/_landing_header.html.erb (Duration: 1.4ms | Allocations: 729)
  Rendered decks/_flashcard_item.html.erb (Duration: 0.0ms | Allocations: 26)
  Rendered decks/_flashcard_item.html.erb (Duration: 0.0ms | Allocations: 14)
  Rendered decks/new.html.erb within layouts/application (Duration: 2.0ms | Allocations: 1421)
  Rendered layout layouts/application.html.erb (Duration: 7.6ms | Allocations: 4636)
Completed 200 OK in 10ms (Views: 7.8ms | ActiveRecord: 0.1ms | Allocations: 6326)


Started GET "/decks" for 127.0.0.1 at 2026-04-05 22:23:31 -0300
Processing by DecksController#index as HTML
  Rendering layout layouts/application.html.erb
  Rendering decks/index.html.erb within layouts/application
  Rendered shared/_landing_header.html.erb (Duration: 1.2ms | Allocations: 732)
  [1m[36mDeck Exists? (0.1ms)[0m  [1m[34mSELECT 1 AS one FROM "decks" LIMIT ?[0m  [["LIMIT", 1]]
  ↳ app/views/decks/index.html.erb:19
  [1m[36mDeck Load (0.0ms)[0m  [1m[34mSELECT "decks".* FROM "decks" ORDER BY "decks"."updated_at" DESC[0m
  ↳ app/views/decks/index.html.erb:21
  [1m[36mFlashcard Load (0.1ms)[0m  [1m[34mSELECT "flashcards".* FROM "flashcards" WHERE "flashcards"."deck_id" IN (?, ?, ?) ORDER BY "flashcards"."position" ASC, "flashcards"."id" ASC[0m  [["deck_id", 15], ["deck_id", 14], ["deck_id", 7]]
  ↳ app/views/decks/index.html.erb:21
  Rendered decks/index.html.erb within layouts/application (Duration: 3.1ms | Allocations: 3653)
  Rendered layout layouts/application.html.erb (Duration: 4.5ms | Allocations: 5366)
Completed 200 OK in 6ms (Views: 4.5ms | ActiveRecord: 0.2ms | Allocations: 5673)


Started GET "/decks/new" for 127.0.0.1 at 2026-04-05 22:23:32 -0300
Processing by DecksController#new as HTML
  [1m[36mDeck Exists? (0.2ms)[0m  [1m[34mSELECT 1 AS one FROM "decks" LIMIT ?[0m  [["LIMIT", 1]]
  ↳ app/controllers/decks_controller.rb:29:in `new'
  [1m[36mDeck Maximum (0.1ms)[0m  [1m[34mSELECT MAX("decks"."created_at") FROM "decks"[0m
  ↳ app/controllers/decks_controller.rb:32:in `new'
  Rendering layout layouts/application.html.erb
  Rendering decks/new.html.erb within layouts/application
  Rendered shared/_landing_header.html.erb (Duration: 2.0ms | Allocations: 732)
  Rendered decks/_flashcard_item.html.erb (Duration: 0.0ms | Allocations: 26)
  Rendered decks/_flashcard_item.html.erb (Duration: 0.0ms | Allocations: 14)
  Rendered decks/new.html.erb within layouts/application (Duration: 2.8ms | Allocations: 1421)
  Rendered layout layouts/application.html.erb (Duration: 4.8ms | Allocations: 3133)
Completed 200 OK in 9ms (Views: 5.2ms | ActiveRecord: 0.2ms | Allocations: 4823)


Started GET "/decks/15/edit" for 127.0.0.1 at 2026-04-05 22:23:33 -0300
Processing by DecksController#edit as HTML
  Parameters: {"id"=>"15"}
  [1m[36mDeck Exists? (0.2ms)[0m  [1m[34mSELECT 1 AS one FROM "decks" LIMIT ?[0m  [["LIMIT", 1]]
  ↳ app/controllers/decks_controller.rb:38:in `edit'
  [1m[36mDeck Load (0.1ms)[0m  [1m[34mSELECT "decks".* FROM "decks" WHERE "decks"."id" = ? LIMIT ?[0m  [["id", 15], ["LIMIT", 1]]
  ↳ app/controllers/decks_controller.rb:39:in `edit'
  [1m[36mFlashcard Load (0.1ms)[0m  [1m[34mSELECT "flashcards".* FROM "flashcards" WHERE "flashcards"."deck_id" = ? ORDER BY "flashcards"."position" ASC, "flashcards"."id" ASC[0m  [["deck_id", 15]]
  ↳ app/controllers/decks_controller.rb:39:in `edit'
  Rendering layout layouts/application.html.erb
  Rendering decks/new.html.erb within layouts/application
  Rendered shared/_landing_header.html.erb (Duration: 2.0ms | Allocations: 729)
  Rendered decks/_flashcard_item.html.erb (Duration: 0.0ms | Allocations: 35)
  Rendered decks/_flashcard_item.html.erb (Duration: 0.0ms | Allocations: 26)
  Rendered decks/_flashcard_item.html.erb (Duration: 0.0ms | Allocations: 14)
  Rendered decks/new.html.erb within layouts/application (Duration: 3.4ms | Allocations: 1541)
  Rendered layout layouts/application.html.erb (Duration: 5.1ms | Allocations: 3249)
Completed 200 OK in 11ms (Views: 5.5ms | ActiveRecord: 0.3ms | Allocations: 5783)


Started PATCH "/decks/15" for 127.0.0.1 at 2026-04-05 22:23:42 -0300
Processing by DecksController#update as TURBO_STREAM
  Parameters: {"authenticity_token"=>"[FILTERED]", "deck"=>{"title"=>"Astronomy 101", "description"=>"Solar system essentials", "flashcards_attributes"=>{"0"=>{"id"=>"29", "position"=>"0", "term"=>"Sun", "definition"=>"The star at the center of the Solar System."}, "1"=>{"id"=>"30", "position"=>"1", "term"=>"Earth", "definition"=>"The third planet from the Sun."}, "2"=>{"position"=>"2", "term"=>"", "definition"=>""}, "3"=>{"position"=>"3", "term"=>"", "definition"=>""}}}, "import_payload"=>"", "commit_action"=>"update", "id"=>"15"}
  [1m[36mDeck Load (0.1ms)[0m  [1m[34mSELECT "decks".* FROM "decks" WHERE "decks"."id" = ? LIMIT ?[0m  [["id", 15], ["LIMIT", 1]]
  ↳ app/controllers/decks_controller.rb:78:in `update'
  [1m[36mFlashcard Load (0.0ms)[0m  [1m[34mSELECT "flashcards".* FROM "flashcards" WHERE "flashcards"."deck_id" = ? ORDER BY "flashcards"."position" ASC, "flashcards"."id" ASC[0m  [["deck_id", 15]]
  ↳ app/controllers/decks_controller.rb:78:in `update'
  [1m[36mDeck Exists? (0.0ms)[0m  [1m[34mSELECT 1 AS one FROM "decks" LIMIT ?[0m  [["LIMIT", 1]]
  ↳ app/controllers/decks_controller.rb:79:in `update'
Redirected to http://127.0.0.1:3000/decks/15/edit
Completed 302 Found in 4ms (ActiveRecord: 0.1ms | Allocations: 3585)


Started GET "/decks/15/edit" for 127.0.0.1 at 2026-04-05 22:23:42 -0300
Processing by DecksController#edit as TURBO_STREAM
  Parameters: {"id"=>"15"}
  [1m[36mDeck Exists? (0.1ms)[0m  [1m[34mSELECT 1 AS one FROM "decks" LIMIT ?[0m  [["LIMIT", 1]]
  ↳ app/controllers/decks_controller.rb:38:in `edit'
  [1m[36mDeck Load (0.0ms)[0m  [1m[34mSELECT "decks".* FROM "decks" WHERE "decks"."id" = ? LIMIT ?[0m  [["id", 15], ["LIMIT", 1]]
  ↳ app/controllers/decks_controller.rb:39:in `edit'
  [1m[36mFlashcard Load (0.0ms)[0m  [1m[34mSELECT "flashcards".* FROM "flashcards" WHERE "flashcards"."deck_id" = ? ORDER BY "flashcards"."position" ASC, "flashcards"."id" ASC[0m  [["deck_id", 15]]
  ↳ app/controllers/decks_controller.rb:39:in `edit'
  Rendering layout layouts/application.html.erb
  Rendering decks/new.html.erb within layouts/application
  Rendered shared/_landing_header.html.erb (Duration: 1.2ms | Allocations: 729)
  Rendered decks/_flashcard_item.html.erb (Duration: 0.0ms | Allocations: 35)
  Rendered decks/_flashcard_item.html.erb (Duration: 0.0ms | Allocations: 26)
  Rendered decks/_flashcard_item.html.erb (Duration: 0.0ms | Allocations: 14)
  Rendered decks/new.html.erb within layouts/application (Duration: 2.1ms | Allocations: 1592)
  Rendered layout layouts/application.html.erb (Duration: 3.9ms | Allocations: 3300)
Completed 200 OK in 7ms (Views: 4.2ms | ActiveRecord: 0.1ms | Allocations: 5880)


Started GET "/decks" for 127.0.0.1 at 2026-04-05 22:23:44 -0300
Processing by DecksController#index as HTML
  Rendering layout layouts/application.html.erb
  Rendering decks/index.html.erb within layouts/application
  Rendered shared/_landing_header.html.erb (Duration: 2.0ms | Allocations: 729)
  [1m[36mDeck Exists? (0.1ms)[0m  [1m[34mSELECT 1 AS one FROM "decks" LIMIT ?[0m  [["LIMIT", 1]]
  ↳ app/views/decks/index.html.erb:19
  [1m[36mDeck Load (0.0ms)[0m  [1m[34mSELECT "decks".* FROM "decks" ORDER BY "decks"."updated_at" DESC[0m
  ↳ app/views/decks/index.html.erb:21
  [1m[36mFlashcard Load (0.1ms)[0m  [1m[34mSELECT "flashcards".* FROM "flashcards" WHERE "flashcards"."deck_id" IN (?, ?, ?) ORDER BY "flashcards"."position" ASC, "flashcards"."id" ASC[0m  [["deck_id", 15], ["deck_id", 14], ["deck_id", 7]]
  ↳ app/views/decks/index.html.erb:21
  Rendered decks/index.html.erb within layouts/application (Duration: 5.1ms | Allocations: 3671)
  Rendered layout layouts/application.html.erb (Duration: 6.9ms | Allocations: 5379)
Completed 200 OK in 9ms (Views: 7.0ms | ActiveRecord: 0.3ms | Allocations: 5686)


Started GET "/decks/14/practice" for 127.0.0.1 at 2026-04-05 22:23:45 -0300
Processing by DecksController#practice as HTML
  Parameters: {"id"=>"14"}
  [1m[36mDeck Load (0.1ms)[0m  [1m[34mSELECT "decks".* FROM "decks" WHERE "decks"."id" = ? LIMIT ?[0m  [["id", 14], ["LIMIT", 1]]
  ↳ app/controllers/decks_controller.rb:46:in `practice'
  [1m[36mFlashcard Load (0.0ms)[0m  [1m[34mSELECT "flashcards".* FROM "flashcards" WHERE "flashcards"."deck_id" = ? ORDER BY "flashcards"."position" ASC, "flashcards"."id" ASC[0m  [["deck_id", 14]]
  ↳ app/controllers/decks_controller.rb:46:in `practice'
  Rendering layout layouts/application.html.erb
  Rendering decks/practice.html.erb within layouts/application
  Rendered shared/_landing_header.html.erb (Duration: 1.3ms | Allocations: 729)
  Rendered shared/_flashcard_flip.html.erb (Duration: 0.0ms | Allocations: 32)
  Rendered decks/practice.html.erb within layouts/application (Duration: 1.6ms | Allocations: 982)
  Rendered layout layouts/application.html.erb (Duration: 3.1ms | Allocations: 2870)
Completed 200 OK in 7ms (Views: 3.3ms | ActiveRecord: 0.2ms | Allocations: 4817)


Started GET "/decks" for 127.0.0.1 at 2026-04-05 22:23:46 -0300
Processing by DecksController#index as HTML
  Rendering layout layouts/application.html.erb
  Rendering decks/index.html.erb within layouts/application
  Rendered shared/_landing_header.html.erb (Duration: 2.4ms | Allocations: 729)
  [1m[36mDeck Exists? (0.2ms)[0m  [1m[34mSELECT 1 AS one FROM "decks" LIMIT ?[0m  [["LIMIT", 1]]
  ↳ app/views/decks/index.html.erb:19
  [1m[36mDeck Load (0.1ms)[0m  [1m[34mSELECT "decks".* FROM "decks" ORDER BY "decks"."updated_at" DESC[0m
  ↳ app/views/decks/index.html.erb:21
  [1m[36mFlashcard Load (0.2ms)[0m  [1m[34mSELECT "flashcards".* FROM "flashcards" WHERE "flashcards"."deck_id" IN (?, ?, ?) ORDER BY "flashcards"."position" ASC, "flashcards"."id" ASC[0m  [["deck_id", 15], ["deck_id", 14], ["deck_id", 7]]
  ↳ app/views/decks/index.html.erb:21
  Rendered decks/index.html.erb within layouts/application (Duration: 7.8ms | Allocations: 3695)
  Rendered layout layouts/application.html.erb (Duration: 11.8ms | Allocations: 5403)
Completed 200 OK in 14ms (Views: 12.0ms | ActiveRecord: 0.4ms | Allocations: 5713)


Started GET "/.well-known/appspecific/com.chrome.devtools.json" for 127.0.0.1 at 2026-04-05 22:23:48 -0300
  
ActionController::RoutingError (No route matches [GET] "/.well-known/appspecific/com.chrome.devtools.json"):
  
Started GET "/decks" for 127.0.0.1 at 2026-04-05 22:23:51 -0300
Processing by DecksController#index as HTML
  Rendering layout layouts/application.html.erb
  Rendering decks/index.html.erb within layouts/application
  Rendered shared/_landing_header.html.erb (Duration: 2.1ms | Allocations: 736)
  [1m[36mDeck Exists? (0.1ms)[0m  [1m[34mSELECT 1 AS one FROM "decks" LIMIT ?[0m  [["LIMIT", 1]]
  ↳ app/views/decks/index.html.erb:19
  [1m[36mDeck Load (0.1ms)[0m  [1m[34mSELECT "decks".* FROM "decks" ORDER BY "decks"."updated_at" DESC[0m
  ↳ app/views/decks/index.html.erb:21
  [1m[36mFlashcard Load (0.1ms)[0m  [1m[34mSELECT "flashcards".* FROM "flashcards" WHERE "flashcards"."deck_id" IN (?, ?, ?) ORDER BY "flashcards"."position" ASC, "flashcards"."id" ASC[0m  [["deck_id", 15], ["deck_id", 14], ["deck_id", 7]]
  ↳ app/views/decks/index.html.erb:21
  Rendered decks/index.html.erb within layouts/application (Duration: 6.5ms | Allocations: 3663)
  Rendered layout layouts/application.html.erb (Duration: 8.7ms | Allocations: 5380)
Completed 200 OK in 10ms (Views: 8.8ms | ActiveRecord: 0.3ms | Allocations: 5687)


Started GET "/decks/15/edit" for 127.0.0.1 at 2026-04-05 22:23:52 -0300
Processing by DecksController#edit as HTML
  Parameters: {"id"=>"15"}
  [1m[36mDeck Exists? (0.2ms)[0m  [1m[34mSELECT 1 AS one FROM "decks" LIMIT ?[0m  [["LIMIT", 1]]
  ↳ app/controllers/decks_controller.rb:38:in `edit'
  [1m[36mDeck Load (0.1ms)[0m  [1m[34mSELECT "decks".* FROM "decks" WHERE "decks"."id" = ? LIMIT ?[0m  [["id", 15], ["LIMIT", 1]]
  ↳ app/controllers/decks_controller.rb:39:in `edit'
  [1m[36mFlashcard Load (0.1ms)[0m  [1m[34mSELECT "flashcards".* FROM "flashcards" WHERE "flashcards"."deck_id" = ? ORDER BY "flashcards"."position" ASC, "flashcards"."id" ASC[0m  [["deck_id", 15]]
  ↳ app/controllers/decks_controller.rb:39:in `edit'
  Rendering layout layouts/application.html.erb
  Rendering decks/new.html.erb within layouts/application
  Rendered shared/_landing_header.html.erb (Duration: 1.5ms | Allocations: 732)
  Rendered decks/_flashcard_item.html.erb (Duration: 0.1ms | Allocations: 35)
  Rendered decks/_flashcard_item.html.erb (Duration: 0.0ms | Allocations: 26)
  Rendered decks/_flashcard_item.html.erb (Duration: 0.0ms | Allocations: 14)
  Rendered decks/new.html.erb within layouts/application (Duration: 2.8ms | Allocations: 1526)
  Rendered layout layouts/application.html.erb (Duration: 4.9ms | Allocations: 3239)
Completed 200 OK in 11ms (Views: 5.3ms | ActiveRecord: 0.3ms | Allocations: 5778)


Started GET "/decks/new" for 127.0.0.1 at 2026-04-05 22:25:55 -0300
Processing by DecksController#new as HTML
  [1m[36mDeck Exists? (0.1ms)[0m  [1m[34mSELECT 1 AS one FROM "decks" LIMIT ?[0m  [["LIMIT", 1]]
  ↳ app/controllers/decks_controller.rb:29:in `new'
  [1m[36mDeck Maximum (0.1ms)[0m  [1m[34mSELECT MAX("decks"."created_at") FROM "decks"[0m
  ↳ app/controllers/decks_controller.rb:32:in `new'
  Rendering layout layouts/application.html.erb
  Rendering decks/new.html.erb within layouts/application
  Rendered shared/_landing_header.html.erb (Duration: 2.1ms | Allocations: 729)
  Rendered decks/_flashcard_item.html.erb (Duration: 0.1ms | Allocations: 26)
  Rendered decks/_flashcard_item.html.erb (Duration: 0.0ms | Allocations: 14)
  Rendered decks/new.html.erb within layouts/application (Duration: 3.5ms | Allocations: 1424)
  Rendered layout layouts/application.html.erb (Duration: 6.2ms | Allocations: 3136)
Completed 200 OK in 11ms (Views: 6.6ms | ActiveRecord: 0.2ms | Allocations: 4831)


Started GET "/" for 127.0.0.1 at 2026-04-05 22:26:30 -0300
Processing by HomeController#index as HTML
  [1m[36mDeck Exists? (0.1ms)[0m  [1m[34mSELECT 1 AS one FROM "decks" LIMIT ?[0m  [["LIMIT", 1]]
  ↳ app/controllers/home_controller.rb:3:in `index'
  Rendering layout layouts/application.html.erb
  Rendering home/index.html.erb within layouts/application
  Rendered shared/_landing_header.html.erb (Duration: 2.9ms | Allocations: 729)
  Rendered shared/_flashcard_flip.html.erb (Duration: 0.1ms | Allocations: 32)
  Rendered home/index.html.erb within layouts/application (Duration: 3.6ms | Allocations: 930)
  Rendered layout layouts/application.html.erb (Duration: 10.4ms | Allocations: 2843)
Completed 200 OK in 15ms (Views: 11.5ms | ActiveRecord: 0.1ms | Allocations: 3642)


Started GET "/decks/start" for 127.0.0.1 at 2026-04-05 22:26:36 -0300
Processing by DecksController#start as HTML
  [1m[36mDeck Exists? (0.1ms)[0m  [1m[34mSELECT 1 AS one FROM "decks" LIMIT ?[0m  [["LIMIT", 1]]
  ↳ app/controllers/decks_controller.rb:3:in `start'
Redirected to http://127.0.0.1:3000/decks
Completed 302 Found in 3ms (ActiveRecord: 0.1ms | Allocations: 697)


Started GET "/decks" for 127.0.0.1 at 2026-04-05 22:26:36 -0300
Processing by DecksController#index as HTML
  Rendering layout layouts/application.html.erb
  Rendering decks/index.html.erb within layouts/application
  Rendered shared/_landing_header.html.erb (Duration: 1.6ms | Allocations: 729)
  [1m[36mDeck Exists? (0.1ms)[0m  [1m[34mSELECT 1 AS one FROM "decks" LIMIT ?[0m  [["LIMIT", 1]]
  ↳ app/views/decks/index.html.erb:19
  [1m[36mDeck Load (0.0ms)[0m  [1m[34mSELECT "decks".* FROM "decks" ORDER BY "decks"."updated_at" DESC[0m
  ↳ app/views/decks/index.html.erb:21
  [1m[36mFlashcard Load (0.1ms)[0m  [1m[34mSELECT "flashcards".* FROM "flashcards" WHERE "flashcards"."deck_id" IN (?, ?, ?) ORDER BY "flashcards"."position" ASC, "flashcards"."id" ASC[0m  [["deck_id", 15], ["deck_id", 14], ["deck_id", 7]]
  ↳ app/views/decks/index.html.erb:21
  Rendered decks/index.html.erb within layouts/application (Duration: 3.8ms | Allocations: 3671)
  Rendered layout layouts/application.html.erb (Duration: 5.5ms | Allocations: 5380)
Completed 200 OK in 7ms (Views: 5.6ms | ActiveRecord: 0.2ms | Allocations: 5687)


Started GET "/decks/15/practice" for 127.0.0.1 at 2026-04-05 22:26:37 -0300
Processing by DecksController#practice as HTML
  Parameters: {"id"=>"15"}
  [1m[36mDeck Load (0.2ms)[0m  [1m[34mSELECT "decks".* FROM "decks" WHERE "decks"."id" = ? LIMIT ?[0m  [["id", 15], ["LIMIT", 1]]
  ↳ app/controllers/decks_controller.rb:46:in `practice'
  [1m[36mFlashcard Load (0.1ms)[0m  [1m[34mSELECT "flashcards".* FROM "flashcards" WHERE "flashcards"."deck_id" = ? ORDER BY "flashcards"."position" ASC, "flashcards"."id" ASC[0m  [["deck_id", 15]]
  ↳ app/controllers/decks_controller.rb:46:in `practice'
  Rendering layout layouts/application.html.erb
  Rendering decks/practice.html.erb within layouts/application
  Rendered shared/_landing_header.html.erb (Duration: 2.0ms | Allocations: 729)
  Rendered shared/_flashcard_flip.html.erb (Duration: 0.1ms | Allocations: 30)
  Rendered decks/practice.html.erb within layouts/application (Duration: 2.9ms | Allocations: 977)
  Rendered layout layouts/application.html.erb (Duration: 5.8ms | Allocations: 2871)
Completed 200 OK in 11ms (Views: 6.3ms | ActiveRecord: 0.3ms | Allocations: 4798)


Started GET "/decks" for 127.0.0.1 at 2026-04-05 22:26:38 -0300
Processing by DecksController#index as HTML
  Rendering layout layouts/application.html.erb
  Rendering decks/index.html.erb within layouts/application
  Rendered shared/_landing_header.html.erb (Duration: 7.7ms | Allocations: 730)
  [1m[36mDeck Exists? (0.1ms)[0m  [1m[34mSELECT 1 AS one FROM "decks" LIMIT ?[0m  [["LIMIT", 1]]
  ↳ app/views/decks/index.html.erb:19
  [1m[36mDeck Load (0.1ms)[0m  [1m[34mSELECT "decks".* FROM "decks" ORDER BY "decks"."updated_at" DESC[0m
  ↳ app/views/decks/index.html.erb:21
  [1m[36mFlashcard Load (0.1ms)[0m  [1m[34mSELECT "flashcards".* FROM "flashcards" WHERE "flashcards"."deck_id" IN (?, ?, ?) ORDER BY "flashcards"."position" ASC, "flashcards"."id" ASC[0m  [["deck_id", 15], ["deck_id", 14], ["deck_id", 7]]
  ↳ app/views/decks/index.html.erb:21
  Rendered decks/index.html.erb within layouts/application (Duration: 14.1ms | Allocations: 3645)
  Rendered layout layouts/application.html.erb (Duration: 18.2ms | Allocations: 5356)
Completed 200 OK in 21ms (Views: 18.5ms | ActiveRecord: 0.3ms | Allocations: 5664)


Started GET "/decks/15/edit" for 127.0.0.1 at 2026-04-05 22:26:39 -0300
Processing by DecksController#edit as HTML
  Parameters: {"id"=>"15"}
  [1m[36mDeck Exists? (0.1ms)[0m  [1m[34mSELECT 1 AS one FROM "decks" LIMIT ?[0m  [["LIMIT", 1]]
  ↳ app/controllers/decks_controller.rb:38:in `edit'
  [1m[36mDeck Load (0.1ms)[0m  [1m[34mSELECT "decks".* FROM "decks" WHERE "decks"."id" = ? LIMIT ?[0m  [["id", 15], ["LIMIT", 1]]
  ↳ app/controllers/decks_controller.rb:39:in `edit'
  [1m[36mFlashcard Load (0.1ms)[0m  [1m[34mSELECT "flashcards".* FROM "flashcards" WHERE "flashcards"."deck_id" = ? ORDER BY "flashcards"."position" ASC, "flashcards"."id" ASC[0m  [["deck_id", 15]]
  ↳ app/controllers/decks_controller.rb:39:in `edit'
  Rendering layout layouts/application.html.erb
  Rendering decks/new.html.erb within layouts/application
  Rendered shared/_landing_header.html.erb (Duration: 1.4ms | Allocations: 729)
  Rendered decks/_flashcard_item.html.erb (Duration: 0.0ms | Allocations: 35)
  Rendered decks/_flashcard_item.html.erb (Duration: 0.0ms | Allocations: 26)
  Rendered decks/_flashcard_item.html.erb (Duration: 0.0ms | Allocations: 14)
  Rendered decks/new.html.erb within layouts/application (Duration: 2.4ms | Allocations: 1535)
  Rendered layout layouts/application.html.erb (Duration: 4.4ms | Allocations: 3248)
Completed 200 OK in 11ms (Views: 5.0ms | ActiveRecord: 0.3ms | Allocations: 5782)


Started GET "/" for 127.0.0.1 at 2026-04-05 22:27:26 -0300
Processing by HomeController#index as HTML
  [1m[36mDeck Exists? (0.1ms)[0m  [1m[34mSELECT 1 AS one FROM "decks" LIMIT ?[0m  [["LIMIT", 1]]
  ↳ app/controllers/home_controller.rb:3:in `index'
  Rendering layout layouts/application.html.erb
  Rendering home/index.html.erb within layouts/application
  Rendered shared/_landing_header.html.erb (Duration: 2.0ms | Allocations: 732)
  Rendered shared/_flashcard_flip.html.erb (Duration: 0.1ms | Allocations: 32)
  Rendered home/index.html.erb within layouts/application (Duration: 2.6ms | Allocations: 933)
  Rendered layout layouts/application.html.erb (Duration: 6.5ms | Allocations: 2831)
Completed 200 OK in 10ms (Views: 7.2ms | ActiveRecord: 0.1ms | Allocations: 3631)


Started GET "/decks/start" for 127.0.0.1 at 2026-04-05 22:28:09 -0300
Processing by DecksController#start as HTML
  [1m[36mDeck Exists? (0.2ms)[0m  [1m[34mSELECT 1 AS one FROM "decks" LIMIT ?[0m  [["LIMIT", 1]]
  ↳ app/controllers/decks_controller.rb:3:in `start'
Redirected to http://127.0.0.1:3000/decks
Completed 302 Found in 3ms (ActiveRecord: 0.2ms | Allocations: 697)


Started GET "/decks" for 127.0.0.1 at 2026-04-05 22:28:09 -0300
Processing by DecksController#index as HTML
  Rendering layout layouts/application.html.erb
  Rendering decks/index.html.erb within layouts/application
  Rendered shared/_landing_header.html.erb (Duration: 11.2ms | Allocations: 729)
  [1m[36mDeck Exists? (0.1ms)[0m  [1m[34mSELECT 1 AS one FROM "decks" LIMIT ?[0m  [["LIMIT", 1]]
  ↳ app/views/decks/index.html.erb:19
  [1m[36mDeck Load (0.1ms)[0m  [1m[34mSELECT "decks".* FROM "decks" ORDER BY "decks"."updated_at" DESC[0m
  ↳ app/views/decks/index.html.erb:21
  [1m[36mFlashcard Load (0.1ms)[0m  [1m[34mSELECT "flashcards".* FROM "flashcards" WHERE "flashcards"."deck_id" IN (?, ?, ?) ORDER BY "flashcards"."position" ASC, "flashcards"."id" ASC[0m  [["deck_id", 15], ["deck_id", 14], ["deck_id", 7]]
  ↳ app/views/decks/index.html.erb:21
  Rendered decks/index.html.erb within layouts/application (Duration: 18.1ms | Allocations: 3656)
  Rendered layout layouts/application.html.erb (Duration: 76.0ms | Allocations: 5364)
Completed 200 OK in 106ms (Views: 76.3ms | ActiveRecord: 0.2ms | Allocations: 5671)


Started GET "/decks/15/edit" for 127.0.0.1 at 2026-04-05 22:28:11 -0300
Processing by DecksController#edit as HTML
  Parameters: {"id"=>"15"}
  [1m[36mDeck Exists? (0.0ms)[0m  [1m[34mSELECT 1 AS one FROM "decks" LIMIT ?[0m  [["LIMIT", 1]]
  ↳ app/controllers/decks_controller.rb:38:in `edit'
  [1m[36mDeck Load (0.0ms)[0m  [1m[34mSELECT "decks".* FROM "decks" WHERE "decks"."id" = ? LIMIT ?[0m  [["id", 15], ["LIMIT", 1]]
  ↳ app/controllers/decks_controller.rb:39:in `edit'
  [1m[36mFlashcard Load (0.0ms)[0m  [1m[34mSELECT "flashcards".* FROM "flashcards" WHERE "flashcards"."deck_id" = ? ORDER BY "flashcards"."position" ASC, "flashcards"."id" ASC[0m  [["deck_id", 15]]
  ↳ app/controllers/decks_controller.rb:39:in `edit'
  Rendering layout layouts/application.html.erb
  Rendering decks/new.html.erb within layouts/application
  Rendered shared/_landing_header.html.erb (Duration: 1.6ms | Allocations: 1212)
  Rendered decks/_flashcard_item.html.erb (Duration: 0.3ms | Allocations: 381)
  Rendered decks/_flashcard_item.html.erb (Duration: 0.0ms | Allocations: 26)
  Rendered decks/_flashcard_item.html.erb (Duration: 0.0ms | Allocations: 14)
  Rendered decks/new.html.erb within layouts/application (Duration: 4.4ms | Allocations: 3573)
  Rendered layout layouts/application.html.erb (Duration: 25.7ms | Allocations: 45949)
Completed 200 OK in 38ms (Views: 28.0ms | ActiveRecord: 1.8ms | Allocations: 59499)


Started PATCH "/decks/15" for 127.0.0.1 at 2026-04-05 22:28:24 -0300
Processing by DecksController#update as TURBO_STREAM
  Parameters: {"authenticity_token"=>"[FILTERED]", "deck"=>{"title"=>"Astronomy 101eee", "description"=>"Solar system essentials", "flashcards_attributes"=>{"0"=>{"id"=>"29", "position"=>"0", "term"=>"Sun", "definition"=>"The star at the center of the Solar System."}, "1"=>{"id"=>"30", "position"=>"1", "term"=>"Earth", "definition"=>"The third planet from the Sun."}}}, "import_payload"=>"", "commit_action"=>"update", "id"=>"15"}
  [1m[36mDeck Load (0.1ms)[0m  [1m[34mSELECT "decks".* FROM "decks" WHERE "decks"."id" = ? LIMIT ?[0m  [["id", 15], ["LIMIT", 1]]
  ↳ app/controllers/decks_controller.rb:78:in `update'
  [1m[36mFlashcard Load (0.1ms)[0m  [1m[34mSELECT "flashcards".* FROM "flashcards" WHERE "flashcards"."deck_id" = ? ORDER BY "flashcards"."position" ASC, "flashcards"."id" ASC[0m  [["deck_id", 15]]
  ↳ app/controllers/decks_controller.rb:78:in `update'
  [1m[36mDeck Exists? (0.1ms)[0m  [1m[34mSELECT 1 AS one FROM "decks" LIMIT ?[0m  [["LIMIT", 1]]
  ↳ app/controllers/decks_controller.rb:79:in `update'
  [1m[36mTRANSACTION (0.1ms)[0m  [1m[36mbegin transaction[0m
  ↳ app/controllers/decks_controller.rb:85:in `update'
  [1m[36mDeck Update (1.0ms)[0m  [1m[33mUPDATE "decks" SET "title" = ?, "updated_at" = ? WHERE "decks"."id" = ?[0m  [["title", "Astronomy 101eee"], ["updated_at", "2026-04-06 01:28:24.480840"], ["id", 15]]
  ↳ app/controllers/decks_controller.rb:85:in `update'
  [1m[36mTRANSACTION (0.4ms)[0m  [1m[36mcommit transaction[0m
  ↳ app/controllers/decks_controller.rb:85:in `update'
Redirected to http://127.0.0.1:3000/decks/15/edit
Completed 302 Found in 12ms (ActiveRecord: 1.7ms | Allocations: 5600)


Started GET "/decks/15/edit" for 127.0.0.1 at 2026-04-05 22:28:24 -0300
Processing by DecksController#edit as TURBO_STREAM
  Parameters: {"id"=>"15"}
  [1m[36mDeck Exists? (0.1ms)[0m  [1m[34mSELECT 1 AS one FROM "decks" LIMIT ?[0m  [["LIMIT", 1]]
  ↳ app/controllers/decks_controller.rb:38:in `edit'
  [1m[36mDeck Load (0.1ms)[0m  [1m[34mSELECT "decks".* FROM "decks" WHERE "decks"."id" = ? LIMIT ?[0m  [["id", 15], ["LIMIT", 1]]
  ↳ app/controllers/decks_controller.rb:39:in `edit'
  [1m[36mFlashcard Load (0.0ms)[0m  [1m[34mSELECT "flashcards".* FROM "flashcards" WHERE "flashcards"."deck_id" = ? ORDER BY "flashcards"."position" ASC, "flashcards"."id" ASC[0m  [["deck_id", 15]]
  ↳ app/controllers/decks_controller.rb:39:in `edit'
  Rendering layout layouts/application.html.erb
  Rendering decks/new.html.erb within layouts/application
  Rendered shared/_landing_header.html.erb (Duration: 1.3ms | Allocations: 733)
  Rendered decks/_flashcard_item.html.erb (Duration: 0.0ms | Allocations: 35)
  Rendered decks/_flashcard_item.html.erb (Duration: 0.0ms | Allocations: 26)
  Rendered decks/_flashcard_item.html.erb (Duration: 0.0ms | Allocations: 14)
  Rendered decks/new.html.erb within layouts/application (Duration: 2.4ms | Allocations: 1605)
  Rendered layout layouts/application.html.erb (Duration: 4.0ms | Allocations: 3318)
Completed 200 OK in 9ms (Views: 4.5ms | ActiveRecord: 0.2ms | Allocations: 5920)


Started GET "/" for 127.0.0.1 at 2026-04-05 22:29:18 -0300
Processing by HomeController#index as HTML
  [1m[36mDeck Exists? (0.1ms)[0m  [1m[34mSELECT 1 AS one FROM "decks" LIMIT ?[0m  [["LIMIT", 1]]
  ↳ app/controllers/home_controller.rb:3:in `index'
  Rendering layout layouts/application.html.erb
  Rendering home/index.html.erb within layouts/application
  Rendered shared/_landing_header.html.erb (Duration: 1.3ms | Allocations: 862)
  Rendered shared/_flashcard_flip.html.erb (Duration: 0.5ms | Allocations: 430)
  Rendered home/index.html.erb within layouts/application (Duration: 2.8ms | Allocations: 1838)
  Rendered layout layouts/application.html.erb (Duration: 5.1ms | Allocations: 3842)
Completed 200 OK in 8ms (Views: 6.2ms | ActiveRecord: 0.1ms | Allocations: 5033)


Started GET "/decks/new" for 127.0.0.1 at 2026-04-05 22:29:19 -0300
Processing by DecksController#new as HTML
  [1m[36mDeck Exists? (0.1ms)[0m  [1m[34mSELECT 1 AS one FROM "decks" LIMIT ?[0m  [["LIMIT", 1]]
  ↳ app/controllers/decks_controller.rb:29:in `new'
  [1m[36mDeck Maximum (0.1ms)[0m  [1m[34mSELECT MAX("decks"."created_at") FROM "decks"[0m
  ↳ app/controllers/decks_controller.rb:32:in `new'
  Rendering layout layouts/application.html.erb
  Rendering decks/new.html.erb within layouts/application
  Rendered shared/_landing_header.html.erb (Duration: 3.0ms | Allocations: 731)
  Rendered decks/_flashcard_item.html.erb (Duration: 0.0ms | Allocations: 27)
  Rendered decks/_flashcard_item.html.erb (Duration: 0.0ms | Allocations: 14)
  Rendered decks/new.html.erb within layouts/application (Duration: 4.1ms | Allocations: 1461)
  Rendered layout layouts/application.html.erb (Duration: 6.7ms | Allocations: 3173)
Completed 200 OK in 11ms (Views: 7.1ms | ActiveRecord: 0.2ms | Allocations: 5091)


Started GET "/" for 127.0.0.1 at 2026-04-05 22:29:28 -0300
Processing by HomeController#index as HTML
  [1m[36mDeck Exists? (0.1ms)[0m  [1m[34mSELECT 1 AS one FROM "decks" LIMIT ?[0m  [["LIMIT", 1]]
  ↳ app/controllers/home_controller.rb:3:in `index'
  Rendering layout layouts/application.html.erb
  Rendering home/index.html.erb within layouts/application
  Rendered shared/_landing_header.html.erb (Duration: 1.5ms | Allocations: 729)
  Rendered shared/_flashcard_flip.html.erb (Duration: 0.0ms | Allocations: 32)
  Rendered home/index.html.erb within layouts/application (Duration: 1.7ms | Allocations: 930)
  Rendered layout layouts/application.html.erb (Duration: 5.8ms | Allocations: 2820)
Completed 200 OK in 8ms (Views: 6.2ms | ActiveRecord: 0.1ms | Allocations: 3619)


Started GET "/decks/start" for 127.0.0.1 at 2026-04-05 22:29:29 -0300
Processing by DecksController#start as HTML
  [1m[36mDeck Exists? (0.1ms)[0m  [1m[34mSELECT 1 AS one FROM "decks" LIMIT ?[0m  [["LIMIT", 1]]
  ↳ app/controllers/decks_controller.rb:3:in `start'
Redirected to http://127.0.0.1:3000/decks
Completed 302 Found in 2ms (ActiveRecord: 0.1ms | Allocations: 710)


Started GET "/decks" for 127.0.0.1 at 2026-04-05 22:29:29 -0300
Processing by DecksController#index as HTML
  Rendering layout layouts/application.html.erb
  Rendering decks/index.html.erb within layouts/application
  Rendered shared/_landing_header.html.erb (Duration: 2.6ms | Allocations: 732)
  [1m[36mDeck Exists? (0.1ms)[0m  [1m[34mSELECT 1 AS one FROM "decks" LIMIT ?[0m  [["LIMIT", 1]]
  ↳ app/views/decks/index.html.erb:19
  [1m[36mDeck Load (0.1ms)[0m  [1m[34mSELECT "decks".* FROM "decks" ORDER BY "decks"."updated_at" DESC[0m
  ↳ app/views/decks/index.html.erb:21
  [1m[36mFlashcard Load (0.3ms)[0m  [1m[34mSELECT "flashcards".* FROM "flashcards" WHERE "flashcards"."deck_id" IN (?, ?, ?) ORDER BY "flashcards"."position" ASC, "flashcards"."id" ASC[0m  [["deck_id", 15], ["deck_id", 14], ["deck_id", 7]]
  ↳ app/views/decks/index.html.erb:21
  Rendered decks/index.html.erb within layouts/application (Duration: 10.5ms | Allocations: 4198)
  Rendered layout layouts/application.html.erb (Duration: 13.0ms | Allocations: 5906)
Completed 200 OK in 16ms (Views: 13.0ms | ActiveRecord: 0.5ms | Allocations: 6292)


Started GET "/decks/new" for 127.0.0.1 at 2026-04-05 22:29:32 -0300
Processing by DecksController#new as HTML
  [1m[36mDeck Exists? (0.1ms)[0m  [1m[34mSELECT 1 AS one FROM "decks" LIMIT ?[0m  [["LIMIT", 1]]
  ↳ app/controllers/decks_controller.rb:29:in `new'
  [1m[36mDeck Maximum (0.0ms)[0m  [1m[34mSELECT MAX("decks"."created_at") FROM "decks"[0m
  ↳ app/controllers/decks_controller.rb:32:in `new'
  Rendering layout layouts/application.html.erb
  Rendering decks/new.html.erb within layouts/application
  Rendered shared/_landing_header.html.erb (Duration: 1.5ms | Allocations: 729)
  Rendered decks/_flashcard_item.html.erb (Duration: 0.0ms | Allocations: 26)
  Rendered decks/_flashcard_item.html.erb (Duration: 0.0ms | Allocations: 14)
  Rendered decks/new.html.erb within layouts/application (Duration: 2.2ms | Allocations: 1424)
  Rendered layout layouts/application.html.erb (Duration: 4.0ms | Allocations: 3136)
Completed 200 OK in 8ms (Views: 4.4ms | ActiveRecord: 0.2ms | Allocations: 4825)


Started GET "/decks" for 127.0.0.1 at 2026-04-05 22:29:34 -0300
Processing by DecksController#index as HTML
  Rendering layout layouts/application.html.erb
  Rendering decks/index.html.erb within layouts/application
  Rendered shared/_landing_header.html.erb (Duration: 2.2ms | Allocations: 729)
  [1m[36mDeck Exists? (0.1ms)[0m  [1m[34mSELECT 1 AS one FROM "decks" LIMIT ?[0m  [["LIMIT", 1]]
  ↳ app/views/decks/index.html.erb:19
  [1m[36mDeck Load (0.0ms)[0m  [1m[34mSELECT "decks".* FROM "decks" ORDER BY "decks"."updated_at" DESC[0m
  ↳ app/views/decks/index.html.erb:21
  [1m[36mFlashcard Load (0.1ms)[0m  [1m[34mSELECT "flashcards".* FROM "flashcards" WHERE "flashcards"."deck_id" IN (?, ?, ?) ORDER BY "flashcards"."position" ASC, "flashcards"."id" ASC[0m  [["deck_id", 15], ["deck_id", 14], ["deck_id", 7]]
  ↳ app/views/decks/index.html.erb:21
  Rendered decks/index.html.erb within layouts/application (Duration: 5.2ms | Allocations: 3668)
  Rendered layout layouts/application.html.erb (Duration: 6.9ms | Allocations: 5376)
Completed 200 OK in 9ms (Views: 7.4ms | ActiveRecord: 0.2ms | Allocations: 5683)


Started GET "/decks/15/practice" for 127.0.0.1 at 2026-04-05 22:29:35 -0300
Processing by DecksController#practice as HTML
  Parameters: {"id"=>"15"}
  [1m[36mDeck Load (0.3ms)[0m  [1m[34mSELECT "decks".* FROM "decks" WHERE "decks"."id" = ? LIMIT ?[0m  [["id", 15], ["LIMIT", 1]]
  ↳ app/controllers/decks_controller.rb:46:in `practice'
  [1m[36mFlashcard Load (0.1ms)[0m  [1m[34mSELECT "flashcards".* FROM "flashcards" WHERE "flashcards"."deck_id" = ? ORDER BY "flashcards"."position" ASC, "flashcards"."id" ASC[0m  [["deck_id", 15]]
  ↳ app/controllers/decks_controller.rb:46:in `practice'
  Rendering layout layouts/application.html.erb
  Rendering decks/practice.html.erb within layouts/application
  Rendered shared/_landing_header.html.erb (Duration: 1.2ms | Allocations: 729)
  Rendered shared/_flashcard_flip.html.erb (Duration: 0.0ms | Allocations: 30)
  Rendered decks/practice.html.erb within layouts/application (Duration: 2.1ms | Allocations: 1235)
  Rendered layout layouts/application.html.erb (Duration: 3.9ms | Allocations: 3144)
Completed 200 OK in 12ms (Views: 4.7ms | ActiveRecord: 0.3ms | Allocations: 5133)


Started GET "/decks" for 127.0.0.1 at 2026-04-05 22:30:00 -0300
Processing by DecksController#index as HTML
  Rendering layout layouts/application.html.erb
  Rendering decks/index.html.erb within layouts/application
  Rendered shared/_landing_header.html.erb (Duration: 1.8ms | Allocations: 1220)
  [1m[36mDeck Exists? (0.1ms)[0m  [1m[34mSELECT 1 AS one FROM "decks" LIMIT ?[0m  [["LIMIT", 1]]
  ↳ app/views/decks/index.html.erb:19
  [1m[36mDeck Load (0.1ms)[0m  [1m[34mSELECT "decks".* FROM "decks" ORDER BY "decks"."updated_at" DESC[0m
  ↳ app/views/decks/index.html.erb:21
  [1m[36mFlashcard Load (0.1ms)[0m  [1m[34mSELECT "flashcards".* FROM "flashcards" WHERE "flashcards"."deck_id" IN (?, ?, ?) ORDER BY "flashcards"."position" ASC, "flashcards"."id" ASC[0m  [["deck_id", 15], ["deck_id", 14], ["deck_id", 7]]
  ↳ app/views/decks/index.html.erb:21
  Rendered decks/index.html.erb within layouts/application (Duration: 11.1ms | Allocations: 13231)
  Rendered layout layouts/application.html.erb (Duration: 29.8ms | Allocations: 55715)
Completed 200 OK in 37ms (Views: 31.2ms | ActiveRecord: 1.9ms | Allocations: 58927)


Started GET "/decks/15/edit" for 127.0.0.1 at 2026-04-05 22:30:03 -0300
Processing by DecksController#edit as HTML
  Parameters: {"id"=>"15"}
  [1m[36mDeck Exists? (0.1ms)[0m  [1m[34mSELECT 1 AS one FROM "decks" LIMIT ?[0m  [["LIMIT", 1]]
  ↳ app/controllers/decks_controller.rb:38:in `edit'
  [1m[36mDeck Load (0.1ms)[0m  [1m[34mSELECT "decks".* FROM "decks" WHERE "decks"."id" = ? LIMIT ?[0m  [["id", 15], ["LIMIT", 1]]
  ↳ app/controllers/decks_controller.rb:39:in `edit'
  [1m[36mFlashcard Load (0.1ms)[0m  [1m[34mSELECT "flashcards".* FROM "flashcards" WHERE "flashcards"."deck_id" = ? ORDER BY "flashcards"."position" ASC, "flashcards"."id" ASC[0m  [["deck_id", 15]]
  ↳ app/controllers/decks_controller.rb:39:in `edit'
  Rendering layout layouts/application.html.erb
  Rendering decks/new.html.erb within layouts/application
  Rendered shared/_landing_header.html.erb (Duration: 1.5ms | Allocations: 751)
  Rendered decks/_flashcard_item.html.erb (Duration: 0.5ms | Allocations: 369)
  Rendered decks/_flashcard_item.html.erb (Duration: 0.0ms | Allocations: 26)
  Rendered decks/_flashcard_item.html.erb (Duration: 0.0ms | Allocations: 14)
  Rendered decks/new.html.erb within layouts/application (Duration: 4.9ms | Allocations: 2943)
  Rendered layout layouts/application.html.erb (Duration: 6.3ms | Allocations: 4657)
Completed 200 OK in 13ms (Views: 7.5ms | ActiveRecord: 0.4ms | Allocations: 7455)


Started GET "/decks/15/edit" for 127.0.0.1 at 2026-04-05 22:30:47 -0300
Processing by DecksController#edit as HTML
  Parameters: {"id"=>"15"}
  [1m[36mDeck Exists? (0.0ms)[0m  [1m[34mSELECT 1 AS one FROM "decks" LIMIT ?[0m  [["LIMIT", 1]]
  ↳ app/controllers/decks_controller.rb:38:in `edit'
  [1m[36mDeck Load (0.0ms)[0m  [1m[34mSELECT "decks".* FROM "decks" WHERE "decks"."id" = ? LIMIT ?[0m  [["id", 15], ["LIMIT", 1]]
  ↳ app/controllers/decks_controller.rb:39:in `edit'
  [1m[36mFlashcard Load (0.0ms)[0m  [1m[34mSELECT "flashcards".* FROM "flashcards" WHERE "flashcards"."deck_id" = ? ORDER BY "flashcards"."position" ASC, "flashcards"."id" ASC[0m  [["deck_id", 15]]
  ↳ app/controllers/decks_controller.rb:39:in `edit'
  Rendering layout layouts/application.html.erb
  Rendering decks/new.html.erb within layouts/application
  Rendered shared/_landing_header.html.erb (Duration: 1.2ms | Allocations: 1215)
  Rendered decks/_flashcard_item.html.erb (Duration: 0.3ms | Allocations: 371)
  Rendered decks/_flashcard_item.html.erb (Duration: 0.0ms | Allocations: 26)
  Rendered decks/_flashcard_item.html.erb (Duration: 0.0ms | Allocations: 14)
  Rendered decks/new.html.erb within layouts/application (Duration: 3.4ms | Allocations: 3558)
  Rendered layout layouts/application.html.erb (Duration: 21.6ms | Allocations: 46100)
Completed 200 OK in 32ms (Views: 23.3ms | ActiveRecord: 1.4ms | Allocations: 59581)


Started GET "/.well-known/appspecific/com.chrome.devtools.json" for 127.0.0.1 at 2026-04-05 22:30:47 -0300
  
ActionController::RoutingError (No route matches [GET] "/.well-known/appspecific/com.chrome.devtools.json"):
  
Started GET "/decks/15/edit" for 127.0.0.1 at 2026-04-05 22:31:39 -0300
Processing by DecksController#edit as HTML
  Parameters: {"id"=>"15"}
  [1m[36mDeck Exists? (0.0ms)[0m  [1m[34mSELECT 1 AS one FROM "decks" LIMIT ?[0m  [["LIMIT", 1]]
  ↳ app/controllers/decks_controller.rb:38:in `edit'
  [1m[36mDeck Load (0.0ms)[0m  [1m[34mSELECT "decks".* FROM "decks" WHERE "decks"."id" = ? LIMIT ?[0m  [["id", 15], ["LIMIT", 1]]
  ↳ app/controllers/decks_controller.rb:39:in `edit'
  [1m[36mFlashcard Load (0.1ms)[0m  [1m[34mSELECT "flashcards".* FROM "flashcards" WHERE "flashcards"."deck_id" = ? ORDER BY "flashcards"."position" ASC, "flashcards"."id" ASC[0m  [["deck_id", 15]]
  ↳ app/controllers/decks_controller.rb:39:in `edit'
  Rendering layout layouts/application.html.erb
  Rendering decks/new.html.erb within layouts/application
  Rendered shared/_landing_header.html.erb (Duration: 1.8ms | Allocations: 1219)
  Rendered decks/_flashcard_item.html.erb (Duration: 0.4ms | Allocations: 371)
  Rendered decks/_flashcard_item.html.erb (Duration: 0.0ms | Allocations: 26)
  Rendered decks/_flashcard_item.html.erb (Duration: 0.0ms | Allocations: 14)
  Rendered decks/new.html.erb within layouts/application (Duration: 4.4ms | Allocations: 3582)
  Rendered layout layouts/application.html.erb (Duration: 18.9ms | Allocations: 45947)
Completed 200 OK in 30ms (Views: 21.0ms | ActiveRecord: 1.5ms | Allocations: 59510)


Started GET "/decks/15/edit" for 127.0.0.1 at 2026-04-05 22:31:40 -0300
Processing by DecksController#edit as HTML
  Parameters: {"id"=>"15"}
  [1m[36mDeck Exists? (0.1ms)[0m  [1m[34mSELECT 1 AS one FROM "decks" LIMIT ?[0m  [["LIMIT", 1]]
  ↳ app/controllers/decks_controller.rb:38:in `edit'
  [1m[36mDeck Load (0.1ms)[0m  [1m[34mSELECT "decks".* FROM "decks" WHERE "decks"."id" = ? LIMIT ?[0m  [["id", 15], ["LIMIT", 1]]
  ↳ app/controllers/decks_controller.rb:39:in `edit'
  [1m[36mFlashcard Load (0.1ms)[0m  [1m[34mSELECT "flashcards".* FROM "flashcards" WHERE "flashcards"."deck_id" = ? ORDER BY "flashcards"."position" ASC, "flashcards"."id" ASC[0m  [["deck_id", 15]]
  ↳ app/controllers/decks_controller.rb:39:in `edit'
  Rendering layout layouts/application.html.erb
  Rendering decks/new.html.erb within layouts/application
  Rendered shared/_landing_header.html.erb (Duration: 1.5ms | Allocations: 729)
  Rendered decks/_flashcard_item.html.erb (Duration: 0.0ms | Allocations: 35)
  Rendered decks/_flashcard_item.html.erb (Duration: 0.0ms | Allocations: 26)
  Rendered decks/_flashcard_item.html.erb (Duration: 0.0ms | Allocations: 14)
  Rendered decks/new.html.erb within layouts/application (Duration: 2.2ms | Allocations: 1532)
  Rendered layout layouts/application.html.erb (Duration: 3.9ms | Allocations: 3240)
Completed 200 OK in 10ms (Views: 4.1ms | ActiveRecord: 0.3ms | Allocations: 6007)


Started GET "/" for 127.0.0.1 at 2026-04-05 22:31:44 -0300
Processing by HomeController#index as HTML
  [1m[36mDeck Exists? (0.2ms)[0m  [1m[34mSELECT 1 AS one FROM "decks" LIMIT ?[0m  [["LIMIT", 1]]
  ↳ app/controllers/home_controller.rb:3:in `index'
  Rendering layout layouts/application.html.erb
  Rendering home/index.html.erb within layouts/application
  Rendered shared/_landing_header.html.erb (Duration: 2.5ms | Allocations: 862)
  Rendered shared/_flashcard_flip.html.erb (Duration: 0.9ms | Allocations: 430)
  Rendered home/index.html.erb within layouts/application (Duration: 5.7ms | Allocations: 1834)
  Rendered layout layouts/application.html.erb (Duration: 11.3ms | Allocations: 3847)
Completed 200 OK in 20ms (Views: 13.4ms | ActiveRecord: 0.2ms | Allocations: 5038)


Started GET "/decks/start" for 127.0.0.1 at 2026-04-05 22:31:45 -0300
Processing by DecksController#start as HTML
  [1m[36mDeck Exists? (0.2ms)[0m  [1m[34mSELECT 1 AS one FROM "decks" LIMIT ?[0m  [["LIMIT", 1]]
  ↳ app/controllers/decks_controller.rb:3:in `start'
Redirected to http://127.0.0.1:3000/decks
Completed 302 Found in 4ms (ActiveRecord: 0.1ms | Allocations: 729)


Started GET "/decks" for 127.0.0.1 at 2026-04-05 22:31:45 -0300
Processing by DecksController#index as HTML
  Rendering layout layouts/application.html.erb
  Rendering decks/index.html.erb within layouts/application
  Rendered shared/_landing_header.html.erb (Duration: 2.2ms | Allocations: 729)
  [1m[36mDeck Exists? (0.2ms)[0m  [1m[34mSELECT 1 AS one FROM "decks" LIMIT ?[0m  [["LIMIT", 1]]
  ↳ app/views/decks/index.html.erb:19
  [1m[36mDeck Load (0.1ms)[0m  [1m[34mSELECT "decks".* FROM "decks" ORDER BY "decks"."updated_at" DESC[0m
  ↳ app/views/decks/index.html.erb:21
  [1m[36mFlashcard Load (0.2ms)[0m  [1m[34mSELECT "flashcards".* FROM "flashcards" WHERE "flashcards"."deck_id" IN (?, ?, ?) ORDER BY "flashcards"."position" ASC, "flashcards"."id" ASC[0m  [["deck_id", 15], ["deck_id", 14], ["deck_id", 7]]
  ↳ app/views/decks/index.html.erb:21
  Rendered decks/index.html.erb within layouts/application (Duration: 9.0ms | Allocations: 4256)
  Rendered layout layouts/application.html.erb (Duration: 12.2ms | Allocations: 5964)
Completed 200 OK in 15ms (Views: 12.0ms | ActiveRecord: 0.5ms | Allocations: 6366)


Started GET "/decks/15/edit" for 127.0.0.1 at 2026-04-05 22:31:47 -0300
Processing by DecksController#edit as HTML
  Parameters: {"id"=>"15"}
  [1m[36mDeck Exists? (0.2ms)[0m  [1m[34mSELECT 1 AS one FROM "decks" LIMIT ?[0m  [["LIMIT", 1]]
  ↳ app/controllers/decks_controller.rb:38:in `edit'
  [1m[36mDeck Load (0.1ms)[0m  [1m[34mSELECT "decks".* FROM "decks" WHERE "decks"."id" = ? LIMIT ?[0m  [["id", 15], ["LIMIT", 1]]
  ↳ app/controllers/decks_controller.rb:39:in `edit'
  [1m[36mFlashcard Load (0.1ms)[0m  [1m[34mSELECT "flashcards".* FROM "flashcards" WHERE "flashcards"."deck_id" = ? ORDER BY "flashcards"."position" ASC, "flashcards"."id" ASC[0m  [["deck_id", 15]]
  ↳ app/controllers/decks_controller.rb:39:in `edit'
  Rendering layout layouts/application.html.erb
  Rendering decks/new.html.erb within layouts/application
  Rendered shared/_landing_header.html.erb (Duration: 2.5ms | Allocations: 729)
  Rendered decks/_flashcard_item.html.erb (Duration: 0.1ms | Allocations: 35)
  Rendered decks/_flashcard_item.html.erb (Duration: 0.0ms | Allocations: 26)
  Rendered decks/_flashcard_item.html.erb (Duration: 0.0ms | Allocations: 14)
  Rendered decks/new.html.erb within layouts/application (Duration: 4.3ms | Allocations: 1569)
  Rendered layout layouts/application.html.erb (Duration: 8.3ms | Allocations: 3277)
Completed 200 OK in 16ms (Views: 8.8ms | ActiveRecord: 0.4ms | Allocations: 5843)


Started GET "/decks/15/edit" for 127.0.0.1 at 2026-04-05 22:32:32 -0300
Processing by DecksController#edit as HTML
  Parameters: {"id"=>"15"}
  [1m[36mDeck Exists? (0.0ms)[0m  [1m[34mSELECT 1 AS one FROM "decks" LIMIT ?[0m  [["LIMIT", 1]]
  ↳ app/controllers/decks_controller.rb:38:in `edit'
  [1m[36mDeck Load (0.0ms)[0m  [1m[34mSELECT "decks".* FROM "decks" WHERE "decks"."id" = ? LIMIT ?[0m  [["id", 15], ["LIMIT", 1]]
  ↳ app/controllers/decks_controller.rb:39:in `edit'
  [1m[36mFlashcard Load (0.0ms)[0m  [1m[34mSELECT "flashcards".* FROM "flashcards" WHERE "flashcards"."deck_id" = ? ORDER BY "flashcards"."position" ASC, "flashcards"."id" ASC[0m  [["deck_id", 15]]
  ↳ app/controllers/decks_controller.rb:39:in `edit'
  Rendering layout layouts/application.html.erb
  Rendering decks/new.html.erb within layouts/application
  Rendered shared/_landing_header.html.erb (Duration: 1.2ms | Allocations: 1219)
  Rendered decks/_flashcard_item.html.erb (Duration: 0.4ms | Allocations: 371)
  Rendered decks/_flashcard_item.html.erb (Duration: 0.0ms | Allocations: 26)
  Rendered decks/_flashcard_item.html.erb (Duration: 0.0ms | Allocations: 14)
  Rendered decks/new.html.erb within layouts/application (Duration: 3.7ms | Allocations: 3572)
  Rendered layout layouts/application.html.erb (Duration: 17.7ms | Allocations: 45937)
Completed 200 OK in 28ms (Views: 19.9ms | ActiveRecord: 1.6ms | Allocations: 59501)


Started GET "/decks/15/edit" for 127.0.0.1 at 2026-04-05 22:32:37 -0300
Processing by DecksController#edit as HTML
  Parameters: {"id"=>"15"}
  [1m[36mDeck Exists? (0.1ms)[0m  [1m[34mSELECT 1 AS one FROM "decks" LIMIT ?[0m  [["LIMIT", 1]]
  ↳ app/controllers/decks_controller.rb:38:in `edit'
  [1m[36mDeck Load (0.0ms)[0m  [1m[34mSELECT "decks".* FROM "decks" WHERE "decks"."id" = ? LIMIT ?[0m  [["id", 15], ["LIMIT", 1]]
  ↳ app/controllers/decks_controller.rb:39:in `edit'
  [1m[36mFlashcard Load (0.0ms)[0m  [1m[34mSELECT "flashcards".* FROM "flashcards" WHERE "flashcards"."deck_id" = ? ORDER BY "flashcards"."position" ASC, "flashcards"."id" ASC[0m  [["deck_id", 15]]
  ↳ app/controllers/decks_controller.rb:39:in `edit'
  Rendering layout layouts/application.html.erb
  Rendering decks/new.html.erb within layouts/application
  Rendered shared/_landing_header.html.erb (Duration: 1.2ms | Allocations: 729)
  Rendered decks/_flashcard_item.html.erb (Duration: 0.0ms | Allocations: 35)
  Rendered decks/_flashcard_item.html.erb (Duration: 0.0ms | Allocations: 26)
  Rendered decks/_flashcard_item.html.erb (Duration: 0.0ms | Allocations: 14)
  Rendered decks/new.html.erb within layouts/application (Duration: 5.1ms | Allocations: 1532)
  Rendered layout layouts/application.html.erb (Duration: 6.7ms | Allocations: 3249)
Completed 200 OK in 10ms (Views: 7.0ms | ActiveRecord: 0.1ms | Allocations: 6016)


Started GET "/decks/15/edit" for 127.0.0.1 at 2026-04-05 22:33:53 -0300
Processing by DecksController#edit as HTML
  Parameters: {"id"=>"15"}
  [1m[36mDeck Exists? (0.1ms)[0m  [1m[34mSELECT 1 AS one FROM "decks" LIMIT ?[0m  [["LIMIT", 1]]
  ↳ app/controllers/decks_controller.rb:38:in `edit'
  [1m[36mDeck Load (0.0ms)[0m  [1m[34mSELECT "decks".* FROM "decks" WHERE "decks"."id" = ? LIMIT ?[0m  [["id", 15], ["LIMIT", 1]]
  ↳ app/controllers/decks_controller.rb:39:in `edit'
  [1m[36mFlashcard Load (0.0ms)[0m  [1m[34mSELECT "flashcards".* FROM "flashcards" WHERE "flashcards"."deck_id" = ? ORDER BY "flashcards"."position" ASC, "flashcards"."id" ASC[0m  [["deck_id", 15]]
  ↳ app/controllers/decks_controller.rb:39:in `edit'
  Rendering layout layouts/application.html.erb
  Rendering decks/new.html.erb within layouts/application
  Rendered shared/_landing_header.html.erb (Duration: 2.0ms | Allocations: 1219)
  Rendered decks/_flashcard_item.html.erb (Duration: 0.4ms | Allocations: 370)
  Rendered decks/_flashcard_item.html.erb (Duration: 0.0ms | Allocations: 26)
  Rendered decks/_flashcard_item.html.erb (Duration: 0.0ms | Allocations: 14)
  Rendered decks/new.html.erb within layouts/application (Duration: 4.9ms | Allocations: 3566)
  Rendered layout layouts/application.html.erb (Duration: 58.3ms | Allocations: 46027)
Completed 200 OK in 72ms (Views: 61.1ms | ActiveRecord: 1.8ms | Allocations: 59590)


Started GET "/decks/15/edit" for 127.0.0.1 at 2026-04-05 22:33:54 -0300
Processing by DecksController#edit as HTML
  Parameters: {"id"=>"15"}
  [1m[36mDeck Exists? (0.1ms)[0m  [1m[34mSELECT 1 AS one FROM "decks" LIMIT ?[0m  [["LIMIT", 1]]
  ↳ app/controllers/decks_controller.rb:38:in `edit'
  [1m[36mDeck Load (0.1ms)[0m  [1m[34mSELECT "decks".* FROM "decks" WHERE "decks"."id" = ? LIMIT ?[0m  [["id", 15], ["LIMIT", 1]]
  ↳ app/controllers/decks_controller.rb:39:in `edit'
  [1m[36mFlashcard Load (0.0ms)[0m  [1m[34mSELECT "flashcards".* FROM "flashcards" WHERE "flashcards"."deck_id" = ? ORDER BY "flashcards"."position" ASC, "flashcards"."id" ASC[0m  [["deck_id", 15]]
  ↳ app/controllers/decks_controller.rb:39:in `edit'
  Rendering layout layouts/application.html.erb
  Rendering decks/new.html.erb within layouts/application
  Rendered shared/_landing_header.html.erb (Duration: 1.6ms | Allocations: 735)
  Rendered decks/_flashcard_item.html.erb (Duration: 0.0ms | Allocations: 35)
  Rendered decks/_flashcard_item.html.erb (Duration: 0.0ms | Allocations: 26)
  Rendered decks/_flashcard_item.html.erb (Duration: 0.0ms | Allocations: 14)
  Rendered decks/new.html.erb within layouts/application (Duration: 2.3ms | Allocations: 1550)
  Rendered layout layouts/application.html.erb (Duration: 3.9ms | Allocations: 3263)
Completed 200 OK in 9ms (Views: 4.2ms | ActiveRecord: 0.3ms | Allocations: 6026)


Started GET "/decks/15/edit" for 127.0.0.1 at 2026-04-05 22:33:54 -0300
Processing by DecksController#edit as HTML
  Parameters: {"id"=>"15"}
  [1m[36mDeck Exists? (0.1ms)[0m  [1m[34mSELECT 1 AS one FROM "decks" LIMIT ?[0m  [["LIMIT", 1]]
  ↳ app/controllers/decks_controller.rb:38:in `edit'
  [1m[36mDeck Load (0.1ms)[0m  [1m[34mSELECT "decks".* FROM "decks" WHERE "decks"."id" = ? LIMIT ?[0m  [["id", 15], ["LIMIT", 1]]
  ↳ app/controllers/decks_controller.rb:39:in `edit'
  [1m[36mFlashcard Load (0.1ms)[0m  [1m[34mSELECT "flashcards".* FROM "flashcards" WHERE "flashcards"."deck_id" = ? ORDER BY "flashcards"."position" ASC, "flashcards"."id" ASC[0m  [["deck_id", 15]]
  ↳ app/controllers/decks_controller.rb:39:in `edit'
  Rendering layout layouts/application.html.erb
  Rendering decks/new.html.erb within layouts/application
  Rendered shared/_landing_header.html.erb (Duration: 1.4ms | Allocations: 729)
  Rendered decks/_flashcard_item.html.erb (Duration: 0.0ms | Allocations: 35)
  Rendered decks/_flashcard_item.html.erb (Duration: 0.0ms | Allocations: 26)
  Rendered decks/_flashcard_item.html.erb (Duration: 0.0ms | Allocations: 14)
  Rendered decks/new.html.erb within layouts/application (Duration: 2.2ms | Allocations: 1532)
  Rendered layout layouts/application.html.erb (Duration: 3.9ms | Allocations: 3240)
Completed 200 OK in 10ms (Views: 4.3ms | ActiveRecord: 0.3ms | Allocations: 5774)


Started GET "/decks/15/edit" for 127.0.0.1 at 2026-04-05 22:33:54 -0300
Processing by DecksController#edit as HTML
  Parameters: {"id"=>"15"}
  [1m[36mDeck Exists? (0.1ms)[0m  [1m[34mSELECT 1 AS one FROM "decks" LIMIT ?[0m  [["LIMIT", 1]]
  ↳ app/controllers/decks_controller.rb:38:in `edit'
  [1m[36mDeck Load (0.1ms)[0m  [1m[34mSELECT "decks".* FROM "decks" WHERE "decks"."id" = ? LIMIT ?[0m  [["id", 15], ["LIMIT", 1]]
  ↳ app/controllers/decks_controller.rb:39:in `edit'
  [1m[36mFlashcard Load (0.0ms)[0m  [1m[34mSELECT "flashcards".* FROM "flashcards" WHERE "flashcards"."deck_id" = ? ORDER BY "flashcards"."position" ASC, "flashcards"."id" ASC[0m  [["deck_id", 15]]
  ↳ app/controllers/decks_controller.rb:39:in `edit'
  Rendering layout layouts/application.html.erb
  Rendering decks/new.html.erb within layouts/application
  Rendered shared/_landing_header.html.erb (Duration: 1.7ms | Allocations: 729)
  Rendered decks/_flashcard_item.html.erb (Duration: 0.0ms | Allocations: 35)
  Rendered decks/_flashcard_item.html.erb (Duration: 0.0ms | Allocations: 26)
  Rendered decks/_flashcard_item.html.erb (Duration: 0.0ms | Allocations: 14)
  Rendered decks/new.html.erb within layouts/application (Duration: 2.6ms | Allocations: 1544)
  Rendered layout layouts/application.html.erb (Duration: 4.4ms | Allocations: 3252)
Completed 200 OK in 9ms (Views: 4.7ms | ActiveRecord: 0.2ms | Allocations: 5786)


Started GET "/" for 127.0.0.1 at 2026-04-05 22:33:55 -0300
Processing by HomeController#index as HTML
  [1m[36mDeck Exists? (0.1ms)[0m  [1m[34mSELECT 1 AS one FROM "decks" LIMIT ?[0m  [["LIMIT", 1]]
  ↳ app/controllers/home_controller.rb:3:in `index'
  Rendering layout layouts/application.html.erb
  Rendering home/index.html.erb within layouts/application
  Rendered shared/_landing_header.html.erb (Duration: 1.7ms | Allocations: 862)
  Rendered shared/_flashcard_flip.html.erb (Duration: 0.7ms | Allocations: 430)
  Rendered home/index.html.erb within layouts/application (Duration: 4.2ms | Allocations: 1838)
  Rendered layout layouts/application.html.erb (Duration: 5.8ms | Allocations: 3869)
Completed 200 OK in 10ms (Views: 7.3ms | ActiveRecord: 0.1ms | Allocations: 5061)


Started GET "/decks/start" for 127.0.0.1 at 2026-04-05 22:33:56 -0300
Processing by DecksController#start as HTML
  [1m[36mDeck Exists? (0.1ms)[0m  [1m[34mSELECT 1 AS one FROM "decks" LIMIT ?[0m  [["LIMIT", 1]]
  ↳ app/controllers/decks_controller.rb:3:in `start'
Redirected to http://127.0.0.1:3000/decks
Completed 302 Found in 3ms (ActiveRecord: 0.1ms | Allocations: 729)


Started GET "/decks" for 127.0.0.1 at 2026-04-05 22:33:56 -0300
Processing by DecksController#index as HTML
  Rendering layout layouts/application.html.erb
  Rendering decks/index.html.erb within layouts/application
  Rendered shared/_landing_header.html.erb (Duration: 1.3ms | Allocations: 729)
  [1m[36mDeck Exists? (0.1ms)[0m  [1m[34mSELECT 1 AS one FROM "decks" LIMIT ?[0m  [["LIMIT", 1]]
  ↳ app/views/decks/index.html.erb:19
  [1m[36mDeck Load (0.1ms)[0m  [1m[34mSELECT "decks".* FROM "decks" ORDER BY "decks"."updated_at" DESC[0m
  ↳ app/views/decks/index.html.erb:21
  [1m[36mFlashcard Load (0.2ms)[0m  [1m[34mSELECT "flashcards".* FROM "flashcards" WHERE "flashcards"."deck_id" IN (?, ?, ?) ORDER BY "flashcards"."position" ASC, "flashcards"."id" ASC[0m  [["deck_id", 15], ["deck_id", 14], ["deck_id", 7]]
  ↳ app/views/decks/index.html.erb:21
  Rendered decks/index.html.erb within layouts/application (Duration: 4.4ms | Allocations: 4253)
  Rendered layout layouts/application.html.erb (Duration: 6.6ms | Allocations: 5961)
Completed 200 OK in 8ms (Views: 6.6ms | ActiveRecord: 0.3ms | Allocations: 6363)


Started GET "/decks/15/edit" for 127.0.0.1 at 2026-04-05 22:33:57 -0300
Processing by DecksController#edit as HTML
  Parameters: {"id"=>"15"}
  [1m[36mDeck Exists? (0.1ms)[0m  [1m[34mSELECT 1 AS one FROM "decks" LIMIT ?[0m  [["LIMIT", 1]]
  ↳ app/controllers/decks_controller.rb:38:in `edit'
  [1m[36mDeck Load (0.1ms)[0m  [1m[34mSELECT "decks".* FROM "decks" WHERE "decks"."id" = ? LIMIT ?[0m  [["id", 15], ["LIMIT", 1]]
  ↳ app/controllers/decks_controller.rb:39:in `edit'
  [1m[36mFlashcard Load (0.0ms)[0m  [1m[34mSELECT "flashcards".* FROM "flashcards" WHERE "flashcards"."deck_id" = ? ORDER BY "flashcards"."position" ASC, "flashcards"."id" ASC[0m  [["deck_id", 15]]
  ↳ app/controllers/decks_controller.rb:39:in `edit'
  Rendering layout layouts/application.html.erb
  Rendering decks/new.html.erb within layouts/application
  Rendered shared/_landing_header.html.erb (Duration: 1.6ms | Allocations: 729)
  Rendered decks/_flashcard_item.html.erb (Duration: 0.0ms | Allocations: 35)
  Rendered decks/_flashcard_item.html.erb (Duration: 0.0ms | Allocations: 26)
  Rendered decks/_flashcard_item.html.erb (Duration: 0.0ms | Allocations: 14)
  Rendered decks/new.html.erb within layouts/application (Duration: 2.4ms | Allocations: 1572)
  Rendered layout layouts/application.html.erb (Duration: 4.3ms | Allocations: 3280)
Completed 200 OK in 9ms (Views: 4.7ms | ActiveRecord: 0.2ms | Allocations: 5846)


Started GET "/decks/15/edit" for 127.0.0.1 at 2026-04-05 22:33:58 -0300
Processing by DecksController#edit as HTML
  Parameters: {"id"=>"15"}
  [1m[36mDeck Exists? (0.1ms)[0m  [1m[34mSELECT 1 AS one FROM "decks" LIMIT ?[0m  [["LIMIT", 1]]
  ↳ app/controllers/decks_controller.rb:38:in `edit'
  [1m[36mDeck Load (0.1ms)[0m  [1m[34mSELECT "decks".* FROM "decks" WHERE "decks"."id" = ? LIMIT ?[0m  [["id", 15], ["LIMIT", 1]]
  ↳ app/controllers/decks_controller.rb:39:in `edit'
  [1m[36mFlashcard Load (0.1ms)[0m  [1m[34mSELECT "flashcards".* FROM "flashcards" WHERE "flashcards"."deck_id" = ? ORDER BY "flashcards"."position" ASC, "flashcards"."id" ASC[0m  [["deck_id", 15]]
  ↳ app/controllers/decks_controller.rb:39:in `edit'
  Rendering layout layouts/application.html.erb
  Rendering decks/new.html.erb within layouts/application
  Rendered shared/_landing_header.html.erb (Duration: 1.8ms | Allocations: 729)
  Rendered decks/_flashcard_item.html.erb (Duration: 0.0ms | Allocations: 35)
  Rendered decks/_flashcard_item.html.erb (Duration: 0.0ms | Allocations: 26)
  Rendered decks/_flashcard_item.html.erb (Duration: 0.0ms | Allocations: 14)
  Rendered decks/new.html.erb within layouts/application (Duration: 2.7ms | Allocations: 1544)
  Rendered layout layouts/application.html.erb (Duration: 4.8ms | Allocations: 3252)
Completed 200 OK in 10ms (Views: 5.3ms | ActiveRecord: 0.3ms | Allocations: 5786)


Started GET "/.well-known/appspecific/com.chrome.devtools.json" for 127.0.0.1 at 2026-04-05 22:34:06 -0300
  
ActionController::RoutingError (No route matches [GET] "/.well-known/appspecific/com.chrome.devtools.json"):
  
Started GET "/decks" for 127.0.0.1 at 2026-04-05 22:34:31 -0300
Processing by DecksController#index as HTML
  Rendering layout layouts/application.html.erb
  Rendering decks/index.html.erb within layouts/application
  Rendered shared/_landing_header.html.erb (Duration: 1.6ms | Allocations: 733)
  [1m[36mDeck Exists? (0.1ms)[0m  [1m[34mSELECT 1 AS one FROM "decks" LIMIT ?[0m  [["LIMIT", 1]]
  ↳ app/views/decks/index.html.erb:19
  [1m[36mDeck Load (0.1ms)[0m  [1m[34mSELECT "decks".* FROM "decks" ORDER BY "decks"."updated_at" DESC[0m
  ↳ app/views/decks/index.html.erb:21
  [1m[36mFlashcard Load (0.1ms)[0m  [1m[34mSELECT "flashcards".* FROM "flashcards" WHERE "flashcards"."deck_id" IN (?, ?, ?) ORDER BY "flashcards"."position" ASC, "flashcards"."id" ASC[0m  [["deck_id", 15], ["deck_id", 14], ["deck_id", 7]]
  ↳ app/views/decks/index.html.erb:21
  Rendered decks/index.html.erb within layouts/application (Duration: 5.2ms | Allocations: 3669)
  Rendered layout layouts/application.html.erb (Duration: 7.2ms | Allocations: 5378)
Completed 200 OK in 9ms (Views: 7.4ms | ActiveRecord: 0.3ms | Allocations: 5685)


Started GET "/decks/15/edit" for 127.0.0.1 at 2026-04-05 22:35:09 -0300
Processing by DecksController#edit as HTML
  Parameters: {"id"=>"15"}
  [1m[36mDeck Exists? (0.0ms)[0m  [1m[34mSELECT 1 AS one FROM "decks" LIMIT ?[0m  [["LIMIT", 1]]
  ↳ app/controllers/decks_controller.rb:38:in `edit'
  [1m[36mDeck Load (0.0ms)[0m  [1m[34mSELECT "decks".* FROM "decks" WHERE "decks"."id" = ? LIMIT ?[0m  [["id", 15], ["LIMIT", 1]]
  ↳ app/controllers/decks_controller.rb:39:in `edit'
  [1m[36mFlashcard Load (0.0ms)[0m  [1m[34mSELECT "flashcards".* FROM "flashcards" WHERE "flashcards"."deck_id" = ? ORDER BY "flashcards"."position" ASC, "flashcards"."id" ASC[0m  [["deck_id", 15]]
  ↳ app/controllers/decks_controller.rb:39:in `edit'
  Rendering layout layouts/application.html.erb
  Rendering decks/new.html.erb within layouts/application
  Rendered shared/_landing_header.html.erb (Duration: 1.5ms | Allocations: 1219)
  Rendered decks/_flashcard_item.html.erb (Duration: 0.3ms | Allocations: 370)
  Rendered decks/_flashcard_item.html.erb (Duration: 0.0ms | Allocations: 26)
  Rendered decks/_flashcard_item.html.erb (Duration: 0.0ms | Allocations: 14)
  Rendered decks/new.html.erb within layouts/application (Duration: 4.4ms | Allocations: 3558)
  Rendered layout layouts/application.html.erb (Duration: 23.4ms | Allocations: 47459)
Completed 200 OK in 36ms (Views: 25.7ms | ActiveRecord: 1.8ms | Allocations: 61022)


Started GET "/decks" for 127.0.0.1 at 2026-04-05 22:35:12 -0300
Processing by DecksController#index as HTML
  Rendering layout layouts/application.html.erb
  Rendering decks/index.html.erb within layouts/application
  Rendered shared/_landing_header.html.erb (Duration: 2.4ms | Allocations: 729)
  [1m[36mDeck Exists? (0.1ms)[0m  [1m[34mSELECT 1 AS one FROM "decks" LIMIT ?[0m  [["LIMIT", 1]]
  ↳ app/views/decks/index.html.erb:19
  [1m[36mDeck Load (0.0ms)[0m  [1m[34mSELECT "decks".* FROM "decks" ORDER BY "decks"."updated_at" DESC[0m
  ↳ app/views/decks/index.html.erb:21
  [1m[36mFlashcard Load (0.1ms)[0m  [1m[34mSELECT "flashcards".* FROM "flashcards" WHERE "flashcards"."deck_id" IN (?, ?, ?) ORDER BY "flashcards"."position" ASC, "flashcards"."id" ASC[0m  [["deck_id", 15], ["deck_id", 14], ["deck_id", 7]]
  ↳ app/views/decks/index.html.erb:21
  Rendered decks/index.html.erb within layouts/application (Duration: 5.7ms | Allocations: 4334)
  Rendered layout layouts/application.html.erb (Duration: 7.6ms | Allocations: 6042)
Completed 200 OK in 10ms (Views: 7.8ms | ActiveRecord: 0.2ms | Allocations: 6477)


Started GET "/decks/15/edit" for 127.0.0.1 at 2026-04-05 22:35:13 -0300
Processing by DecksController#edit as HTML
  Parameters: {"id"=>"15"}
  [1m[36mDeck Exists? (0.1ms)[0m  [1m[34mSELECT 1 AS one FROM "decks" LIMIT ?[0m  [["LIMIT", 1]]
  ↳ app/controllers/decks_controller.rb:38:in `edit'
  [1m[36mDeck Load (0.1ms)[0m  [1m[34mSELECT "decks".* FROM "decks" WHERE "decks"."id" = ? LIMIT ?[0m  [["id", 15], ["LIMIT", 1]]
  ↳ app/controllers/decks_controller.rb:39:in `edit'
  [1m[36mFlashcard Load (0.1ms)[0m  [1m[34mSELECT "flashcards".* FROM "flashcards" WHERE "flashcards"."deck_id" = ? ORDER BY "flashcards"."position" ASC, "flashcards"."id" ASC[0m  [["deck_id", 15]]
  ↳ app/controllers/decks_controller.rb:39:in `edit'
  Rendering layout layouts/application.html.erb
  Rendering decks/new.html.erb within layouts/application
  Rendered shared/_landing_header.html.erb (Duration: 1.4ms | Allocations: 729)
  Rendered decks/_flashcard_item.html.erb (Duration: 0.0ms | Allocations: 35)
  Rendered decks/_flashcard_item.html.erb (Duration: 0.0ms | Allocations: 26)
  Rendered decks/_flashcard_item.html.erb (Duration: 0.0ms | Allocations: 14)
  Rendered decks/new.html.erb within layouts/application (Duration: 2.2ms | Allocations: 1532)
  Rendered layout layouts/application.html.erb (Duration: 3.6ms | Allocations: 3240)
Completed 200 OK in 11ms (Views: 4.0ms | ActiveRecord: 0.3ms | Allocations: 5808)


Started GET "/decks/new" for 127.0.0.1 at 2026-04-05 22:35:14 -0300
Processing by DecksController#new as HTML
  [1m[36mDeck Exists? (0.1ms)[0m  [1m[34mSELECT 1 AS one FROM "decks" LIMIT ?[0m  [["LIMIT", 1]]
  ↳ app/controllers/decks_controller.rb:29:in `new'
  [1m[36mDeck Maximum (0.1ms)[0m  [1m[34mSELECT MAX("decks"."created_at") FROM "decks"[0m
  ↳ app/controllers/decks_controller.rb:32:in `new'
  Rendering layout layouts/application.html.erb
  Rendering decks/new.html.erb within layouts/application
  Rendered shared/_landing_header.html.erb (Duration: 1.6ms | Allocations: 729)
  Rendered decks/_flashcard_item.html.erb (Duration: 0.0ms | Allocations: 26)
  Rendered decks/_flashcard_item.html.erb (Duration: 0.0ms | Allocations: 14)
  Rendered decks/new.html.erb within layouts/application (Duration: 2.3ms | Allocations: 1422)
  Rendered layout layouts/application.html.erb (Duration: 4.2ms | Allocations: 3134)
Completed 200 OK in 8ms (Views: 4.4ms | ActiveRecord: 0.2ms | Allocations: 4983)


Started GET "/.well-known/appspecific/com.chrome.devtools.json" for 127.0.0.1 at 2026-04-05 22:35:18 -0300
  
ActionController::RoutingError (No route matches [GET] "/.well-known/appspecific/com.chrome.devtools.json"):
  
Started GET "/" for 127.0.0.1 at 2026-04-05 22:35:23 -0300
Processing by HomeController#index as HTML
  [1m[36mDeck Exists? (0.2ms)[0m  [1m[34mSELECT 1 AS one FROM "decks" LIMIT ?[0m  [["LIMIT", 1]]
  ↳ app/controllers/home_controller.rb:3:in `index'
  Rendering layout layouts/application.html.erb
  Rendering home/index.html.erb within layouts/application
  Rendered shared/_landing_header.html.erb (Duration: 1.7ms | Allocations: 869)
  Rendered shared/_flashcard_flip.html.erb (Duration: 0.5ms | Allocations: 430)
  Rendered home/index.html.erb within layouts/application (Duration: 3.9ms | Allocations: 1843)
  Rendered layout layouts/application.html.erb (Duration: 6.2ms | Allocations: 3855)
Completed 200 OK in 23ms (Views: 9.9ms | ActiveRecord: 0.2ms | Allocations: 5047)


Started GET "/decks/start" for 127.0.0.1 at 2026-04-05 22:35:24 -0300
Processing by DecksController#start as HTML
  [1m[36mDeck Exists? (0.2ms)[0m  [1m[34mSELECT 1 AS one FROM "decks" LIMIT ?[0m  [["LIMIT", 1]]
  ↳ app/controllers/decks_controller.rb:3:in `start'
Redirected to http://127.0.0.1:3000/decks
Completed 302 Found in 3ms (ActiveRecord: 0.2ms | Allocations: 729)


Started GET "/decks" for 127.0.0.1 at 2026-04-05 22:35:24 -0300
Processing by DecksController#index as HTML
  Rendering layout layouts/application.html.erb
  Rendering decks/index.html.erb within layouts/application
  Rendered shared/_landing_header.html.erb (Duration: 1.2ms | Allocations: 736)
  [1m[36mDeck Exists? (0.1ms)[0m  [1m[34mSELECT 1 AS one FROM "decks" LIMIT ?[0m  [["LIMIT", 1]]
  ↳ app/views/decks/index.html.erb:19
  [1m[36mDeck Load (0.0ms)[0m  [1m[34mSELECT "decks".* FROM "decks" ORDER BY "decks"."updated_at" DESC[0m
  ↳ app/views/decks/index.html.erb:21
  [1m[36mFlashcard Load (0.1ms)[0m  [1m[34mSELECT "flashcards".* FROM "flashcards" WHERE "flashcards"."deck_id" IN (?, ?, ?) ORDER BY "flashcards"."position" ASC, "flashcards"."id" ASC[0m  [["deck_id", 15], ["deck_id", 14], ["deck_id", 7]]
  ↳ app/views/decks/index.html.erb:21
  Rendered decks/index.html.erb within layouts/application (Duration: 3.7ms | Allocations: 3750)
  Rendered layout layouts/application.html.erb (Duration: 5.5ms | Allocations: 5463)
Completed 200 OK in 7ms (Views: 5.6ms | ActiveRecord: 0.2ms | Allocations: 5792)


Started GET "/decks/15/practice" for 127.0.0.1 at 2026-04-05 22:35:25 -0300
Processing by DecksController#practice as HTML
  Parameters: {"id"=>"15"}
  [1m[36mDeck Load (0.1ms)[0m  [1m[34mSELECT "decks".* FROM "decks" WHERE "decks"."id" = ? LIMIT ?[0m  [["id", 15], ["LIMIT", 1]]
  ↳ app/controllers/decks_controller.rb:46:in `practice'
  [1m[36mFlashcard Load (0.1ms)[0m  [1m[34mSELECT "flashcards".* FROM "flashcards" WHERE "flashcards"."deck_id" = ? ORDER BY "flashcards"."position" ASC, "flashcards"."id" ASC[0m  [["deck_id", 15]]
  ↳ app/controllers/decks_controller.rb:46:in `practice'
  Rendering layout layouts/application.html.erb
  Rendering decks/practice.html.erb within layouts/application
  Rendered shared/_landing_header.html.erb (Duration: 1.4ms | Allocations: 729)
  Rendered shared/_flashcard_flip.html.erb (Duration: 0.0ms | Allocations: 30)
  Rendered decks/practice.html.erb within layouts/application (Duration: 2.3ms | Allocations: 1238)
  Rendered layout layouts/application.html.erb (Duration: 4.0ms | Allocations: 3129)
Completed 200 OK in 10ms (Views: 4.3ms | ActiveRecord: 0.2ms | Allocations: 5128)


Started GET "/decks" for 127.0.0.1 at 2026-04-05 22:35:26 -0300
Processing by DecksController#index as HTML
  Rendering layout layouts/application.html.erb
  Rendering decks/index.html.erb within layouts/application
  Rendered shared/_landing_header.html.erb (Duration: 2.3ms | Allocations: 729)
  [1m[36mDeck Exists? (0.2ms)[0m  [1m[34mSELECT 1 AS one FROM "decks" LIMIT ?[0m  [["LIMIT", 1]]
  ↳ app/views/decks/index.html.erb:19
  [1m[36mDeck Load (0.1ms)[0m  [1m[34mSELECT "decks".* FROM "decks" ORDER BY "decks"."updated_at" DESC[0m
  ↳ app/views/decks/index.html.erb:21
  [1m[36mFlashcard Load (0.4ms)[0m  [1m[34mSELECT "flashcards".* FROM "flashcards" WHERE "flashcards"."deck_id" IN (?, ?, ?) ORDER BY "flashcards"."position" ASC, "flashcards"."id" ASC[0m  [["deck_id", 15], ["deck_id", 14], ["deck_id", 7]]
  ↳ app/views/decks/index.html.erb:21
  Rendered decks/index.html.erb within layouts/application (Duration: 8.0ms | Allocations: 3659)
  Rendered layout layouts/application.html.erb (Duration: 11.3ms | Allocations: 5376)
Completed 200 OK in 13ms (Views: 11.2ms | ActiveRecord: 0.6ms | Allocations: 5684)


Started GET "/decks/15/edit" for 127.0.0.1 at 2026-04-05 22:35:27 -0300
Processing by DecksController#edit as HTML
  Parameters: {"id"=>"15"}
  [1m[36mDeck Exists? (0.1ms)[0m  [1m[34mSELECT 1 AS one FROM "decks" LIMIT ?[0m  [["LIMIT", 1]]
  ↳ app/controllers/decks_controller.rb:38:in `edit'
  [1m[36mDeck Load (0.1ms)[0m  [1m[34mSELECT "decks".* FROM "decks" WHERE "decks"."id" = ? LIMIT ?[0m  [["id", 15], ["LIMIT", 1]]
  ↳ app/controllers/decks_controller.rb:39:in `edit'
  [1m[36mFlashcard Load (0.1ms)[0m  [1m[34mSELECT "flashcards".* FROM "flashcards" WHERE "flashcards"."deck_id" = ? ORDER BY "flashcards"."position" ASC, "flashcards"."id" ASC[0m  [["deck_id", 15]]
  ↳ app/controllers/decks_controller.rb:39:in `edit'
  Rendering layout layouts/application.html.erb
  Rendering decks/new.html.erb within layouts/application
  Rendered shared/_landing_header.html.erb (Duration: 2.7ms | Allocations: 732)
  Rendered decks/_flashcard_item.html.erb (Duration: 0.1ms | Allocations: 35)
  Rendered decks/_flashcard_item.html.erb (Duration: 0.1ms | Allocations: 26)
  Rendered decks/_flashcard_item.html.erb (Duration: 1.7ms | Allocations: 14)
  Rendered decks/new.html.erb within layouts/application (Duration: 10.9ms | Allocations: 1575)
  Rendered layout layouts/application.html.erb (Duration: 22.8ms | Allocations: 3283)
Completed 200 OK in 33ms (Views: 24.2ms | ActiveRecord: 0.4ms | Allocations: 5838)


Started GET "/decks/15/edit" for 127.0.0.1 at 2026-04-05 22:47:38 -0300
Processing by DecksController#edit as HTML
  Parameters: {"id"=>"15"}
  [1m[36mDeck Exists? (1.2ms)[0m  [1m[34mSELECT 1 AS one FROM "decks" LIMIT ?[0m  [["LIMIT", 1]]
  ↳ app/controllers/decks_controller.rb:38:in `edit'
  [1m[36mDeck Load (0.0ms)[0m  [1m[34mSELECT "decks".* FROM "decks" WHERE "decks"."id" = ? LIMIT ?[0m  [["id", 15], ["LIMIT", 1]]
  ↳ app/controllers/decks_controller.rb:39:in `edit'
  [1m[36mFlashcard Load (0.2ms)[0m  [1m[34mSELECT "flashcards".* FROM "flashcards" WHERE "flashcards"."deck_id" = ? ORDER BY "flashcards"."position" ASC, "flashcards"."id" ASC[0m  [["deck_id", 15]]
  ↳ app/controllers/decks_controller.rb:39:in `edit'
  Rendering layout layouts/application.html.erb
  Rendering decks/new.html.erb within layouts/application
  Rendered shared/_landing_header.html.erb (Duration: 1.6ms | Allocations: 1212)
  Rendered decks/_flashcard_item.html.erb (Duration: 0.7ms | Allocations: 370)
  Rendered decks/_flashcard_item.html.erb (Duration: 0.0ms | Allocations: 26)
  Rendered decks/_flashcard_item.html.erb (Duration: 0.0ms | Allocations: 14)
  Rendered decks/new.html.erb within layouts/application (Duration: 4.7ms | Allocations: 3551)
  Rendered layout layouts/application.html.erb (Duration: 50.0ms | Allocations: 75562)
Completed 200 OK in 62ms (Views: 51.9ms | ActiveRecord: 1.9ms | Allocations: 88278)


Started GET "/" for 127.0.0.1 at 2026-04-05 22:47:39 -0300
Processing by HomeController#index as HTML
  [1m[36mDeck Exists? (0.2ms)[0m  [1m[34mSELECT 1 AS one FROM "decks" LIMIT ?[0m  [["LIMIT", 1]]
  ↳ app/controllers/home_controller.rb:3:in `index'
  Rendering layout layouts/application.html.erb
  Rendering home/index.html.erb within layouts/application
  Rendered shared/_landing_header.html.erb (Duration: 5.0ms | Allocations: 867)
  Rendered shared/_pwa_install_banner.html.erb (Duration: 0.7ms | Allocations: 136)
  Rendered shared/_flashcard_flip.html.erb (Duration: 1.2ms | Allocations: 430)
  Rendered home/index.html.erb within layouts/application (Duration: 11.2ms | Allocations: 2116)
  Rendered layout layouts/application.html.erb (Duration: 13.1ms | Allocations: 4140)
Completed 200 OK in 20ms (Views: 15.5ms | ActiveRecord: 0.1ms | Allocations: 5339)


Started GET "/" for 127.0.0.1 at 2026-04-05 22:47:40 -0300
Processing by HomeController#index as */*
  [1m[36mDeck Exists? (0.2ms)[0m  [1m[34mSELECT 1 AS one FROM "decks" LIMIT ?[0m  [["LIMIT", 1]]
  ↳ app/controllers/home_controller.rb:3:in `index'
  Rendering layout layouts/application.html.erb
  Rendering home/index.html.erb within layouts/application
  Rendered shared/_landing_header.html.erb (Duration: 1.5ms | Allocations: 732)
  Rendered shared/_pwa_install_banner.html.erb (Duration: 0.0ms | Allocations: 8)
  Rendered shared/_flashcard_flip.html.erb (Duration: 0.0ms | Allocations: 32)
  Rendered home/index.html.erb within layouts/application (Duration: 1.8ms | Allocations: 997)
  Rendered layout layouts/application.html.erb (Duration: 3.5ms | Allocations: 2910)
Completed 200 OK in 6ms (Views: 3.7ms | ActiveRecord: 0.2ms | Allocations: 3798)


Started GET "/" for 127.0.0.1 at 2026-04-05 22:47:46 -0300
Processing by HomeController#index as HTML
  [1m[36mDeck Exists? (0.1ms)[0m  [1m[34mSELECT 1 AS one FROM "decks" LIMIT ?[0m  [["LIMIT", 1]]
  ↳ app/controllers/home_controller.rb:3:in `index'
  Rendering layout layouts/application.html.erb
  Rendering home/index.html.erb within layouts/application
  Rendered shared/_landing_header.html.erb (Duration: 1.2ms | Allocations: 729)
  Rendered shared/_pwa_install_banner.html.erb (Duration: 0.0ms | Allocations: 8)
  Rendered shared/_flashcard_flip.html.erb (Duration: 0.0ms | Allocations: 32)
  Rendered home/index.html.erb within layouts/application (Duration: 1.4ms | Allocations: 994)
  Rendered layout layouts/application.html.erb (Duration: 2.9ms | Allocations: 2916)
Completed 200 OK in 5ms (Views: 3.1ms | ActiveRecord: 0.1ms | Allocations: 3718)


Started GET "/.well-known/appspecific/com.chrome.devtools.json" for 127.0.0.1 at 2026-04-05 22:47:50 -0300
  
ActionController::RoutingError (No route matches [GET] "/.well-known/appspecific/com.chrome.devtools.json"):
  
Started GET "/" for 127.0.0.1 at 2026-04-05 22:47:52 -0300
Processing by HomeController#index as HTML
  [1m[36mDeck Exists? (0.1ms)[0m  [1m[34mSELECT 1 AS one FROM "decks" LIMIT ?[0m  [["LIMIT", 1]]
  ↳ app/controllers/home_controller.rb:3:in `index'
  Rendering layout layouts/application.html.erb
  Rendering home/index.html.erb within layouts/application
  Rendered shared/_landing_header.html.erb (Duration: 1.3ms | Allocations: 729)
  Rendered shared/_pwa_install_banner.html.erb (Duration: 0.0ms | Allocations: 8)
  Rendered shared/_flashcard_flip.html.erb (Duration: 0.0ms | Allocations: 32)
  Rendered home/index.html.erb within layouts/application (Duration: 1.6ms | Allocations: 994)
  Rendered layout layouts/application.html.erb (Duration: 3.6ms | Allocations: 2910)
Completed 200 OK in 6ms (Views: 3.9ms | ActiveRecord: 0.1ms | Allocations: 3712)


Started GET "/.well-known/appspecific/com.chrome.devtools.json" for 127.0.0.1 at 2026-04-05 22:47:52 -0300
  
ActionController::RoutingError (No route matches [GET] "/.well-known/appspecific/com.chrome.devtools.json"):
  
Started GET "/" for 127.0.0.1 at 2026-04-05 22:48:04 -0300
Processing by HomeController#index as HTML
  [1m[36mDeck Exists? (0.1ms)[0m  [1m[34mSELECT 1 AS one FROM "decks" LIMIT ?[0m  [["LIMIT", 1]]
  ↳ app/controllers/home_controller.rb:3:in `index'
  Rendering layout layouts/application.html.erb
  Rendering home/index.html.erb within layouts/application
  Rendered shared/_landing_header.html.erb (Duration: 2.3ms | Allocations: 736)
  Rendered shared/_pwa_install_banner.html.erb (Duration: 0.0ms | Allocations: 8)
  Rendered shared/_flashcard_flip.html.erb (Duration: 0.1ms | Allocations: 32)
  Rendered home/index.html.erb within layouts/application (Duration: 2.9ms | Allocations: 1001)
  Rendered layout layouts/application.html.erb (Duration: 5.6ms | Allocations: 2925)
Completed 200 OK in 9ms (Views: 6.0ms | ActiveRecord: 0.1ms | Allocations: 3729)


Started GET "/.well-known/appspecific/com.chrome.devtools.json" for 127.0.0.1 at 2026-04-05 22:48:04 -0300
  
ActionController::RoutingError (No route matches [GET] "/.well-known/appspecific/com.chrome.devtools.json"):
  
Started GET "/" for 127.0.0.1 at 2026-04-05 22:48:17 -0300
Processing by HomeController#index as HTML
  [1m[36mDeck Exists? (0.1ms)[0m  [1m[34mSELECT 1 AS one FROM "decks" LIMIT ?[0m  [["LIMIT", 1]]
  ↳ app/controllers/home_controller.rb:3:in `index'
  Rendering layout layouts/application.html.erb
  Rendering home/index.html.erb within layouts/application
  Rendered shared/_landing_header.html.erb (Duration: 2.2ms | Allocations: 732)
  Rendered shared/_pwa_install_banner.html.erb (Duration: 0.0ms | Allocations: 8)
  Rendered shared/_flashcard_flip.html.erb (Duration: 0.0ms | Allocations: 32)
  Rendered home/index.html.erb within layouts/application (Duration: 2.5ms | Allocations: 997)
  Rendered layout layouts/application.html.erb (Duration: 4.6ms | Allocations: 2910)
Completed 200 OK in 7ms (Views: 5.0ms | ActiveRecord: 0.1ms | Allocations: 3713)


Started GET "/.well-known/appspecific/com.chrome.devtools.json" for 127.0.0.1 at 2026-04-05 22:48:17 -0300
  
ActionController::RoutingError (No route matches [GET] "/.well-known/appspecific/com.chrome.devtools.json"):
  
Started GET "/" for 127.0.0.1 at 2026-04-05 22:48:24 -0300
Processing by HomeController#index as HTML
  [1m[36mDeck Exists? (0.1ms)[0m  [1m[34mSELECT 1 AS one FROM "decks" LIMIT ?[0m  [["LIMIT", 1]]
  ↳ app/controllers/home_controller.rb:3:in `index'
  Rendering layout layouts/application.html.erb
  Rendering home/index.html.erb within layouts/application
  Rendered shared/_landing_header.html.erb (Duration: 2.0ms | Allocations: 736)
  Rendered shared/_pwa_install_banner.html.erb (Duration: 0.0ms | Allocations: 8)
  Rendered shared/_flashcard_flip.html.erb (Duration: 0.0ms | Allocations: 32)
  Rendered home/index.html.erb within layouts/application (Duration: 2.4ms | Allocations: 1001)
  Rendered layout layouts/application.html.erb (Duration: 4.3ms | Allocations: 2916)
Completed 200 OK in 7ms (Views: 4.6ms | ActiveRecord: 0.1ms | Allocations: 3720)


Started GET "/.well-known/appspecific/com.chrome.devtools.json" for 127.0.0.1 at 2026-04-05 22:48:24 -0300
  
ActionController::RoutingError (No route matches [GET] "/.well-known/appspecific/com.chrome.devtools.json"):
  
Started GET "/" for 127.0.0.1 at 2026-04-05 22:48:32 -0300
Processing by HomeController#index as HTML
  [1m[36mDeck Exists? (0.2ms)[0m  [1m[34mSELECT 1 AS one FROM "decks" LIMIT ?[0m  [["LIMIT", 1]]
  ↳ app/controllers/home_controller.rb:3:in `index'
  Rendering layout layouts/application.html.erb
  Rendering home/index.html.erb within layouts/application
  Rendered shared/_landing_header.html.erb (Duration: 2.2ms | Allocations: 736)
  Rendered shared/_pwa_install_banner.html.erb (Duration: 0.0ms | Allocations: 8)
  Rendered shared/_flashcard_flip.html.erb (Duration: 0.1ms | Allocations: 32)
  Rendered home/index.html.erb within layouts/application (Duration: 2.9ms | Allocations: 1001)
  Rendered layout layouts/application.html.erb (Duration: 4.8ms | Allocations: 2927)
Completed 200 OK in 8ms (Views: 5.3ms | ActiveRecord: 0.2ms | Allocations: 3730)


